route_id,service_id,trip_id,trip_headsign,trip_short_name,direction_id,shape_id,samtrafiken_internal_trip_number
9011001001000000,411,14010000702566590,,,1,3014010000309120140,30528
9011001001000000,411,14010000702567310,,,1,3014010000309120140,30561
9011001001000000,412,14010000702568838,,,1,3014010000309120140,30018
9011001001000000,412,14010000702569243,,,1,3014010000309120140,30051
9011001001000000,412,14010000702569333,,,1,3014010000309120140,30057
9011001001000000,412,14010000702569873,,,1,3014010000309120140,30085
9011001001000000,412,14010000702569963,,,1,3014010000309120140,30089
9011001001000000,412,14010000702570053,,,1,3014010000309120140,30093
9011001001000000,412,14010000702570143,,,1,3014010000309120140,30097
9011001001000000,412,14010000702570413,,,1,3014010000309120140,30109
9011001001000000,412,14010000702570503,,,1,3014010000309120140,30113
9011001001000000,412,14010000702570953,,,1,3014010000309120140,30133
9011001001000000,412,14010000702571313,,,1,3014010000309120140,30150
9011001001000000,412,14010000702571672,,,1,3014010000309120140,30167
9011001001000000,412,14010000702571917,,,1,3014010000309120140,30178
9011001001000000,412,14010000702572244,,,1,3014010000309120140,30197
9011001001000000,412,14010000702572416,,,1,3014010000309120140,30207
9011001001000000,412,14010000702572588,,,1,3014010000309120140,30215
9011001001000000,389,14010000702565713,,,1,3014010000309120140,34349
9011001001000000,412,14010000702569018,,,1,3014010000309120140,30032
9011001001000000,412,14010000702569130,,,1,3014010000309120140,30041
9011001001000000,412,14010000702569603,,,1,3014010000309120140,30073
9011001001000000,412,14010000702569783,,,1,3014010000309120140,30081
9011001001000000,412,14010000702570593,,,1,3014010000309120140,30117
9011001001000000,412,14010000702571043,,,1,3014010000309120140,30137
9011001001000000,412,14010000702571403,,,1,3014010000309120140,30155
9011001001000000,412,14010000702572005,,,1,3014010000309120140,30182
9011001001000000,412,14010000702572502,,,1,3014010000309120140,30211
9011001001000000,412,14010000702572846,,,1,3014010000309120140,30227
9011001001000000,412,14010000702573190,,,1,3014010000309120140,30243
9011001001000000,412,14010000702573276,,,1,3014010000309120140,30247
9011001001000000,412,14010000702573362,,,1,3014010000309120140,30251
9011001001000000,412,14010000702573448,,,1,3014010000309120140,30255
9011001001000000,412,14010000702573706,,,1,3014010000309120140,30267
9011001001000000,389,14010000702560223,,,1,3014010000309120140,34097
9011001001000000,389,14010000702561303,,,1,3014010000309120140,34145
9011001001000000,411,14010000702566950,,,1,3014010000309120140,30545
9011001001000000,412,14010000702568928,,,1,3014010000309120140,30024
9011001001000000,412,14010000702569513,,,1,3014010000309120140,30068
9011001001000000,412,14010000702570683,,,1,3014010000309120140,30121
9011001001000000,412,14010000702570773,,,1,3014010000309120140,30125
9011001001000000,411,14010000702570863,,,1,3014010000309120140,30129
9011001001000000,412,14010000702571133,,,1,3014010000309120140,30141
9011001001000000,412,14010000702571223,,,1,3014010000309120140,30145
9011001001000000,412,14010000702571492,,,1,3014010000309120140,30159
9011001001000000,412,14010000702571762,,,1,3014010000309120140,30171
9011001001000000,412,14010000702572072,,,1,3014010000309120140,30187
9011001001000000,412,14010000702572330,,,1,3014010000309120140,30202
9011001001000000,412,14010000702573018,,,1,3014010000309120140,30235
9011001001000000,412,14010000702573104,,,1,3014010000309120140,30239
9011001001000000,412,14010000702573534,,,1,3014010000309120140,30259
9011001001000000,412,14010000702573620,,,1,3014010000309120140,30263
9011001001000000,412,14010000702573964,,,1,3014010000309120140,30279
9011001001000000,412,14010000702574050,,,1,3014010000309120140,30283
9011001001000000,412,14010000702574308,,,1,3014010000309120140,30296
9011001001000000,412,14010000702574881,,,1,3014010000309120140,30327
9011001001000000,412,14010000702574971,,,1,3014010000309120140,30332
9011001001000000,412,14010000702575511,,,1,3014010000309120140,30357
9011001001000000,412,14010000702575961,,,1,3014010000309120140,30377
9011001001000000,412,14010000702574394,,,1,3014010000309120140,30301
9011001001000000,412,14010000702574590,,,1,3014010000309120140,30312
9011001001000000,412,14010000702574702,,,1,3014010000309120140,30319
9011001001000000,411,14010000702575151,,,1,3014010000309120140,30341
9011001001000000,412,14010000702575691,,,1,3014010000309120140,30365
9011001001000000,412,14010000702575781,,,1,3014010000309120140,30369
9011001001000000,412,14010000702575871,,,1,3014010000309120140,30373
9011001001000000,412,14010000702576411,,,1,3014010000309120140,30397
9011001001000000,412,14010000702576501,,,1,3014010000309120140,30401
9011001001000000,412,14010000702577311,,,1,3014010000309120140,30439
9011001001000000,412,14010000702577794,,,1,3014010000309120140,30466
9011001001000000,412,14010000702577880,,,1,3014010000309120140,30471
9011001001000000,412,14010000702578052,,,1,3014010000309120140,30479
9011001001000000,412,14010000702578138,,,1,3014010000309120140,30485
9011001001000000,413,14010000702578224,,,1,3014010000309120140,30490
9011001001000000,413,14010000702578785,,,1,3014010000309120140,30525
9011001001000000,413,14010000702578832,,,1,3014010000309120140,30529
9011001001000000,412,14010000702576771,,,1,3014010000309120140,30413
9011001001000000,412,14010000702576861,,,1,3014010000309120140,30417
9011001001000000,412,14010000702576951,,,1,3014010000309120140,30422
9011001001000000,412,14010000702577378,,,1,3014010000309120140,30442
9011001001000000,412,14010000702577966,,,1,3014010000309120140,30475
9011001001000000,414,14010000702578396,,,1,3014010000309120140,32499
9011001001000000,412,14010000702574791,,,1,3014010000309120140,30323
9011001001000000,412,14010000702575241,,,1,3014010000309120140,30345
9011001001000000,412,14010000702575331,,,1,3014010000309120140,30349
9011001001000000,412,14010000702575421,,,1,3014010000309120140,30353
9011001001000000,412,14010000702576051,,,1,3014010000309120140,30381
9011001001000000,411,14010000702576591,,,1,3014010000309120140,30405
9011001001000000,412,14010000702577041,,,1,3014010000309120140,30427
9011001001000000,412,14010000702577468,,,1,3014010000309120140,30446
9011001001000000,412,14010000702577622,,,1,3014010000309120140,30457
9011001001000000,413,14010000702578482,,,1,3014010000309120140,30504
9011001001000000,413,14010000702578546,,,1,3014010000309120140,30507
9011001001000000,413,14010000702578632,,,1,3014010000309120140,30514
9011001001000000,413,14010000702578718,,,1,3014010000309120140,30520
9011001001000000,411,14010000702569423,,,1,3014010000309120140,30063
9011001001000000,412,14010000702569693,,,1,3014010000309120140,30077
9011001001000000,412,14010000702570233,,,1,3014010000309120140,30101
9011001001000000,412,14010000702570323,,,1,3014010000309120140,30105
9011001001000000,412,14010000702571582,,,1,3014010000309120140,30163
9011001001000000,412,14010000702571851,,,1,3014010000309120140,30175
9011001001000000,412,14010000702572158,,,1,3014010000309120140,30193
9011001001000000,412,14010000702572674,,,1,3014010000309120140,30219
9011001001000000,412,14010000702572760,,,1,3014010000309120140,30223
9011001001000000,412,14010000702572932,,,1,3014010000309120140,30231
9011001001000000,412,14010000702573792,,,1,3014010000309120140,30271
9011001001000000,412,14010000702573878,,,1,3014010000309120140,30275
9011001001000000,412,14010000702574136,,,1,3014010000309120140,30287
9011001001000000,412,14010000702574222,,,1,3014010000309120140,30291
9011001001000000,412,14010000702574480,,,1,3014010000309120140,30305
9011001001000000,412,14010000702575061,,,1,3014010000309120140,30336
9011001001000000,412,14010000702575601,,,1,3014010000309120140,30361
9011001001000000,412,14010000702576141,,,1,3014010000309120140,30385
9011001001000000,412,14010000702576231,,,1,3014010000309120140,30389
9011001001000000,412,14010000702576321,,,1,3014010000309120140,30393
9011001001000000,412,14010000702576681,,,1,3014010000309120140,30409
9011001001000000,412,14010000702577131,,,1,3014010000309120140,30431
9011001001000000,412,14010000702577221,,,1,3014010000309120140,30435
9011001001000000,412,14010000702577536,,,1,3014010000309120140,30451
9011001001000000,412,14010000702577708,,,1,3014010000309120140,30461
9011001001000000,413,14010000702578310,,,1,3014010000309120140,30494
9011001001000000,413,14010000705812685,,,1,3014010000309120140,30533
9011001001000000,413,14010000705812772,,,1,3014010000309120140,30537
9011001001000000,414,14010000705813725,,,1,3014010000309120140,32581
9011001001000000,414,14010000705813811,,,1,3014010000309120140,32585
9011001001000000,414,14010000705813964,,,1,3014010000309120140,32597
9011001001000000,414,14010000705814052,,,1,3014010000309120140,32604
9011001001000000,414,14010000705814140,,,1,3014010000309120140,32608
9011001001000000,414,14010000705814314,,,1,3014010000309120140,32616
9011001001000000,389,14010000705801835,,,1,3014010000309120140,34088
9011001001000000,389,14010000705802120,,,1,3014010000309120140,34105
9011001001000000,413,14010000705813031,,,1,3014010000309120140,30549
9011001001000000,413,14010000705813118,,,1,3014010000309120140,30553
9011001001000000,414,14010000705813638,,,1,3014010000309120140,32577
9011001001000000,414,14010000705814226,,,1,3014010000309120140,32612
9011001001000000,389,14010000705801921,,,1,3014010000309120140,34093
9011001001000000,389,14010000705802073,,,1,3014010000309120140,34101
9011001001000000,389,14010000705802167,,,1,3014010000309120140,34109
9011001001000000,413,14010000705812858,,,1,3014010000309120140,30541
9011001001000000,414,14010000705813292,,,1,3014010000309120140,32561
9011001001000000,414,14010000705813464,,,1,3014010000309120140,32569
9011001001000000,414,14010000705813551,,,1,3014010000309120140,32573
9011001001000000,414,14010000705813878,,,1,3014010000309120140,32590
9011001001000000,414,14010000705814401,,,1,3014010000309120140,32620
9011001001000000,414,14010000705814465,,,1,3014010000309120140,32624
9011001001000000,389,14010000705801769,,,1,3014010000309120140,34083
9011001001000000,413,14010000705812945,,,1,3014010000309120140,30545
9011001001000000,414,14010000705813205,,,1,3014010000309120140,32557
9011001001000000,414,14010000705813378,,,1,3014010000309120140,32565
9011001001000000,413,14010000713075951,,,1,3014010000309120140,30573
9011001001000000,413,14010000713075801,,,1,3014010000309120140,30559
9011001001000000,413,14010000713075887,,,1,3014010000309120140,30568
9011001001000000,389,14010000732443433,,,1,3014010000309120140,34026
9011001001000000,389,14010000732443863,,,1,3014010000309120140,34048
9011001001000000,389,14010000732443949,,,1,3014010000309120140,34052
9011001001000000,389,14010000732444379,,,1,3014010000309120140,34075
9011001001000000,389,14010000732444913,,,1,3014010000309120140,34237
9011001001000000,389,14010000732445945,,,1,3014010000309120140,34285
9011001001000000,389,14010000732446031,,,1,3014010000309120140,34289
9011001001000000,389,14010000732446203,,,1,3014010000309120140,34297
9011001001000000,389,14010000732446461,,,1,3014010000309120140,34312
9011001001000000,389,14010000732446766,,,1,3014010000309120140,34329
9011001001000000,413,14010000732449819,,,1,3014010000309120140,30129
9011001001000000,389,14010000732443347,,,1,3014010000309120140,34016
9011001001000000,389,14010000732443605,,,1,3014010000309120140,34036
9011001001000000,389,14010000732445171,,,1,3014010000309120140,34249
9011001001000000,389,14010000732445257,,,1,3014010000309120140,34253
9011001001000000,389,14010000732445343,,,1,3014010000309120140,34257
9011001001000000,389,14010000732445429,,,1,3014010000309120140,34261
9011001001000000,389,14010000732445515,,,1,3014010000309120140,34265
9011001001000000,389,14010000732445601,,,1,3014010000309120140,34269
9011001001000000,389,14010000732445687,,,1,3014010000309120140,34273
9011001001000000,389,14010000732445859,,,1,3014010000309120140,34281
9011001001000000,389,14010000732446375,,,1,3014010000309120140,34306
9011001001000000,389,14010000732446699,,,1,3014010000309120140,34325
9011001001000000,389,14010000732443777,,,1,3014010000309120140,34044
9011001001000000,389,14010000732444207,,,1,3014010000309120140,34064
9011001001000000,389,14010000732445085,,,1,3014010000309120140,34245
9011001001000000,389,14010000732445773,,,1,3014010000309120140,34277
9011001001000000,389,14010000732446527,,,1,3014010000309120140,34317
9011001001000000,389,14010000732446613,,,1,3014010000309120140,34321
9011001001000000,413,14010000732450061,,,1,3014010000309120140,30341
9011001001000000,413,14010000732439740,,,1,3014010000309120140,30499
9011001001000000,389,14010000732443519,,,1,3014010000309120140,34031
9011001001000000,389,14010000732443691,,,1,3014010000309120140,34040
9011001001000000,389,14010000732444035,,,1,3014010000309120140,34056
9011001001000000,389,14010000732444121,,,1,3014010000309120140,34060
9011001001000000,389,14010000732444293,,,1,3014010000309120140,34068
9011001001000000,389,14010000732444847,,,1,3014010000309120140,34233
9011001001000000,389,14010000732444999,,,1,3014010000309120140,34241
9011001001000000,389,14010000732446117,,,1,3014010000309120140,34293
9011001001000000,389,14010000732446289,,,1,3014010000309120140,34301
9011001001000000,389,14010000732446852,,,1,3014010000309120140,34333
9011001001000000,413,14010000732449673,,,1,3014010000309120140,30063
9011001001000000,413,14010000732450207,,,1,3014010000309120140,30405
9011001001000000,385,14010100702561303,,,1,3014010000309120140,36145
9011001001000000,414,14010100702569603,,,1,3014010000309120140,32073
9011001001000000,414,14010100702569783,,,1,3014010000309120140,32081
9011001001000000,414,14010100702570233,,,1,3014010000309120140,32101
9011001001000000,414,14010100702570323,,,1,3014010000309120140,32105
9011001001000000,414,14010100702570413,,,1,3014010000309120140,32109
9011001001000000,414,14010100702570773,,,1,3014010000309120140,32125
9011001001000000,414,14010100702571403,,,1,3014010000309120140,32155
9011001001000000,414,14010100702571917,,,1,3014010000309120140,32178
9011001001000000,414,14010100702572502,,,1,3014010000309120140,32211
9011001001000000,414,14010100702568838,,,1,3014010000309120140,32018
9011001001000000,414,14010100702568928,,,1,3014010000309120140,32024
9011001001000000,414,14010100702569513,,,1,3014010000309120140,32068
9011001001000000,414,14010100702569873,,,1,3014010000309120140,32085
9011001001000000,414,14010100702570143,,,1,3014010000309120140,32097
9011001001000000,414,14010100702570593,,,1,3014010000309120140,32117
9011001001000000,414,14010100702572760,,,1,3014010000309120140,32223
9011001001000000,414,14010100702572846,,,1,3014010000309120140,32227
9011001001000000,414,14010100702573276,,,1,3014010000309120140,32247
9011001001000000,414,14010100702573878,,,1,3014010000309120140,32275
9011001001000000,414,14010100702573964,,,1,3014010000309120140,32279
9011001001000000,414,14010100702574050,,,1,3014010000309120140,32283
9011001001000000,414,14010100702574394,,,1,3014010000309120140,32301
9011001001000000,414,14010100702574971,,,1,3014010000309120140,32332
9011001001000000,414,14010100702571851,,,1,3014010000309120140,32175
9011001001000000,414,14010100702572674,,,1,3014010000309120140,32219
9011001001000000,414,14010100702573190,,,1,3014010000309120140,32243
9011001001000000,414,14010100702573362,,,1,3014010000309120140,32251
9011001001000000,414,14010100702573534,,,1,3014010000309120140,32259
9011001001000000,414,14010100702573706,,,1,3014010000309120140,32267
9011001001000000,414,14010100702575061,,,1,3014010000309120140,32336
9011001001000000,385,14010100702565713,,,1,3014010000309120140,36349
9011001001000000,414,14010100702569130,,,1,3014010000309120140,32041
9011001001000000,414,14010100702569333,,,1,3014010000309120140,32057
9011001001000000,414,14010100702569693,,,1,3014010000309120140,32077
9011001001000000,414,14010100702569963,,,1,3014010000309120140,32089
9011001001000000,414,14010100702576231,,,1,3014010000309120140,32389
9011001001000000,414,14010100702576321,,,1,3014010000309120140,32393
9011001001000000,414,14010100702576681,,,1,3014010000309120140,32409
9011001001000000,414,14010100702576771,,,1,3014010000309120140,32413
9011001001000000,414,14010100702577468,,,1,3014010000309120140,32446
9011001001000000,414,14010100702577622,,,1,3014010000309120140,32457
9011001001000000,414,14010100702577966,,,1,3014010000309120140,32475
9011001001000000,414,14010100702578052,,,1,3014010000309120140,32479
9011001001000000,411,14010100702578224,,,1,3014010000309120140,30491
9011001001000000,411,14010100702578546,,,1,3014010000309120140,30515
9011001001000000,414,14010100702575781,,,1,3014010000309120140,32369
9011001001000000,414,14010100702577794,,,1,3014010000309120140,32466
9011001001000000,411,14010100702578632,,,1,3014010000309120140,30522
9011001001000000,414,14010100702570683,,,1,3014010000309120140,32121
9011001001000000,415,14010100702570863,,,1,3014010000309120140,32129
9011001001000000,414,14010100702570953,,,1,3014010000309120140,32133
9011001001000000,414,14010100702571043,,,1,3014010000309120140,32137
9011001001000000,414,14010100702571582,,,1,3014010000309120140,32163
9011001001000000,414,14010100702571762,,,1,3014010000309120140,32171
9011001001000000,414,14010100702572072,,,1,3014010000309120140,32187
9011001001000000,414,14010100702572158,,,1,3014010000309120140,32193
9011001001000000,414,14010100702572330,,,1,3014010000309120140,32202
9011001001000000,414,14010100702572588,,,1,3014010000309120140,32215
9011001001000000,414,14010100702572932,,,1,3014010000309120140,32231
9011001001000000,411,14010100702578832,,,1,3014010000309120140,30537
9011001001000000,414,14010100702573448,,,1,3014010000309120140,32255
9011001001000000,414,14010100702573620,,,1,3014010000309120140,32263
9011001001000000,414,14010100702573792,,,1,3014010000309120140,32271
9011001001000000,414,14010100702574136,,,1,3014010000309120140,32287
9011001001000000,414,14010100702574222,,,1,3014010000309120140,32291
9011001001000000,414,14010100702574308,,,1,3014010000309120140,32296
9011001001000000,414,14010100702574702,,,1,3014010000309120140,32319
9011001001000000,414,14010100702574881,,,1,3014010000309120140,32327
9011001001000000,415,14010100702575151,,,1,3014010000309120140,32341
9011001001000000,414,14010100702575241,,,1,3014010000309120140,32345
9011001001000000,414,14010100702575421,,,1,3014010000309120140,32353
9011001001000000,414,14010100702575511,,,1,3014010000309120140,32357
9011001001000000,414,14010100702575691,,,1,3014010000309120140,32365
9011001001000000,414,14010100702575871,,,1,3014010000309120140,32373
9011001001000000,414,14010100702575961,,,1,3014010000309120140,32377
9011001001000000,414,14010100702576051,,,1,3014010000309120140,32381
9011001001000000,411,14010100705812685,,,1,3014010000309120140,30541
9011001001000000,411,14010100705813031,,,1,3014010000309120140,30557
9011001001000000,389,14010100705813638,,,1,3014010000309120140,34455
9011001001000000,389,14010100705813811,,,1,3014010000309120140,34463
9011001001000000,414,14010100702576411,,,1,3014010000309120140,32397
9011001001000000,415,14010100702576591,,,1,3014010000309120140,32405
9011001001000000,414,14010100702576861,,,1,3014010000309120140,32417
9011001001000000,414,14010100702577041,,,1,3014010000309120140,32427
9011001001000000,414,14010100702577131,,,1,3014010000309120140,32431
9011001001000000,414,14010100702577708,,,1,3014010000309120140,32461
9011001001000000,414,14010100702578138,,,1,3014010000309120140,32485
9011001001000000,411,14010100702578310,,,1,3014010000309120140,30496
9011001001000000,389,14010100702578396,,,1,3014010000309120140,34377
9011001001000000,411,14010100702578785,,,1,3014010000309120140,30533
9011001001000000,389,14010100705813964,,,1,3014010000309120140,34475
9011001001000000,389,14010100705814052,,,1,3014010000309120140,34482
9011001001000000,389,14010100705814314,,,1,3014010000309120140,34494
9011001001000000,389,14010100705814401,,,1,3014010000309120140,34498
9011001001000000,385,14010100705801835,,,1,3014010000309120140,36088
9011001001000000,385,14010100705802120,,,1,3014010000309120140,36105
9011001001000000,414,14010100705812772,,,1,3014010000309120140,32537
9011001001000000,385,14010100705801769,,,1,3014010000309120140,36083
9011001001000000,385,14010100705802073,,,1,3014010000309120140,36101
9011001001000000,385,14010100705802167,,,1,3014010000309120140,36109
9011001001000000,411,14010100705812858,,,1,3014010000309120140,30549
9011001001000000,414,14010100705813118,,,1,3014010000309120140,32553
9011001001000000,389,14010100705813205,,,1,3014010000309120140,34435
9011001001000000,389,14010100705814140,,,1,3014010000309120140,34486
9011001001000000,389,14010100705814465,,,1,3014010000309120140,34502
9011001001000000,389,14010100705813464,,,1,3014010000309120140,34447
9011001001000000,389,14010100705813551,,,1,3014010000309120140,34451
9011001001000000,389,14010100705813725,,,1,3014010000309120140,34459
9011001001000000,389,14010100705813878,,,1,3014010000309120140,34468
9011001001000000,411,14010100713075801,,,1,3014010000309120140,30567
9011001001000000,411,14010100713075887,,,1,3014010000309120140,30576
9011001001000000,385,14010100702560223,,,1,3014010000309120140,36097
9011001001000000,414,14010100702569018,,,1,3014010000309120140,32032
9011001001000000,414,14010100702569243,,,1,3014010000309120140,32051
9011001001000000,415,14010100702569423,,,1,3014010000309120140,32063
9011001001000000,414,14010100702570053,,,1,3014010000309120140,32093
9011001001000000,414,14010100702570503,,,1,3014010000309120140,32113
9011001001000000,414,14010100702571133,,,1,3014010000309120140,32141
9011001001000000,414,14010100702571223,,,1,3014010000309120140,32145
9011001001000000,414,14010100702571313,,,1,3014010000309120140,32151
9011001001000000,414,14010100702571492,,,1,3014010000309120140,32159
9011001001000000,414,14010100702571672,,,1,3014010000309120140,32167
9011001001000000,414,14010100702572005,,,1,3014010000309120140,32182
9011001001000000,414,14010100702572244,,,1,3014010000309120140,32197
9011001001000000,414,14010100702572416,,,1,3014010000309120140,32207
9011001001000000,414,14010100702573018,,,1,3014010000309120140,32235
9011001001000000,414,14010100702573104,,,1,3014010000309120140,32239
9011001001000000,414,14010100702574480,,,1,3014010000309120140,32305
9011001001000000,414,14010100702574590,,,1,3014010000309120140,32312
9011001001000000,414,14010100702574791,,,1,3014010000309120140,32323
9011001001000000,414,14010100702575331,,,1,3014010000309120140,32349
9011001001000000,414,14010100702575601,,,1,3014010000309120140,32361
9011001001000000,414,14010100702576141,,,1,3014010000309120140,32385
9011001001000000,414,14010100702576501,,,1,3014010000309120140,32401
9011001001000000,414,14010100702576951,,,1,3014010000309120140,32422
9011001001000000,414,14010100702577221,,,1,3014010000309120140,32435
9011001001000000,414,14010100702577311,,,1,3014010000309120140,32439
9011001001000000,414,14010100702577378,,,1,3014010000309120140,32442
9011001001000000,414,14010100702577536,,,1,3014010000309120140,32451
9011001001000000,414,14010100702577880,,,1,3014010000309120140,32471
9011001001000000,385,14010100732443777,,,1,3014010000309120140,36044
9011001001000000,385,14010100732443863,,,1,3014010000309120140,36048
9011001001000000,385,14010100732444999,,,1,3014010000309120140,36241
9011001001000000,385,14010100732445085,,,1,3014010000309120140,36245
9011001001000000,385,14010100732446031,,,1,3014010000309120140,36289
9011001001000000,385,14010100732443949,,,1,3014010000309120140,36052
9011001001000000,385,14010100732444035,,,1,3014010000309120140,36056
9011001001000000,385,14010100732444847,,,1,3014010000309120140,36233
9011001001000000,385,14010100732445773,,,1,3014010000309120140,36277
9011001001000000,385,14010100732445945,,,1,3014010000309120140,36285
9011001001000000,385,14010100732446375,,,1,3014010000309120140,36306
9011001001000000,385,14010100732446527,,,1,3014010000309120140,36317
9011001001000000,385,14010100732446613,,,1,3014010000309120140,36321
9011001001000000,385,14010100732446766,,,1,3014010000309120140,36329
9011001001000000,416,14010100732450061,,,1,3014010000309120140,32341
9011001001000000,416,14010100732450207,,,1,3014010000309120140,32405
9011001001000000,411,14010100732439740,,,1,3014010000309120140,30504
9011001001000000,385,14010100732443347,,,1,3014010000309120140,36016
9011001001000000,385,14010100732443433,,,1,3014010000309120140,36026
9011001001000000,385,14010100732443605,,,1,3014010000309120140,36036
9011001001000000,385,14010100732443691,,,1,3014010000309120140,36040
9011001001000000,385,14010100732444121,,,1,3014010000309120140,36060
9011001001000000,385,14010100732444379,,,1,3014010000309120140,36075
9011001001000000,385,14010100732444913,,,1,3014010000309120140,36237
9011001001000000,385,14010100732445171,,,1,3014010000309120140,36249
9011001001000000,385,14010100732445601,,,1,3014010000309120140,36269
9011001001000000,385,14010100732445859,,,1,3014010000309120140,36281
9011001001000000,385,14010100732446289,,,1,3014010000309120140,36301
9011001001000000,385,14010100732446461,,,1,3014010000309120140,36312
9011001001000000,385,14010100732446852,,,1,3014010000309120140,36333
9011001001000000,416,14010100732449673,,,1,3014010000309120140,32063
9011001001000000,416,14010100732449819,,,1,3014010000309120140,32129
9011001001000000,411,14010100702578482,,,1,3014010000309120140,30510
9011001001000000,414,14010100702578718,,,1,3014010000309120140,32520
9011001001000000,385,14010100705801921,,,1,3014010000309120140,36093
9011001001000000,411,14010100705812945,,,1,3014010000309120140,30553
9011001001000000,389,14010100705813292,,,1,3014010000309120140,34439
9011001001000000,389,14010100705813378,,,1,3014010000309120140,34443
9011001001000000,389,14010100705814226,,,1,3014010000309120140,34490
9011001001000000,389,14010200702572158,,,1,3014010000309120140,34113
9011001001000000,389,14010200702572416,,,1,3014010000309120140,34125
9011001001000000,389,14010200702573276,,,1,3014010000309120140,34169
9011001001000000,389,14010200702573448,,,1,3014010000309120140,34177
9011001001000000,389,14010200702573620,,,1,3014010000309120140,34185
9011001001000000,389,14010200702573706,,,1,3014010000309120140,34189
9011001001000000,389,14010200702573792,,,1,3014010000309120140,34193
9011001001000000,389,14010200702574050,,,1,3014010000309120140,34205
9011001001000000,389,14010200702574136,,,1,3014010000309120140,34209
9011001001000000,389,14010200702574308,,,1,3014010000309120140,34217
9011001001000000,389,14010200702574480,,,1,3014010000309120140,34225
9011001001000000,389,14010200702577966,,,1,3014010000309120140,34353
9011001001000000,389,14010200702572330,,,1,3014010000309120140,34121
9011001001000000,389,14010200702573190,,,1,3014010000309120140,34165
9011001001000000,389,14010200702573362,,,1,3014010000309120140,34173
9011001001000000,389,14010200702573534,,,1,3014010000309120140,34181
9011001001000000,389,14010200702574222,,,1,3014010000309120140,34213
9011001001000000,389,14010200702577622,,,1,3014010000309120140,34337
9011001001000000,389,14010200702577708,,,1,3014010000309120140,34341
9011001001000000,389,14010200702577794,,,1,3014010000309120140,34345
9011001001000000,389,14010200702578052,,,1,3014010000309120140,34357
9011001001000000,389,14010200702578138,,,1,3014010000309120140,34363
9011001001000000,414,14010200702578482,,,1,3014010000309120140,32504
9011001001000000,414,14010200705812858,,,1,3014010000309120140,32541
9011001001000000,414,14010200705812945,,,1,3014010000309120140,32545
9011001001000000,389,14010200702572502,,,1,3014010000309120140,34129
9011001001000000,389,14010200702572674,,,1,3014010000309120140,34137
9011001001000000,389,14010200702572760,,,1,3014010000309120140,34141
9011001001000000,389,14010200702572932,,,1,3014010000309120140,34149
9011001001000000,414,14010200702578632,,,1,3014010000309120140,32514
9011001001000000,389,14010200702578718,,,1,3014010000309120140,34398
9011001001000000,411,14010100713075951,,,1,3014010000309120140,30581
9011001001000000,414,14010200702578224,,,1,3014010000309120140,32490
9011001001000000,414,14010200702578310,,,1,3014010000309120140,32494
9011001001000000,385,14010200702578396,,,1,3014010000309120140,36377
9011001001000000,414,14010200702578546,,,1,3014010000309120140,32507
9011001001000000,414,14010200702578785,,,1,3014010000309120140,32525
9011001001000000,414,14010200702578832,,,1,3014010000309120140,32529
9011001001000000,385,14010200713075887,,,1,3014010000309120140,36446
9011001001000000,389,14010200705812772,,,1,3014010000309120140,34415
9011001001000000,414,14010200705813031,,,1,3014010000309120140,32549
9011001001000000,389,14010200705813118,,,1,3014010000309120140,34431
9011001001000000,385,14010200713075801,,,1,3014010000309120140,36437
9011001001000000,385,14010300702572158,,,1,3014010000309120140,36113
9011001001000000,385,14010300702572416,,,1,3014010000309120140,36125
9011001001000000,385,14010300702572502,,,1,3014010000309120140,36129
9011001001000000,385,14010300702572588,,,1,3014010000309120140,36133
9011001001000000,385,14010300702572674,,,1,3014010000309120140,36137
9011001001000000,385,14010300702573104,,,1,3014010000309120140,36160
9011001001000000,385,14010300702573620,,,1,3014010000309120140,36185
9011001001000000,385,14010300702573706,,,1,3014010000309120140,36189
9011001001000000,385,14010300702574394,,,1,3014010000309120140,36221
9011001001000000,385,14010300702577708,,,1,3014010000309120140,36341
9011001001000000,385,14010300702578138,,,1,3014010000309120140,36363
9011001001000000,389,14010300702578546,,,1,3014010000309120140,34385
9011001001000000,389,14010300702578632,,,1,3014010000309120140,34392
9011001001000000,385,14010300705812772,,,1,3014010000309120140,36415
9011001001000000,385,14010300705813118,,,1,3014010000309120140,36431
9011001001000000,385,14010300702573018,,,1,3014010000309120140,36154
9011001001000000,385,14010300702573190,,,1,3014010000309120140,36165
9011001001000000,385,14010300702573362,,,1,3014010000309120140,36173
9011001001000000,385,14010300702572932,,,1,3014010000309120140,36149
9011001001000000,385,14010300702573448,,,1,3014010000309120140,36177
9011001001000000,385,14010300702573534,,,1,3014010000309120140,36181
9011001001000000,385,14010300702573792,,,1,3014010000309120140,36193
9011001001000000,385,14010300702574050,,,1,3014010000309120140,36205
9011001001000000,385,14010300702574222,,,1,3014010000309120140,36213
9011001001000000,385,14010300702574480,,,1,3014010000309120140,36225
9011001001000000,385,14010300702577622,,,1,3014010000309120140,36337
9011001001000000,385,14010300702577794,,,1,3014010000309120140,36345
9011001001000000,385,14010300702577966,,,1,3014010000309120140,36353
9011001001000000,385,14010300702574308,,,1,3014010000309120140,36217
9011001001000000,385,14010300702578052,,,1,3014010000309120140,36357
9011001001000000,389,14010300702578310,,,1,3014010000309120140,34372
9011001001000000,389,14010300702578482,,,1,3014010000309120140,34382
9011001001000000,385,14010300702578718,,,1,3014010000309120140,36398
9011001001000000,389,14010300702578832,,,1,3014010000309120140,34407
9011001001000000,389,14010300705812685,,,1,3014010000309120140,34411
9011001001000000,389,14010300705812858,,,1,3014010000309120140,34419
9011001001000000,389,14010300705813031,,,1,3014010000309120140,34427
9011001001000000,389,14010300702578224,,,1,3014010000309120140,34368
9011001001000000,389,14010300702578785,,,1,3014010000309120140,34403
9011001001000000,385,14010400705812685,,,1,3014010000309120140,36411
9011001001000000,385,14010400702578224,,,1,3014010000309120140,36368
9011001001000000,385,14010400702578310,,,1,3014010000309120140,36372
9011001001000000,385,14010400702578546,,,1,3014010000309120140,36385
9011001001000000,385,14010400702578632,,,1,3014010000309120140,36392
9011001001000000,385,14010400702578785,,,1,3014010000309120140,36403
9011001001000000,385,14010400705812858,,,1,3014010000309120140,36419
9011001001000000,385,14010400705812945,,,1,3014010000309120140,36423
9011001001000000,385,14010400702578482,,,1,3014010000309120140,36382
9011001001000000,385,14010400702578832,,,1,3014010000309120140,36407
9011001001000000,385,14010400705813031,,,1,3014010000309120140,36427
9011001001000000,385,14010100732443519,,,1,3014010000309120140,36031
9011001001000000,385,14010100732444207,,,1,3014010000309120140,36064
9011001001000000,385,14010100732444293,,,1,3014010000309120140,36068
9011001001000000,385,14010100732445257,,,1,3014010000309120140,36253
9011001001000000,385,14010100732445343,,,1,3014010000309120140,36257
9011001001000000,385,14010100732445429,,,1,3014010000309120140,36261
9011001001000000,385,14010100732445515,,,1,3014010000309120140,36265
9011001001000000,385,14010100732445687,,,1,3014010000309120140,36273
9011001001000000,385,14010100732446117,,,1,3014010000309120140,36293
9011001001000000,385,14010100732446203,,,1,3014010000309120140,36297
9011001001000000,385,14010100732446699,,,1,3014010000309120140,36325
9011001001000000,389,14010200702572244,,,1,3014010000309120140,34117
9011001001000000,389,14010200702572588,,,1,3014010000309120140,34133
9011001001000000,389,14010200702573018,,,1,3014010000309120140,34154
9011001001000000,389,14010200702573104,,,1,3014010000309120140,34160
9011001001000000,389,14010200702573878,,,1,3014010000309120140,34197
9011001001000000,389,14010200702573964,,,1,3014010000309120140,34201
9011001001000000,389,14010200702574394,,,1,3014010000309120140,34221
9011001001000000,389,14010200702574590,,,1,3014010000309120140,34229
9011001001000000,414,14010200705812685,,,1,3014010000309120140,32533
9011001001000000,385,14010200713075951,,,1,3014010000309120140,36451
9011001001000000,385,14010300702572244,,,1,3014010000309120140,36117
9011001001000000,385,14010300702572330,,,1,3014010000309120140,36121
9011001001000000,385,14010300702572760,,,1,3014010000309120140,36141
9011001001000000,385,14010300702573276,,,1,3014010000309120140,36169
9011001001000000,385,14010300702573878,,,1,3014010000309120140,36197
9011001001000000,385,14010300702573964,,,1,3014010000309120140,36201
9011001001000000,385,14010300702574136,,,1,3014010000309120140,36209
9011001001000000,385,14010300702574590,,,1,3014010000309120140,36229
9011001001000000,389,14010300705812945,,,1,3014010000309120140,34423
9011001001000000,389,14010000702566050,,,0,3014010000313482733,34366
9011001001000000,411,14010000702566793,,,0,3014010000309120111,30538
9011001001000000,412,14010000702568905,,,0,3014010000309120111,30023
9011001001000000,412,14010000702568995,,,0,3014010000313482733,30030
9011001001000000,412,14010000702569220,,,0,3014010000313482733,30049
9011001001000000,412,14010000702569400,,,0,3014010000313482733,30062
9011001001000000,412,14010000702569490,,,0,3014010000313482733,30067
9011001001000000,412,14010000702569760,,,0,3014010000313482733,30080
9011001001000000,411,14010000702569850,,,0,3014010000313482733,30084
9011001001000000,412,14010000702570390,,,0,3014010000313482733,30108
9011001001000000,412,14010000702570660,,,0,3014010000313482733,30120
9011001001000000,412,14010000702571828,,,0,3014010000313482733,30174
9011001001000000,412,14010000702572136,,,0,3014010000313482733,30191
9011001001000000,412,14010000702572308,,,0,3014010000313482733,30201
9011001001000000,413,14010000702572394,,,0,3014010000313482733,30205
9011001001000000,412,14010000702572566,,,0,3014010000313482733,30214
9011001001000000,412,14010000702572738,,,0,3014010000313482733,30222
9011001001000000,411,14010000702567153,,,0,3014010000309120111,30554
9011001001000000,412,14010000702569085,,,0,3014010000313482733,30039
9011001001000000,412,14010000702569153,,,0,3014010000313482733,30044
9011001001000000,412,14010000702569670,,,0,3014010000313482733,30076
9011001001000000,412,14010000702570210,,,0,3014010000313482733,30100
9011001001000000,412,14010000702571110,,,0,3014010000313482733,30140
9011001001000000,412,14010000702571200,,,0,3014010000313482733,30144
9011001001000000,412,14010000702571649,,,0,3014010000313482733,30166
9011001001000000,412,14010000702571739,,,0,3014010000313482733,30170
9011001001000000,412,14010000702571939,,,0,3014010000313482733,30179
9011001001000000,412,14010000702572222,,,0,3014010000313482733,30196
9011001001000000,412,14010000702572652,,,0,3014010000313482733,30218
9011001001000000,412,14010000702573340,,,0,3014010000313482733,30250
9011001001000000,412,14010000702573684,,,0,3014010000313482733,30266
9011001001000000,389,14010000702564970,,,0,3014010000313482733,34316
9011001001000000,412,14010000702570030,,,0,3014010000313482733,30092
9011001001000000,412,14010000702570120,,,0,3014010000313482733,30096
9011001001000000,412,14010000702570300,,,0,3014010000313482733,30104
9011001001000000,412,14010000702570480,,,0,3014010000313482733,30112
9011001001000000,412,14010000702570570,,,0,3014010000313482733,30116
9011001001000000,412,14010000702570840,,,0,3014010000313482733,30128
9011001001000000,412,14010000702570930,,,0,3014010000313482733,30132
9011001001000000,412,14010000702571020,,,0,3014010000313482733,30136
9011001001000000,412,14010000702571380,,,0,3014010000313482733,30154
9011001001000000,412,14010000702571559,,,0,3014010000313482733,30162
9011001001000000,412,14010000702572480,,,0,3014010000313482733,30210
9011001001000000,412,14010000702572824,,,0,3014010000313482733,30226
9011001001000000,412,14010000702572910,,,0,3014010000313482733,30230
9011001001000000,412,14010000702572996,,,0,3014010000313482733,30234
9011001001000000,412,14010000702573168,,,0,3014010000313482733,30242
9011001001000000,412,14010000702573512,,,0,3014010000313482733,30258
9011001001000000,412,14010000702573598,,,0,3014010000313482733,30262
9011001001000000,412,14010000702573770,,,0,3014010000313482733,30270
9011001001000000,412,14010000702574372,,,0,3014010000313482733,30300
9011001001000000,412,14010000702573082,,,0,3014010000313482733,30238
9011001001000000,412,14010000702573856,,,0,3014010000313482733,30274
9011001001000000,412,14010000702574028,,,0,3014010000313482733,30282
9011001001000000,412,14010000702574114,,,0,3014010000313482733,30286
9011001001000000,412,14010000702574200,,,0,3014010000313482733,30290
9011001001000000,412,14010000702574613,,,0,3014010000313482733,30313
9011001001000000,412,14010000702575398,,,0,3014010000313482733,30352
9011001001000000,411,14010000702575578,,,0,3014010000313482733,30360
9011001001000000,412,14010000702575848,,,0,3014010000313482733,30372
9011001001000000,412,14010000702576118,,,0,3014010000313482733,30384
9011001001000000,412,14010000702574286,,,0,3014010000313482733,30295
9011001001000000,412,14010000702574458,,,0,3014010000313482733,30304
9011001001000000,412,14010000702574679,,,0,3014010000313482733,30318
9011001001000000,412,14010000702574768,,,0,3014010000313482733,30322
9011001001000000,412,14010000702574858,,,0,3014010000313482733,30326
9011001001000000,412,14010000702575128,,,0,3014010000313482733,30340
9011001001000000,412,14010000702575938,,,0,3014010000313482733,30376
9011001001000000,412,14010000702576208,,,0,3014010000313482733,30388
9011001001000000,412,14010000702576388,,,0,3014010000313482733,30396
9011001001000000,412,14010000702576568,,,0,3014010000313482733,30404
9011001001000000,412,14010000702576658,,,0,3014010000313482733,30408
9011001001000000,412,14010000702577108,,,0,3014010000313482733,30430
9011001001000000,412,14010000702577198,,,0,3014010000313482733,30434
9011001001000000,412,14010000702577491,,,0,3014010000313482733,30448
9011001001000000,412,14010000702577600,,,0,3014010000313482733,30455
9011001001000000,412,14010000702578116,,,0,3014010000313482733,30483
9011001001000000,413,14010000702578740,,,0,3014010000309120111,30522
9011001001000000,412,14010000702576748,,,0,3014010000313482733,30412
9011001001000000,412,14010000702577018,,,0,3014010000313482733,30426
9011001001000000,412,14010000702577401,,,0,3014010000313482733,30443
9011001001000000,412,14010000702577686,,,0,3014010000313482733,30460
9011001001000000,412,14010000702577944,,,0,3014010000313482733,30474
9011001001000000,413,14010000702578288,,,0,3014010000313482733,30493
9011001001000000,413,14010000702578460,,,0,3014010000313482733,30503
9011001001000000,413,14010000702578654,,,0,3014010000309120111,30516
9011001001000000,412,14010000702575308,,,0,3014010000313482733,30348
9011001001000000,412,14010000702575488,,,0,3014010000313482733,30356
9011001001000000,412,14010000702575668,,,0,3014010000313482733,30364
9011001001000000,412,14010000702576478,,,0,3014010000313482733,30400
9011001001000000,412,14010000702577858,,,0,3014010000313482733,30469
9011001001000000,413,14010000702578202,,,0,3014010000313482733,30488
9011001001000000,414,14010000702581553,,,0,3014010000309120111,32503
9011001001000000,389,14010000702560560,,,0,3014010000313482733,34112
9011001001000000,411,14010000702566230,,,0,3014010000313482733,30501
9011001001000000,411,14010000702566433,,,0,3014010000309120111,30516
9011001001000000,412,14010000702568815,,,0,3014010000309120111,30017
9011001001000000,412,14010000702569310,,,0,3014010000313482733,30055
9011001001000000,412,14010000702569580,,,0,3014010000313482733,30072
9011001001000000,412,14010000702569940,,,0,3014010000313482733,30088
9011001001000000,412,14010000702570750,,,0,3014010000313482733,30124
9011001001000000,412,14010000702571290,,,0,3014010000313482733,30149
9011001001000000,412,14010000702571469,,,0,3014010000313482733,30158
9011001001000000,412,14010000702572049,,,0,3014010000313482733,30185
9011001001000000,412,14010000702573254,,,0,3014010000313482733,30246
9011001001000000,412,14010000702573426,,,0,3014010000313482733,30254
9011001001000000,412,14010000702573942,,,0,3014010000313482733,30278
9011001001000000,412,14010000702574525,,,0,3014010000313482733,30307
9011001001000000,412,14010000702574948,,,0,3014010000313482733,30330
9011001001000000,412,14010000702575038,,,0,3014010000313482733,30335
9011001001000000,412,14010000702575218,,,0,3014010000313482733,30344
9011001001000000,412,14010000702575758,,,0,3014010000313482733,30368
9011001001000000,412,14010000702576028,,,0,3014010000313482733,30380
9011001001000000,412,14010000702576298,,,0,3014010000313482733,30392
9011001001000000,412,14010000702576838,,,0,3014010000313482733,30416
9011001001000000,412,14010000702576928,,,0,3014010000313482733,30420
9011001001000000,412,14010000702577288,,,0,3014010000313482733,30438
9011001001000000,412,14010000702577772,,,0,3014010000313482733,30465
9011001001000000,412,14010000702578030,,,0,3014010000313482733,30478
9011001001000000,413,14010000702578374,,,0,3014010000313482733,30497
9011001001000000,413,14010000702578568,,,0,3014010000309120111,30508
9011001001000000,413,14010000705812708,,,0,3014010000309120111,30534
9011001001000000,413,14010000705812967,,,0,3014010000309120111,30546
9011001001000000,414,14010000705813574,,,0,3014010000309120111,32574
9011001001000000,414,14010000705813942,,,0,3014010000309120111,32596
9011001001000000,414,14010000705814029,,,0,3014010000309120111,32603
9011001001000000,414,14010000705814117,,,0,3014010000309120111,32607
9011001001000000,413,14010000705812620,,,0,3014010000309120111,30530
9011001001000000,413,14010000705812794,,,0,3014010000309120111,30538
9011001001000000,413,14010000705812881,,,0,3014010000309120111,30542
9011001001000000,414,14010000705813141,,,0,3014010000309120111,32554
9011001001000000,413,14010000705813228,,,0,3014010000309120111,30557
9011001001000000,414,14010000705813487,,,0,3014010000309120111,32570
9011001001000000,414,14010000705813855,,,0,3014010000309120111,32588
9011001001000000,414,14010000705814204,,,0,3014010000309120111,32611
9011001001000000,389,14010000705801899,,,0,3014010000313482733,34091
9011001001000000,389,14010000705801985,,,0,3014010000313482733,34096
9011001001000000,413,14010000705813054,,,0,3014010000309120111,30550
9011001001000000,414,14010000705813400,,,0,3014010000309120111,32566
9011001001000000,414,14010000705813661,,,0,3014010000309120111,32578
9011001001000000,414,14010000705813747,,,0,3014010000309120111,32582
9011001001000000,414,14010000705814291,,,0,3014010000309120111,32615
9011001001000000,414,14010000705814378,,,0,3014010000309120111,32619
9011001001000000,413,14010000705812572,,,0,3014010000309120111,30526
9011001001000000,414,14010000705813314,,,0,3014010000309120111,32562
9011001001000000,413,14010000713075865,,,0,3014010000309120111,30567
9011001001000000,413,14010000713075775,,,0,3014010000313482733,30554
9011001001000000,389,14010000732443261,,,0,3014010000309120111,34004
9011001001000000,389,14010000732443713,,,0,3014010000309120111,34041
9011001001000000,389,14010000732443799,,,0,3014010000309120111,34045
9011001001000000,389,14010000732444401,,,0,3014010000313482733,34076
9011001001000000,389,14010000732444465,,,0,3014010000313482733,34082
9011001001000000,389,14010000732444778,,,0,3014010000313482733,34228
9011001001000000,389,14010000732444977,,,0,3014010000313482733,34240
9011001001000000,389,14010000732445063,,,0,3014010000313482733,34244
9011001001000000,389,14010000732445235,,,0,3014010000313482733,34252
9011001001000000,413,14010000732449713,,,0,3014010000313482733,30084
9011001001000000,413,14010000732450101,,,0,3014010000313482733,30360
9011001001000000,389,14010000732443304,,,0,3014010000309120111,34013
9011001001000000,389,14010000732443541,,,0,3014010000309120111,34032
9011001001000000,389,14010000732443971,,,0,3014010000309120111,34053
9011001001000000,389,14010000732444057,,,0,3014010000309120111,34057
9011001001000000,389,14010000732444143,,,0,3014010000309120111,34061
9011001001000000,389,14010000732444825,,,0,3014010000313482733,34232
9011001001000000,389,14010000732445321,,,0,3014010000313482733,34256
9011001001000000,389,14010000732445665,,,0,3014010000313482733,34272
9011001001000000,389,14010000732445751,,,0,3014010000313482733,34276
9011001001000000,389,14010000732445837,,,0,3014010000313482733,34280
9011001001000000,389,14010000732446830,,,0,3014010000313482733,34332
9011001001000000,389,14010000732443369,,,0,3014010000309120111,34020
9011001001000000,389,14010000732443627,,,0,3014010000309120111,34037
9011001001000000,389,14010000732444229,,,0,3014010000309120111,34065
9011001001000000,389,14010000732444315,,,0,3014010000309120111,34069
9011001001000000,389,14010000732445149,,,0,3014010000313482733,34248
9011001001000000,389,14010000732445493,,,0,3014010000313482733,34264
9011001001000000,389,14010000732445923,,,0,3014010000313482733,34284
9011001001000000,389,14010000732446181,,,0,3014010000313482733,34296
9011001001000000,389,14010000732446439,,,0,3014010000313482733,34309
9011001001000000,389,14010000732446677,,,0,3014010000313482733,34324
9011001001000000,389,14010000732446744,,,0,3014010000313482733,34328
9011001001000000,389,14010000732443455,,,0,3014010000309120111,34027
9011001001000000,389,14010000732443885,,,0,3014010000309120111,34049
9011001001000000,389,14010000732445407,,,0,3014010000313482733,34260
9011001001000000,389,14010000732445579,,,0,3014010000313482733,34268
9011001001000000,389,14010000732446009,,,0,3014010000313482733,34288
9011001001000000,389,14010000732446095,,,0,3014010000313482733,34292
9011001001000000,389,14010000732446267,,,0,3014010000313482733,34300
9011001001000000,389,14010000732446353,,,0,3014010000313482733,34304
9011001001000000,389,14010000732446591,,,0,3014010000313482733,34320
9011001001000000,414,14010100702569085,,,0,3014010000313482733,32039
9011001001000000,414,14010100702569310,,,0,3014010000313482733,32055
9011001001000000,414,14010100702569580,,,0,3014010000313482733,32072
9011001001000000,414,14010100702570480,,,0,3014010000313482733,32112
9011001001000000,414,14010100702570570,,,0,3014010000313482733,32116
9011001001000000,414,14010100702570750,,,0,3014010000313482733,32124
9011001001000000,414,14010100702570840,,,0,3014010000313482733,32128
9011001001000000,414,14010100702571739,,,0,3014010000313482733,32170
9011001001000000,414,14010100702572222,,,0,3014010000313482733,32196
9011001001000000,411,14010100702572394,,,0,3014010000313482733,30206
9011001001000000,385,14010100702560560,,,0,3014010000313482733,36112
9011001001000000,414,14010100702569220,,,0,3014010000313482733,32049
9011001001000000,414,14010100702569400,,,0,3014010000313482733,32062
9011001001000000,414,14010100702569490,,,0,3014010000313482733,32067
9011001001000000,414,14010100702569670,,,0,3014010000313482733,32076
9011001001000000,414,14010100702570390,,,0,3014010000313482733,32108
9011001001000000,414,14010100702570660,,,0,3014010000313482733,32120
9011001001000000,414,14010100702572566,,,0,3014010000313482733,32214
9011001001000000,414,14010100702573254,,,0,3014010000313482733,32246
9011001001000000,414,14010100702573426,,,0,3014010000313482733,32254
9011001001000000,414,14010100702573770,,,0,3014010000313482733,32270
9011001001000000,414,14010100702574114,,,0,3014010000313482733,32286
9011001001000000,414,14010100702574200,,,0,3014010000313482733,32290
9011001001000000,414,14010100702574372,,,0,3014010000313482733,32300
9011001001000000,414,14010100702574858,,,0,3014010000313482733,32326
9011001001000000,414,14010100702572136,,,0,3014010000313482733,32192
9011001001000000,414,14010100702572308,,,0,3014010000313482733,32201
9011001001000000,414,14010100702572652,,,0,3014010000313482733,32218
9011001001000000,414,14010100702572738,,,0,3014010000313482733,32222
9011001001000000,414,14010100702572910,,,0,3014010000313482733,32230
9011001001000000,414,14010100702572996,,,0,3014010000313482733,32234
9011001001000000,414,14010100702573082,,,0,3014010000313482733,32238
9011001001000000,414,14010100702573168,,,0,3014010000313482733,32242
9011001001000000,414,14010100702573942,,,0,3014010000313482733,32278
9011001001000000,414,14010100702574458,,,0,3014010000313482733,32304
9011001001000000,414,14010100702574768,,,0,3014010000313482733,32322
9011001001000000,414,14010100702575128,,,0,3014010000313482733,32340
9011001001000000,385,14010100702564970,,,0,3014010000313482733,36316
9011001001000000,385,14010100702566050,,,0,3014010000313482733,36366
9011001001000000,415,14010100702569850,,,0,3014010000313482733,32084
9011001001000000,414,14010100702575398,,,0,3014010000313482733,32352
9011001001000000,415,14010100702575578,,,0,3014010000313482733,32360
9011001001000000,414,14010100702575848,,,0,3014010000313482733,32372
9011001001000000,414,14010100702576838,,,0,3014010000313482733,32416
9011001001000000,414,14010100702577108,,,0,3014010000313482733,32430
9011001001000000,414,14010100702578374,,,0,3014010000313482733,32497
9011001001000000,414,14010100702575308,,,0,3014010000313482733,32348
9011001001000000,414,14010100702575668,,,0,3014010000313482733,32364
9011001001000000,414,14010100702576028,,,0,3014010000313482733,32380
9011001001000000,414,14010100702576658,,,0,3014010000313482733,32408
9011001001000000,414,14010100702577491,,,0,3014010000313482733,32448
9011001001000000,414,14010100702577944,,,0,3014010000313482733,32474
9011001001000000,411,14010100702578202,,,0,3014010000313482733,30489
9011001001000000,411,14010100702578288,,,0,3014010000313482733,30495
9011001001000000,411,14010100702578654,,,0,3014010000309120111,30524
9011001001000000,414,14010100702570120,,,0,3014010000313482733,32096
9011001001000000,414,14010100702570210,,,0,3014010000313482733,32100
9011001001000000,414,14010100702570300,,,0,3014010000313482733,32104
9011001001000000,414,14010100702571020,,,0,3014010000313482733,32136
9011001001000000,414,14010100702571110,,,0,3014010000313482733,32140
9011001001000000,414,14010100702571290,,,0,3014010000313482733,32149
9011001001000000,414,14010100702571559,,,0,3014010000313482733,32162
9011001001000000,414,14010100702571828,,,0,3014010000313482733,32174
9011001001000000,414,14010100702571939,,,0,3014010000313482733,32179
9011001001000000,414,14010100702572049,,,0,3014010000313482733,32185
9011001001000000,414,14010100702572480,,,0,3014010000313482733,32210
9011001001000000,414,14010100702573340,,,0,3014010000313482733,32250
9011001001000000,411,14010100702578740,,,0,3014010000309120111,30530
9011001001000000,414,14010100702573856,,,0,3014010000313482733,32274
9011001001000000,414,14010100702574028,,,0,3014010000313482733,32282
9011001001000000,414,14010100702574679,,,0,3014010000313482733,32318
9011001001000000,414,14010100702574948,,,0,3014010000313482733,32330
9011001001000000,414,14010100702575218,,,0,3014010000313482733,32344
9011001001000000,414,14010100702575758,,,0,3014010000313482733,32368
9011001001000000,385,14010100705801985,,,0,3014010000313482733,36096
9011001001000000,389,14010100705813141,,,0,3014010000309120111,34432
9011001001000000,389,14010100705813400,,,0,3014010000309120111,34444
9011001001000000,389,14010100705813487,,,0,3014010000309120111,34448
9011001001000000,389,14010100705813747,,,0,3014010000309120111,34460
9011001001000000,414,14010100702576298,,,0,3014010000313482733,32392
9011001001000000,414,14010100702576568,,,0,3014010000313482733,32404
9011001001000000,414,14010100702576928,,,0,3014010000313482733,32420
9011001001000000,414,14010100702577018,,,0,3014010000313482733,32426
9011001001000000,414,14010100702577198,,,0,3014010000313482733,32434
9011001001000000,414,14010100702577401,,,0,3014010000313482733,32443
9011001001000000,414,14010100702577858,,,0,3014010000313482733,32469
9011001001000000,389,14010100705813942,,,0,3014010000309120111,34474
9011001001000000,389,14010100705814117,,,0,3014010000309120111,34485
9011001001000000,389,14010100705814291,,,0,3014010000309120111,34493
9011001001000000,411,14010100705812794,,,0,3014010000309120111,30546
9011001001000000,411,14010100705812708,,,0,3014010000309120111,30542
9011001001000000,411,14010100705812881,,,0,3014010000309120111,30550
9011001001000000,414,14010100705812967,,,0,3014010000309120111,32546
9011001001000000,411,14010100705813228,,,0,3014010000309120111,30565
9011001001000000,389,14010100705813574,,,0,3014010000309120111,34452
9011001001000000,389,14010100705813314,,,0,3014010000309120111,34440
9011001001000000,389,14010100705813661,,,0,3014010000309120111,34456
9011001001000000,389,14010100705813855,,,0,3014010000309120111,34466
9011001001000000,389,14010100705814029,,,0,3014010000309120111,34481
9011001001000000,389,14010100705814204,,,0,3014010000309120111,34489
9011001001000000,389,14010100705814378,,,0,3014010000309120111,34497
9011001001000000,411,14010100713075775,,,0,3014010000313482733,30562
9011001001000000,411,14010100713075865,,,0,3014010000309120111,30575
9011001001000000,414,14010100702568815,,,0,3014010000309120111,32017
9011001001000000,414,14010100702568905,,,0,3014010000309120111,32023
9011001001000000,414,14010100702568995,,,0,3014010000313482733,32030
9011001001000000,414,14010100702569153,,,0,3014010000313482733,32044
9011001001000000,414,14010100702569760,,,0,3014010000313482733,32080
9011001001000000,414,14010100702569940,,,0,3014010000313482733,32088
9011001001000000,414,14010100702570030,,,0,3014010000313482733,32092
9011001001000000,414,14010100702570930,,,0,3014010000313482733,32132
9011001001000000,414,14010100702571200,,,0,3014010000313482733,32144
9011001001000000,414,14010100702571380,,,0,3014010000313482733,32154
9011001001000000,414,14010100702571469,,,0,3014010000313482733,32158
9011001001000000,414,14010100702571649,,,0,3014010000313482733,32166
9011001001000000,414,14010100702572824,,,0,3014010000313482733,32226
9011001001000000,414,14010100702573512,,,0,3014010000313482733,32258
9011001001000000,414,14010100702573598,,,0,3014010000313482733,32262
9011001001000000,414,14010100702573684,,,0,3014010000313482733,32266
9011001001000000,414,14010100702574286,,,0,3014010000313482733,32295
9011001001000000,414,14010100702574525,,,0,3014010000313482733,32307
9011001001000000,414,14010100702574613,,,0,3014010000313482733,32313
9011001001000000,414,14010100702575038,,,0,3014010000313482733,32335
9011001001000000,414,14010100702575488,,,0,3014010000313482733,32356
9011001001000000,414,14010100702575938,,,0,3014010000313482733,32376
9011001001000000,414,14010100702576118,,,0,3014010000313482733,32384
9011001001000000,414,14010100702576208,,,0,3014010000313482733,32388
9011001001000000,414,14010100702576388,,,0,3014010000313482733,32396
9011001001000000,414,14010100702576478,,,0,3014010000313482733,32400
9011001001000000,414,14010100702576748,,,0,3014010000313482733,32412
9011001001000000,414,14010100702577288,,,0,3014010000313482733,32438
9011001001000000,414,14010100702577600,,,0,3014010000313482733,32455
9011001001000000,414,14010100702577686,,,0,3014010000313482733,32460
9011001001000000,414,14010100702577772,,,0,3014010000313482733,32465
9011001001000000,414,14010100702578030,,,0,3014010000313482733,32478
9011001001000000,414,14010100702578116,,,0,3014010000313482733,32483
9011001001000000,385,14010100732443369,,,0,3014010000309120111,36020
9011001001000000,385,14010100732443799,,,0,3014010000309120111,36045
9011001001000000,385,14010100732444401,,,0,3014010000313482733,36076
9011001001000000,385,14010100732444825,,,0,3014010000313482733,36232
9011001001000000,385,14010100732444977,,,0,3014010000313482733,36240
9011001001000000,385,14010100732445321,,,0,3014010000313482733,36256
9011001001000000,385,14010100732445493,,,0,3014010000313482733,36264
9011001001000000,385,14010100732445751,,,0,3014010000313482733,36276
9011001001000000,385,14010100732446009,,,0,3014010000313482733,36288
9011001001000000,416,14010100732449713,,,0,3014010000313482733,32084
9011001001000000,416,14010100732450101,,,0,3014010000313482733,32360
9011001001000000,385,14010100732444315,,,0,3014010000309120111,36069
9011001001000000,385,14010100732445063,,,0,3014010000313482733,36244
9011001001000000,385,14010100732445235,,,0,3014010000313482733,36252
9011001001000000,385,14010100732445407,,,0,3014010000313482733,36260
9011001001000000,385,14010100732445923,,,0,3014010000313482733,36284
9011001001000000,385,14010100732446267,,,0,3014010000313482733,36300
9011001001000000,385,14010100732446353,,,0,3014010000313482733,36304
9011001001000000,385,14010100732446439,,,0,3014010000313482733,36309
9011001001000000,385,14010100732446830,,,0,3014010000313482733,36332
9011001001000000,385,14010100732443261,,,0,3014010000309120111,36004
9011001001000000,385,14010100732443304,,,0,3014010000309120111,36013
9011001001000000,385,14010100732443971,,,0,3014010000309120111,36053
9011001001000000,385,14010100732444057,,,0,3014010000309120111,36057
9011001001000000,385,14010100732444143,,,0,3014010000309120111,36061
9011001001000000,385,14010100732444465,,,0,3014010000313482733,36082
9011001001000000,385,14010100732444778,,,0,3014010000313482733,36228
9011001001000000,385,14010100732445149,,,0,3014010000313482733,36248
9011001001000000,385,14010100732445579,,,0,3014010000313482733,36268
9011001001000000,385,14010100732445665,,,0,3014010000313482733,36272
9011001001000000,385,14010100732446095,,,0,3014010000313482733,36292
9011001001000000,385,14010100732446181,,,0,3014010000313482733,36296
9011001001000000,411,14010100702578460,,,0,3014010000313482733,30509
9011001001000000,414,14010100702578568,,,0,3014010000309120111,32508
9011001001000000,385,14010100705801899,,,0,3014010000313482733,36091
9011001001000000,411,14010100705812572,,,0,3014010000309120111,30534
9011001001000000,414,14010100705812620,,,0,3014010000309120111,32530
9011001001000000,411,14010100705813054,,,0,3014010000309120111,30558
9011001001000000,389,14010200702571828,,,0,3014010000313482733,34100
9011001001000000,389,14010200702572049,,,0,3014010000313482733,34108
9011001001000000,389,14010200702571469,,,0,3014010000313482733,34086
9011001001000000,389,14010200702571939,,,0,3014010000313482733,34104
9011001001000000,389,14010200702572308,,,0,3014010000313482733,34120
9011001001000000,414,14010200702572394,,,0,3014010000313482733,32206
9011001001000000,389,14010200702572738,,,0,3014010000313482733,34140
9011001001000000,389,14010200702572996,,,0,3014010000313482733,34152
9011001001000000,389,14010200702573168,,,0,3014010000313482733,34164
9011001001000000,389,14010200702573684,,,0,3014010000313482733,34188
9011001001000000,389,14010200702574458,,,0,3014010000313482733,34224
9011001001000000,389,14010200702577858,,,0,3014010000313482733,34348
9011001001000000,389,14010200702572566,,,0,3014010000313482733,34132
9011001001000000,389,14010200702572652,,,0,3014010000313482733,34136
9011001001000000,389,14010200702573082,,,0,3014010000313482733,34157
9011001001000000,389,14010200702573254,,,0,3014010000313482733,34168
9011001001000000,389,14010200702573598,,,0,3014010000313482733,34184
9011001001000000,389,14010200702573856,,,0,3014010000313482733,34196
9011001001000000,389,14010200702574114,,,0,3014010000313482733,34208
9011001001000000,389,14010200702574372,,,0,3014010000313482733,34220
9011001001000000,389,14010200702574768,,,0,3014010000313482733,34236
9011001001000000,389,14010200702577944,,,0,3014010000313482733,34352
9011001001000000,389,14010200702578030,,,0,3014010000313482733,34356
9011001001000000,389,14010200702578116,,,0,3014010000313482733,34361
9011001001000000,389,14010200702578374,,,0,3014010000313482733,34375
9011001001000000,414,14010200705812572,,,0,3014010000309120111,32526
9011001001000000,389,14010200702573340,,,0,3014010000313482733,34172
9011001001000000,389,14010200702573770,,,0,3014010000313482733,34192
9011001001000000,389,14010200702574028,,,0,3014010000313482733,34204
9011001001000000,389,14010200702574286,,,0,3014010000313482733,34216
9011001001000000,389,14010200702577686,,,0,3014010000313482733,34340
9011001001000000,389,14010200702578460,,,0,3014010000313482733,34381
9011001001000000,414,14010200705812708,,,0,3014010000309120111,32534
9011001001000000,414,14010200702578202,,,0,3014010000313482733,32488
9011001001000000,389,14010200702578568,,,0,3014010000309120111,34386
9011001001000000,414,14010200702578654,,,0,3014010000309120111,32516
9011001001000000,414,14010200702578740,,,0,3014010000309120111,32522
9011001001000000,389,14010200705812620,,,0,3014010000309120111,34408
9011001001000000,389,14010200705812967,,,0,3014010000309120111,34424
9011001001000000,385,14010200705813141,,,0,3014010000309120111,36432
9011001001000000,414,14010200705812794,,,0,3014010000309120111,32538
9011001001000000,385,14010200713075865,,,0,3014010000309120111,36445
9011001001000000,385,14010300702571469,,,0,3014010000313482733,36086
9011001001000000,385,14010300702572824,,,0,3014010000313482733,36144
9011001001000000,385,14010300702573426,,,0,3014010000313482733,36176
9011001001000000,385,14010300702573942,,,0,3014010000313482733,36200
9011001001000000,385,14010300702574114,,,0,3014010000313482733,36208
9011001001000000,385,14010300702577600,,,0,3014010000313482733,36336
9011001001000000,385,14010300702578030,,,0,3014010000313482733,36356
9011001001000000,389,14010300702578288,,,0,3014010000313482733,34371
9011001001000000,385,14010300702578374,,,0,3014010000313482733,36375
9011001001000000,389,14010300702578654,,,0,3014010000309120111,34393
9011001001000000,389,14010300705812708,,,0,3014010000309120111,34412
9011001001000000,389,14010300705813228,,,0,3014010000309120111,34436
9011001001000000,385,14010300702572049,,,0,3014010000313482733,36108
9011001001000000,385,14010300702572222,,,0,3014010000313482733,36116
9011001001000000,385,14010300702572480,,,0,3014010000313482733,36128
9011001001000000,385,14010300702572566,,,0,3014010000313482733,36132
9011001001000000,385,14010300702572652,,,0,3014010000313482733,36136
9011001001000000,385,14010300702572910,,,0,3014010000313482733,36148
9011001001000000,385,14010300702572996,,,0,3014010000313482733,36152
9011001001000000,385,14010300702573082,,,0,3014010000313482733,36157
9011001001000000,385,14010300702573254,,,0,3014010000313482733,36168
9011001001000000,385,14010300702571939,,,0,3014010000313482733,36104
9011001001000000,389,14010300702572394,,,0,3014010000313482733,34124
9011001001000000,385,14010300702573598,,,0,3014010000313482733,36184
9011001001000000,385,14010300702573684,,,0,3014010000313482733,36188
9011001001000000,385,14010300702574768,,,0,3014010000313482733,36236
9011001001000000,385,14010300702577686,,,0,3014010000313482733,36340
9011001001000000,385,14010300702577858,,,0,3014010000313482733,36348
9011001001000000,385,14010300702574286,,,0,3014010000313482733,36216
9011001001000000,385,14010300702574458,,,0,3014010000313482733,36224
9011001001000000,385,14010300702577772,,,0,3014010000313482733,36344
9011001001000000,385,14010300702578568,,,0,3014010000309120111,36386
9011001001000000,389,14010300705812794,,,0,3014010000309120111,34416
9011001001000000,385,14010300702578460,,,0,3014010000313482733,36381
9011001001000000,389,14010300705812572,,,0,3014010000309120111,34404
9011001001000000,385,14010400702578740,,,0,3014010000309120111,36399
9011001001000000,385,14010400705812881,,,0,3014010000309120111,36420
9011001001000000,385,14010400705813054,,,0,3014010000309120111,36428
9011001001000000,385,14010400702578288,,,0,3014010000313482733,36371
9011001001000000,385,14010400705812708,,,0,3014010000309120111,36412
9011001001000000,385,14010400705812794,,,0,3014010000309120111,36416
9011001001000000,385,14010400705813228,,,0,3014010000309120111,36435
9011001001000000,385,14010400702572394,,,0,3014010000313482733,36124
9011001001000000,385,14010100732443455,,,0,3014010000309120111,36027
9011001001000000,385,14010100732443541,,,0,3014010000309120111,36032
9011001001000000,385,14010100732443627,,,0,3014010000309120111,36037
9011001001000000,385,14010100732443713,,,0,3014010000309120111,36041
9011001001000000,385,14010100732443885,,,0,3014010000309120111,36049
9011001001000000,385,14010100732444229,,,0,3014010000309120111,36065
9011001001000000,385,14010100732445837,,,0,3014010000313482733,36280
9011001001000000,385,14010100732446591,,,0,3014010000313482733,36320
9011001001000000,385,14010100732446677,,,0,3014010000313482733,36324
9011001001000000,385,14010100732446744,,,0,3014010000313482733,36328
9011001001000000,389,14010200702572222,,,0,3014010000313482733,34116
9011001001000000,389,14010200702572480,,,0,3014010000313482733,34128
9011001001000000,389,14010200702572824,,,0,3014010000313482733,34144
9011001001000000,389,14010200702572910,,,0,3014010000313482733,34148
9011001001000000,389,14010200702573426,,,0,3014010000313482733,34176
9011001001000000,389,14010200702573512,,,0,3014010000313482733,34180
9011001001000000,389,14010200702573942,,,0,3014010000313482733,34200
9011001001000000,389,14010200702574200,,,0,3014010000313482733,34212
9011001001000000,389,14010200702577600,,,0,3014010000313482733,34336
9011001001000000,389,14010200702577772,,,0,3014010000313482733,34344
9011001001000000,414,14010200702578288,,,0,3014010000313482733,32493
9011001001000000,414,14010200705812881,,,0,3014010000309120111,32542
9011001001000000,414,14010200705813054,,,0,3014010000309120111,32550
9011001001000000,414,14010200705813228,,,0,3014010000309120111,32558
9011001001000000,385,14010300702571828,,,0,3014010000313482733,36100
9011001001000000,385,14010300702572308,,,0,3014010000313482733,36120
9011001001000000,385,14010300702572738,,,0,3014010000313482733,36140
9011001001000000,385,14010300702573168,,,0,3014010000313482733,36164
9011001001000000,385,14010300702573340,,,0,3014010000313482733,36172
9011001001000000,385,14010300702573512,,,0,3014010000313482733,36180
9011001001000000,385,14010300702573770,,,0,3014010000313482733,36192
9011001001000000,385,14010300702573856,,,0,3014010000313482733,36196
9011001001000000,385,14010300702574028,,,0,3014010000313482733,36204
9011001001000000,385,14010300702574200,,,0,3014010000313482733,36212
9011001001000000,385,14010300702574372,,,0,3014010000313482733,36220
9011001001000000,385,14010300702577944,,,0,3014010000313482733,36352
9011001001000000,385,14010300702578116,,,0,3014010000313482733,36361
9011001001000000,389,14010300702578740,,,0,3014010000309120111,34399
9011001001000000,385,14010300705812620,,,0,3014010000309120111,36408
9011001001000000,389,14010300705812881,,,0,3014010000309120111,34420
9011001001000000,385,14010300705812967,,,0,3014010000309120111,36424
9011001001000000,389,14010300705813054,,,0,3014010000309120111,34428
9011001001000000,385,14010400702578654,,,0,3014010000309120111,36393
9011001001000000,385,14010400705812572,,,0,3014010000309120111,36404
9011001001100000,411,14010000702566815,,,1,3014010000575009161,30539
9011001001100000,412,14010000702569377,,,1,3014010000575009161,30061
9011001001100000,412,14010000702570277,,,1,3014010000575009161,30103
9011001001100000,412,14010000702570727,,,1,3014010000575009161,30123
9011001001100000,412,14010000702570907,,,1,3014010000575009161,30131
9011001001100000,412,14010000702570997,,,1,3014010000575009161,30135
9011001001100000,412,14010000702571087,,,1,3014010000575009161,30139
9011001001100000,412,14010000702572200,,,1,3014010000575009161,30195
9011001001100000,412,14010000702572544,,,1,3014010000575009161,30213
9011001001100000,412,14010000702572716,,,1,3014010000575009161,30221
9011001001100000,412,14010000702568972,,,1,3014010000575009161,30028
9011001001100000,412,14010000702569175,,,1,3014010000575009161,30045
9011001001100000,412,14010000702569287,,,1,3014010000575009161,30053
9011001001100000,412,14010000702569467,,,1,3014010000575009161,30066
9011001001100000,412,14010000702569917,,,1,3014010000575009161,30087
9011001001100000,412,14010000702570367,,,1,3014010000575009161,30107
9011001001100000,412,14010000702570457,,,1,3014010000575009161,30111
9011001001100000,412,14010000702571177,,,1,3014010000575009161,30143
9011001001100000,412,14010000702572114,,,1,3014010000575009161,30190
9011001001100000,412,14010000702573146,,,1,3014010000575009161,30241
9011001001100000,412,14010000702573232,,,1,3014010000575009161,30245
9011001001100000,412,14010000702574006,,,1,3014010000575009161,30281
9011001001100000,412,14010000702569062,,,1,3014010000575009161,30038
9011001001100000,412,14010000702570007,,,1,3014010000575009161,30091
9011001001100000,412,14010000702570097,,,1,3014010000575009161,30095
9011001001100000,412,14010000702570637,,,1,3014010000575009161,30119
9011001001100000,412,14010000702570817,,,1,3014010000575009161,30127
9011001001100000,412,14010000702571267,,,1,3014010000575009161,30148
9011001001100000,412,14010000702571425,,,1,3014010000575009161,30156
9011001001100000,412,14010000702571716,,,1,3014010000575009161,30169
9011001001100000,412,14010000702571873,,,1,3014010000575009161,30176
9011001001100000,412,14010000702571961,,,1,3014010000575009161,30180
9011001001100000,412,14010000702572286,,,1,3014010000575009161,30200
9011001001100000,412,14010000702572372,,,1,3014010000575009161,30204
9011001001100000,412,14010000702572630,,,1,3014010000575009161,30217
9011001001100000,412,14010000702572802,,,1,3014010000575009161,30225
9011001001100000,412,14010000702572888,,,1,3014010000575009161,30229
9011001001100000,412,14010000702573490,,,1,3014010000575009161,30257
9011001001100000,412,14010000702573662,,,1,3014010000575009161,30265
9011001001100000,412,14010000702573834,,,1,3014010000575009161,30273
9011001001100000,412,14010000702573920,,,1,3014010000575009161,30277
9011001001100000,412,14010000702573060,,,1,3014010000575009161,30237
9011001001100000,412,14010000702573404,,,1,3014010000575009161,30253
9011001001100000,412,14010000702573576,,,1,3014010000575009161,30261
9011001001100000,412,14010000702574178,,,1,3014010000575009161,30289
9011001001100000,412,14010000702574264,,,1,3014010000575009161,30293
9011001001100000,412,14010000702574350,,,1,3014010000575009161,30298
9011001001100000,413,14010000702574746,,,1,3014010000575009161,30320
9011001001100000,412,14010000702574925,,,1,3014010000575009161,30329
9011001001100000,412,14010000702575645,,,1,3014010000575009161,30363
9011001001100000,412,14010000702576005,,,1,3014010000575009161,30379
9011001001100000,412,14010000702576095,,,1,3014010000575009161,30383
9011001001100000,412,14010000702574436,,,1,3014010000575009161,30303
9011001001100000,412,14010000702574546,,,1,3014010000575009161,30308
9011001001100000,412,14010000702575015,,,1,3014010000575009161,30334
9011001001100000,412,14010000702575195,,,1,3014010000575009161,30343
9011001001100000,412,14010000702575285,,,1,3014010000575009161,30347
9011001001100000,412,14010000702575735,,,1,3014010000575009161,30367
9011001001100000,412,14010000702576455,,,1,3014010000575009161,30399
9011001001100000,412,14010000702576545,,,1,3014010000575009161,30403
9011001001100000,412,14010000702576635,,,1,3014010000575009161,30407
9011001001100000,412,14010000702576275,,,1,3014010000575009161,30391
9011001001100000,412,14010000702577333,,,1,3014010000575009161,30440
9011001001100000,412,14010000702577836,,,1,3014010000575009161,30468
9011001001100000,412,14010000702578094,,,1,3014010000575009161,30482
9011001001100000,412,14010000702576815,,,1,3014010000575009161,30415
9011001001100000,412,14010000702576905,,,1,3014010000575009161,30419
9011001001100000,412,14010000702577175,,,1,3014010000575009161,30433
9011001001100000,412,14010000702577423,,,1,3014010000575009161,30444
9011001001100000,412,14010000702577578,,,1,3014010000575009161,30454
9011001001100000,412,14010000702577664,,,1,3014010000575009161,30459
9011001001100000,412,14010000702577922,,,1,3014010000575009161,30473
9011001001100000,413,14010000702578180,,,1,3014010000575009161,30487
9011001001100000,413,14010000702578438,,,1,3014010000575009161,30502
9011001001100000,413,14010000702578675,,,1,3014010000575009161,30517
9011001001100000,412,14010000702574634,,,1,3014010000575009161,30314
9011001001100000,412,14010000702574813,,,1,3014010000575009161,30324
9011001001100000,412,14010000702575375,,,1,3014010000575009161,30351
9011001001100000,412,14010000702575465,,,1,3014010000575009161,30355
9011001001100000,412,14010000702575825,,,1,3014010000575009161,30371
9011001001100000,412,14010000702576995,,,1,3014010000575009161,30425
9011001001100000,412,14010000702577513,,,1,3014010000575009161,30449
9011001001100000,412,14010000702577750,,,1,3014010000575009161,30464
9011001001100000,412,14010000702578008,,,1,3014010000575009161,30477
9011001001100000,413,14010000702578352,,,1,3014010000575009161,30496
9011001001100000,413,14010000702578503,,,1,3014010000575009161,30505
9011001001100000,413,14010000702578761,,,1,3014010000575009161,30523
9011001001100000,389,14010000702560807,,,1,3014010000575009161,34123
9011001001100000,389,14010000702565217,,,1,3014010000575009161,34327
9011001001100000,389,14010000702566297,,,1,3014010000575009161,34380
9011001001100000,411,14010000702566455,,,1,3014010000575009161,30517
9011001001100000,411,14010000702567175,,,1,3014010000575009161,30555
9011001001100000,412,14010000702568882,,,1,3014010000575009161,30022
9011001001100000,412,14010000702569557,,,1,3014010000575009161,30071
9011001001100000,412,14010000702569647,,,1,3014010000575009161,30075
9011001001100000,412,14010000702569737,,,1,3014010000575009161,30079
9011001001100000,412,14010000702569827,,,1,3014010000575009161,30083
9011001001100000,411,14010000702570187,,,1,3014010000575009161,30099
9011001001100000,412,14010000702570547,,,1,3014010000575009161,30115
9011001001100000,412,14010000702571357,,,1,3014010000575009161,30153
9011001001100000,412,14010000702571536,,,1,3014010000575009161,30161
9011001001100000,412,14010000702571604,,,1,3014010000575009161,30164
9011001001100000,413,14010000702571806,,,1,3014010000575009161,30172
9011001001100000,412,14010000702572027,,,1,3014010000575009161,30184
9011001001100000,412,14010000702572458,,,1,3014010000575009161,30209
9011001001100000,412,14010000702572974,,,1,3014010000575009161,30233
9011001001100000,412,14010000702573318,,,1,3014010000575009161,30249
9011001001100000,412,14010000702573748,,,1,3014010000575009161,30269
9011001001100000,412,14010000702574092,,,1,3014010000575009161,30285
9011001001100000,412,14010000702575105,,,1,3014010000575009161,30339
9011001001100000,412,14010000702575555,,,1,3014010000575009161,30359
9011001001100000,411,14010000702575915,,,1,3014010000575009161,30375
9011001001100000,412,14010000702576185,,,1,3014010000575009161,30387
9011001001100000,412,14010000702576365,,,1,3014010000575009161,30395
9011001001100000,412,14010000702576725,,,1,3014010000575009161,30411
9011001001100000,412,14010000702577085,,,1,3014010000575009161,30429
9011001001100000,412,14010000702577265,,,1,3014010000575009161,30437
9011001001100000,413,14010000702578266,,,1,3014010000575009161,30492
9011001001100000,413,14010000702578589,,,1,3014010000575009161,30509
9011001001100000,413,14010000702578808,,,1,3014010000575009161,30527
9011001001100000,413,14010000705812729,,,1,3014010000575009161,30535
9011001001100000,413,14010000705812815,,,1,3014010000575009161,30539
9011001001100000,413,14010000705812902,,,1,3014010000575009161,30543
9011001001100000,413,14010000705812988,,,1,3014010000575009161,30547
9011001001100000,414,14010000705813920,,,1,3014010000575009161,32594
9011001001100000,389,14010000705801963,,,1,3014010000575009161,34095
9011001001100000,413,14010000705812642,,,1,3014010000575009161,30531
9011001001100000,414,14010000705813249,,,1,3014010000575009161,32559
9011001001100000,414,14010000705813595,,,1,3014010000575009161,32575
9011001001100000,414,14010000705814182,,,1,3014010000575009161,32610
9011001001100000,389,14010000705801811,,,1,3014010000575009161,34085
9011001001100000,389,14010000705801877,,,1,3014010000575009161,34090
9011001001100000,389,14010000705802096,,,1,3014010000575009161,34103
9011001001100000,389,14010000705802143,,,1,3014010000575009161,34107
9011001001100000,414,14010000705813335,,,1,3014010000575009161,32563
9011001001100000,414,14010000705813421,,,1,3014010000575009161,32567
9011001001100000,414,14010000705813508,,,1,3014010000575009161,32571
9011001001100000,414,14010000705814269,,,1,3014010000575009161,32614
9011001001100000,414,14010000705814443,,,1,3014010000575009161,32622
9011001001100000,389,14010000705802049,,,1,3014010000575009161,34099
9011001001100000,413,14010000705813075,,,1,3014010000575009161,30551
9011001001100000,413,14010000705813162,,,1,3014010000575009161,30556
9011001001100000,414,14010000705813682,,,1,3014010000575009161,32579
9011001001100000,414,14010000705813768,,,1,3014010000575009161,32583
9011001001100000,414,14010000705813833,,,1,3014010000575009161,32587
9011001001100000,414,14010000705814007,,,1,3014010000575009161,32602
9011001001100000,414,14010000705814095,,,1,3014010000575009161,32606
9011001001100000,414,14010000705814356,,,1,3014010000575009161,32618
9011001001100000,414,14010000705814487,,,1,3014010000575009161,32627
9011001001100000,413,14010000713075972,,,1,3014010000575009161,30576
9011001001100000,413,14010000713075843,,,1,3014010000575009161,30562
9011001001100000,413,14010000713075929,,,1,3014010000575009161,30571
9011001001100000,389,14010000732443648,,,1,3014010000575009161,34038
9011001001100000,389,14010000732443734,,,1,3014010000575009161,34042
9011001001100000,389,14010000732443820,,,1,3014010000575009161,34046
9011001001100000,389,14010000732444336,,,1,3014010000575009161,34071
9011001001100000,389,14010000732445213,,,1,3014010000575009161,34251
9011001001100000,389,14010000732445299,,,1,3014010000575009161,34255
9011001001100000,389,14010000732445901,,,1,3014010000575009161,34283
9011001001100000,389,14010000732446073,,,1,3014010000575009161,34291
9011001001100000,389,14010000732446245,,,1,3014010000575009161,34299
9011001001100000,389,14010000732446417,,,1,3014010000575009161,34308
9011001001100000,413,14010000732449748,,,1,3014010000575009161,30099
9011001001100000,389,14010000732443390,,,1,3014010000575009161,34021
9011001001100000,389,14010000732443562,,,1,3014010000575009161,34034
9011001001100000,389,14010000732444164,,,1,3014010000575009161,34062
9011001001100000,389,14010000732444250,,,1,3014010000575009161,34066
9011001001100000,389,14010000732444443,,,1,3014010000575009161,34081
9011001001100000,389,14010000732444889,,,1,3014010000575009161,34235
9011001001100000,389,14010000732445041,,,1,3014010000575009161,34243
9011001001100000,389,14010000732445729,,,1,3014010000575009161,34275
9011001001100000,389,14010000732445987,,,1,3014010000575009161,34287
9011001001100000,389,14010000732446159,,,1,3014010000575009161,34295
9011001001100000,389,14010000732446331,,,1,3014010000575009161,34303
9011001001100000,389,14010000732446569,,,1,3014010000575009161,34319
9011001001100000,389,14010000732446655,,,1,3014010000575009161,34323
9011001001100000,389,14010000732446808,,,1,3014010000575009161,34331
9011001001100000,413,14010000732450136,,,1,3014010000575009161,30375
9011001001100000,389,14010000732443476,,,1,3014010000575009161,34028
9011001001100000,389,14010000732443906,,,1,3014010000575009161,34050
9011001001100000,389,14010000732443992,,,1,3014010000575009161,34054
9011001001100000,389,14010000732444955,,,1,3014010000575009161,34239
9011001001100000,389,14010000732445127,,,1,3014010000575009161,34247
9011001001100000,389,14010000732445471,,,1,3014010000575009161,34263
9011001001100000,389,14010000732445643,,,1,3014010000575009161,34271
9011001001100000,389,14010000732445815,,,1,3014010000575009161,34279
9011001001100000,389,14010000732446503,,,1,3014010000575009161,34315
9011001001100000,389,14010000732444078,,,1,3014010000575009161,34058
9011001001100000,389,14010000732445385,,,1,3014010000575009161,34259
9011001001100000,389,14010000732445557,,,1,3014010000575009161,34267
9011001001100000,385,14010100702566297,,,1,3014010000575009161,36380
9011001001100000,414,14010100702569377,,,1,3014010000575009161,32061
9011001001100000,414,14010100702569557,,,1,3014010000575009161,32071
9011001001100000,414,14010100702569647,,,1,3014010000575009161,32075
9011001001100000,414,14010100702569917,,,1,3014010000575009161,32087
9011001001100000,414,14010100702570457,,,1,3014010000575009161,32111
9011001001100000,414,14010100702570547,,,1,3014010000575009161,32115
9011001001100000,414,14010100702570637,,,1,3014010000575009161,32119
9011001001100000,414,14010100702571536,,,1,3014010000575009161,32161
9011001001100000,414,14010100702572114,,,1,3014010000575009161,32190
9011001001100000,414,14010100702572372,,,1,3014010000575009161,32204
9011001001100000,414,14010100702568882,,,1,3014010000575009161,32022
9011001001100000,414,14010100702569467,,,1,3014010000575009161,32066
9011001001100000,415,14010100702570187,,,1,3014010000575009161,32099
9011001001100000,414,14010100702570367,,,1,3014010000575009161,32107
9011001001100000,414,14010100702570727,,,1,3014010000575009161,32123
9011001001100000,414,14010100702570907,,,1,3014010000575009161,32131
9011001001100000,414,14010100702571087,,,1,3014010000575009161,32139
9011001001100000,414,14010100702571177,,,1,3014010000575009161,32143
9011001001100000,414,14010100702572802,,,1,3014010000575009161,32225
9011001001100000,414,14010100702573060,,,1,3014010000575009161,32237
9011001001100000,414,14010100702573146,,,1,3014010000575009161,32241
9011001001100000,414,14010100702573662,,,1,3014010000575009161,32265
9011001001100000,414,14010100702573748,,,1,3014010000575009161,32269
9011001001100000,414,14010100702573834,,,1,3014010000575009161,32273
9011001001100000,414,14010100702574006,,,1,3014010000575009161,32281
9011001001100000,414,14010100702574092,,,1,3014010000575009161,32285
9011001001100000,414,14010100702574178,,,1,3014010000575009161,32289
9011001001100000,414,14010100702574634,,,1,3014010000575009161,32314
9011001001100000,414,14010100702575015,,,1,3014010000575009161,32334
9011001001100000,414,14010100702571357,,,1,3014010000575009161,32153
9011001001100000,415,14010100702571425,,,1,3014010000575009161,32156
9011001001100000,414,14010100702571873,,,1,3014010000575009161,32176
9011001001100000,414,14010100702572027,,,1,3014010000575009161,32184
9011001001100000,414,14010100702572888,,,1,3014010000575009161,32229
9011001001100000,414,14010100702573404,,,1,3014010000575009161,32253
9011001001100000,414,14010100702573576,,,1,3014010000575009161,32261
9011001001100000,411,14010100702574746,,,1,3014010000575009161,30321
9011001001100000,414,14010100702574925,,,1,3014010000575009161,32329
9011001001100000,414,14010100702575285,,,1,3014010000575009161,32347
9011001001100000,414,14010100702575375,,,1,3014010000575009161,32351
9011001001100000,385,14010100702560807,,,1,3014010000575009161,36123
9011001001100000,414,14010100702568972,,,1,3014010000575009161,32028
9011001001100000,414,14010100702569062,,,1,3014010000575009161,32038
9011001001100000,414,14010100702569737,,,1,3014010000575009161,32079
9011001001100000,414,14010100702569827,,,1,3014010000575009161,32083
9011001001100000,415,14010100702575915,,,1,3014010000575009161,32375
9011001001100000,414,14010100702576635,,,1,3014010000575009161,32407
9011001001100000,414,14010100702576725,,,1,3014010000575009161,32411
9011001001100000,414,14010100702576815,,,1,3014010000575009161,32415
9011001001100000,414,14010100702577265,,,1,3014010000575009161,32437
9011001001100000,414,14010100702577750,,,1,3014010000575009161,32464
9011001001100000,414,14010100702577922,,,1,3014010000575009161,32473
9011001001100000,414,14010100702578094,,,1,3014010000575009161,32482
9011001001100000,411,14010100702578180,,,1,3014010000575009161,30488
9011001001100000,411,14010100702578503,,,1,3014010000575009161,30511
9011001001100000,414,14010100702575105,,,1,3014010000575009161,32339
9011001001100000,414,14010100702575645,,,1,3014010000575009161,32363
9011001001100000,414,14010100702575825,,,1,3014010000575009161,32371
9011001001100000,414,14010100702576095,,,1,3014010000575009161,32383
9011001001100000,414,14010100702576365,,,1,3014010000575009161,32395
9011001001100000,414,14010100702577423,,,1,3014010000575009161,32444
9011001001100000,414,14010100702577513,,,1,3014010000575009161,32449
9011001001100000,414,14010100702577578,,,1,3014010000575009161,32454
9011001001100000,414,14010100702578008,,,1,3014010000575009161,32477
9011001001100000,411,14010100702578438,,,1,3014010000575009161,30507
9011001001100000,414,14010100702571267,,,1,3014010000575009161,32148
9011001001100000,414,14010100702571961,,,1,3014010000575009161,32180
9011001001100000,414,14010100702572286,,,1,3014010000575009161,32200
9011001001100000,414,14010100702572544,,,1,3014010000575009161,32213
9011001001100000,414,14010100702572974,,,1,3014010000575009161,32233
9011001001100000,414,14010100702573318,,,1,3014010000575009161,32249
9011001001100000,414,14010100702578589,,,1,3014010000575009161,32509
9011001001100000,411,14010100702578675,,,1,3014010000575009161,30525
9011001001100000,411,14010100702578761,,,1,3014010000575009161,30531
9011001001100000,411,14010100702578808,,,1,3014010000575009161,30535
9011001001100000,414,14010100702573920,,,1,3014010000575009161,32277
9011001001100000,414,14010100702574350,,,1,3014010000575009161,32298
9011001001100000,414,14010100702575195,,,1,3014010000575009161,32343
9011001001100000,414,14010100702575465,,,1,3014010000575009161,32355
9011001001100000,414,14010100702576005,,,1,3014010000575009161,32379
9011001001100000,385,14010100705801877,,,1,3014010000575009161,36090
9011001001100000,385,14010100705802143,,,1,3014010000575009161,36107
9011001001100000,411,14010100705812729,,,1,3014010000575009161,30543
9011001001100000,389,14010100705813335,,,1,3014010000575009161,34441
9011001001100000,389,14010100705813595,,,1,3014010000575009161,34453
9011001001100000,414,14010100702576275,,,1,3014010000575009161,32391
9011001001100000,414,14010100702576455,,,1,3014010000575009161,32399
9011001001100000,414,14010100702576905,,,1,3014010000575009161,32419
9011001001100000,414,14010100702576995,,,1,3014010000575009161,32425
9011001001100000,414,14010100702577175,,,1,3014010000575009161,32433
9011001001100000,414,14010100702577664,,,1,3014010000575009161,32459
9011001001100000,414,14010100702577836,,,1,3014010000575009161,32468
9011001001100000,411,14010100702578266,,,1,3014010000575009161,30494
9011001001100000,411,14010100702578352,,,1,3014010000575009161,30500
9011001001100000,389,14010100705814007,,,1,3014010000575009161,34480
9011001001100000,389,14010100705814269,,,1,3014010000575009161,34492
9011001001100000,389,14010100705814356,,,1,3014010000575009161,34496
9011001001100000,389,14010100705814443,,,1,3014010000575009161,34500
9011001001100000,389,14010100705814487,,,1,3014010000575009161,34505
9011001001100000,385,14010100705801811,,,1,3014010000575009161,36085
9011001001100000,385,14010100705802049,,,1,3014010000575009161,36099
9011001001100000,385,14010100705802096,,,1,3014010000575009161,36103
9011001001100000,411,14010100705812815,,,1,3014010000575009161,30547
9011001001100000,411,14010100705812902,,,1,3014010000575009161,30551
9011001001100000,414,14010100705812642,,,1,3014010000575009161,32531
9011001001100000,414,14010100705812988,,,1,3014010000575009161,32547
9011001001100000,411,14010100705813162,,,1,3014010000575009161,30564
9011001001100000,389,14010100705813682,,,1,3014010000575009161,34457
9011001001100000,389,14010100705813920,,,1,3014010000575009161,34472
9011001001100000,389,14010100705813421,,,1,3014010000575009161,34445
9011001001100000,389,14010100705813508,,,1,3014010000575009161,34449
9011001001100000,389,14010100705814095,,,1,3014010000575009161,34484
9011001001100000,389,14010100705814182,,,1,3014010000575009161,34488
9011001001100000,411,14010100713075972,,,1,3014010000575009161,30584
9011001001100000,411,14010100713075843,,,1,3014010000575009161,30570
9011001001100000,385,14010100702565217,,,1,3014010000575009161,36327
9011001001100000,414,14010100702569175,,,1,3014010000575009161,32045
9011001001100000,414,14010100702569287,,,1,3014010000575009161,32053
9011001001100000,414,14010100702570007,,,1,3014010000575009161,32091
9011001001100000,414,14010100702570097,,,1,3014010000575009161,32095
9011001001100000,414,14010100702570277,,,1,3014010000575009161,32103
9011001001100000,414,14010100702570817,,,1,3014010000575009161,32127
9011001001100000,414,14010100702570997,,,1,3014010000575009161,32135
9011001001100000,415,14010100702571604,,,1,3014010000575009161,32164
9011001001100000,415,14010100702571716,,,1,3014010000575009161,32168
9011001001100000,411,14010100702571806,,,1,3014010000575009161,30173
9011001001100000,414,14010100702572200,,,1,3014010000575009161,32195
9011001001100000,414,14010100702572458,,,1,3014010000575009161,32209
9011001001100000,414,14010100702572630,,,1,3014010000575009161,32217
9011001001100000,414,14010100702572716,,,1,3014010000575009161,32221
9011001001100000,414,14010100702573232,,,1,3014010000575009161,32245
9011001001100000,414,14010100702573490,,,1,3014010000575009161,32257
9011001001100000,414,14010100702574264,,,1,3014010000575009161,32293
9011001001100000,414,14010100702574436,,,1,3014010000575009161,32303
9011001001100000,414,14010100702574546,,,1,3014010000575009161,32308
9011001001100000,415,14010100702574813,,,1,3014010000575009161,32324
9011001001100000,414,14010100702575555,,,1,3014010000575009161,32359
9011001001100000,414,14010100702575735,,,1,3014010000575009161,32367
9011001001100000,414,14010100702576185,,,1,3014010000575009161,32387
9011001001100000,414,14010100702576545,,,1,3014010000575009161,32403
9011001001100000,414,14010100702577085,,,1,3014010000575009161,32429
9011001001100000,414,14010100702577333,,,1,3014010000575009161,32440
9011001001100000,385,14010100732443648,,,1,3014010000575009161,36038
9011001001100000,385,14010100732443906,,,1,3014010000575009161,36050
9011001001100000,385,14010100732444889,,,1,3014010000575009161,36235
9011001001100000,385,14010100732445471,,,1,3014010000575009161,36263
9011001001100000,385,14010100732445729,,,1,3014010000575009161,36275
9011001001100000,385,14010100732446808,,,1,3014010000575009161,36331
9011001001100000,416,14010100732450136,,,1,3014010000575009161,32375
9011001001100000,385,14010100732443562,,,1,3014010000575009161,36034
9011001001100000,385,14010100732443734,,,1,3014010000575009161,36042
9011001001100000,385,14010100732443820,,,1,3014010000575009161,36046
9011001001100000,385,14010100732444250,,,1,3014010000575009161,36066
9011001001100000,385,14010100732444336,,,1,3014010000575009161,36071
9011001001100000,385,14010100732444443,,,1,3014010000575009161,36081
9011001001100000,385,14010100732444955,,,1,3014010000575009161,36239
9011001001100000,385,14010100732445299,,,1,3014010000575009161,36255
9011001001100000,385,14010100732445385,,,1,3014010000575009161,36259
9011001001100000,385,14010100732445901,,,1,3014010000575009161,36283
9011001001100000,385,14010100732446073,,,1,3014010000575009161,36291
9011001001100000,385,14010100732446503,,,1,3014010000575009161,36315
9011001001100000,416,14010100732449748,,,1,3014010000575009161,32099
9011001001100000,385,14010100732443476,,,1,3014010000575009161,36028
9011001001100000,385,14010100732443992,,,1,3014010000575009161,36054
9011001001100000,385,14010100732444164,,,1,3014010000575009161,36062
9011001001100000,385,14010100732445127,,,1,3014010000575009161,36247
9011001001100000,385,14010100732445213,,,1,3014010000575009161,36251
9011001001100000,385,14010100732445987,,,1,3014010000575009161,36287
9011001001100000,385,14010100732446245,,,1,3014010000575009161,36299
9011001001100000,385,14010100732446331,,,1,3014010000575009161,36303
9011001001100000,385,14010100732446569,,,1,3014010000575009161,36319
9011001001100000,385,14010100705801963,,,1,3014010000575009161,36095
9011001001100000,411,14010100705813075,,,1,3014010000575009161,30559
9011001001100000,389,14010100705813249,,,1,3014010000575009161,34437
9011001001100000,389,14010100705813768,,,1,3014010000575009161,34461
9011001001100000,389,14010100705813833,,,1,3014010000575009161,34465
9011001001100000,416,14010200702571604,,,1,3014010000575009161,32165
9011001001100000,416,14010200702571716,,,1,3014010000575009161,32169
9011001001100000,414,14010200702571806,,,1,3014010000575009161,32173
9011001001100000,389,14010200702572200,,,1,3014010000575009161,34115
9011001001100000,389,14010200702572888,,,1,3014010000575009161,34147
9011001001100000,389,14010200702573232,,,1,3014010000575009161,34167
9011001001100000,389,14010200702573404,,,1,3014010000575009161,34175
9011001001100000,389,14010200702573490,,,1,3014010000575009161,34179
9011001001100000,389,14010200702573748,,,1,3014010000575009161,34191
9011001001100000,389,14010200702574006,,,1,3014010000575009161,34203
9011001001100000,389,14010200702574178,,,1,3014010000575009161,34211
9011001001100000,389,14010200702574350,,,1,3014010000575009161,34219
9011001001100000,389,14010200702577578,,,1,3014010000575009161,34335
9011001001100000,389,14010200702577836,,,1,3014010000575009161,34347
9011001001100000,389,14010200702577922,,,1,3014010000575009161,34351
9011001001100000,389,14010200702572114,,,1,3014010000575009161,34111
9011001001100000,389,14010200702572458,,,1,3014010000575009161,34127
9011001001100000,389,14010200702572630,,,1,3014010000575009161,34135
9011001001100000,389,14010200702572716,,,1,3014010000575009161,34139
9011001001100000,389,14010200702573576,,,1,3014010000575009161,34183
9011001001100000,389,14010200702573834,,,1,3014010000575009161,34195
9011001001100000,389,14010200702573920,,,1,3014010000575009161,34199
9011001001100000,389,14010200702577750,,,1,3014010000575009161,34343
9011001001100000,389,14010200702578094,,,1,3014010000575009161,34360
9011001001100000,414,14010200702578352,,,1,3014010000575009161,32496
9011001001100000,414,14010200702578503,,,1,3014010000575009161,32505
9011001001100000,389,14010200702572286,,,1,3014010000575009161,34119
9011001001100000,389,14010200702572544,,,1,3014010000575009161,34131
9011001001100000,389,14010200702573060,,,1,3014010000575009161,34156
9011001001100000,389,14010200702573146,,,1,3014010000575009161,34163
9011001001100000,389,14010200702573318,,,1,3014010000575009161,34171
9011001001100000,389,14010200702573662,,,1,3014010000575009161,34187
9011001001100000,389,14010200702574092,,,1,3014010000575009161,34207
9011001001100000,389,14010200702574264,,,1,3014010000575009161,34215
9011001001100000,389,14010200702574436,,,1,3014010000575009161,34223
9011001001100000,389,14010200702574546,,,1,3014010000575009161,34227
9011001001100000,389,14010200702574634,,,1,3014010000575009161,34231
9011001001100000,414,14010200702574746,,,1,3014010000575009161,32321
9011001001100000,389,14010200702577664,,,1,3014010000575009161,34339
9011001001100000,414,14010200702578180,,,1,3014010000575009161,32487
9011001001100000,414,14010200702578675,,,1,3014010000575009161,32517
9011001001100000,411,14010100713075929,,,1,3014010000575009161,30579
9011001001100000,414,14010200702578438,,,1,3014010000575009161,32502
9011001001100000,389,14010200705812642,,,1,3014010000575009161,34409
9011001001100000,389,14010200705812988,,,1,3014010000575009161,34425
9011001001100000,414,14010200705812815,,,1,3014010000575009161,32539
9011001001100000,385,14010200713075843,,,1,3014010000575009161,36439
9011001001100000,385,14010300702572716,,,1,3014010000575009161,36139
9011001001100000,385,14010300702573060,,,1,3014010000575009161,36156
9011001001100000,385,14010300702573232,,,1,3014010000575009161,36167
9011001001100000,385,14010300702573834,,,1,3014010000575009161,36195
9011001001100000,385,14010300702574006,,,1,3014010000575009161,36203
9011001001100000,385,14010300702574092,,,1,3014010000575009161,36207
9011001001100000,385,14010300702574264,,,1,3014010000575009161,36215
9011001001100000,385,14010300702574546,,,1,3014010000575009161,36227
9011001001100000,385,14010300702574634,,,1,3014010000575009161,36231
9011001001100000,385,14010300702577922,,,1,3014010000575009161,36351
9011001001100000,385,14010300702578008,,,1,3014010000575009161,36355
9011001001100000,389,14010300702578761,,,1,3014010000575009161,34400
9011001001100000,385,14010300702572114,,,1,3014010000575009161,36111
9011001001100000,385,14010300702572200,,,1,3014010000575009161,36115
9011001001100000,385,14010300702572458,,,1,3014010000575009161,36127
9011001001100000,385,14010300702572802,,,1,3014010000575009161,36143
9011001001100000,385,14010300702572974,,,1,3014010000575009161,36151
9011001001100000,385,14010300702573318,,,1,3014010000575009161,36171
9011001001100000,385,14010300702572544,,,1,3014010000575009161,36131
9011001001100000,385,14010300702577836,,,1,3014010000575009161,36347
9011001001100000,385,14010300702573404,,,1,3014010000575009161,36175
9011001001100000,385,14010300702573662,,,1,3014010000575009161,36187
9011001001100000,385,14010300702573920,,,1,3014010000575009161,36199
9011001001100000,385,14010300702574178,,,1,3014010000575009161,36211
9011001001100000,385,14010300702574436,,,1,3014010000575009161,36223
9011001001100000,389,14010300702578266,,,1,3014010000575009161,34370
9011001001100000,389,14010300702578675,,,1,3014010000575009161,34394
9011001001100000,389,14010300705812729,,,1,3014010000575009161,34413
9011001001100000,389,14010300705812815,,,1,3014010000575009161,34417
9011001001100000,389,14010300705812902,,,1,3014010000575009161,34421
9011001001100000,385,14010300702578094,,,1,3014010000575009161,36360
9011001001100000,389,14010300702578352,,,1,3014010000575009161,34374
9011001001100000,385,14010300702578589,,,1,3014010000575009161,36387
9011001001100000,385,14010300705812642,,,1,3014010000575009161,36409
9011001001100000,389,14010300705813075,,,1,3014010000575009161,34429
9011001001100000,389,14010300705813162,,,1,3014010000575009161,34433
9011001001100000,385,14010400702578352,,,1,3014010000575009161,36374
9011001001100000,385,14010400702578761,,,1,3014010000575009161,36400
9011001001100000,385,14010400705812815,,,1,3014010000575009161,36417
9011001001100000,385,14010400705813075,,,1,3014010000575009161,36429
9011001001100000,385,14010400702578266,,,1,3014010000575009161,36370
9011001001100000,385,14010400702578503,,,1,3014010000575009161,36383
9011001001100000,385,14010400705812729,,,1,3014010000575009161,36413
9011001001100000,385,14010400705813162,,,1,3014010000575009161,36434
9011001001100000,385,14010100732443390,,,1,3014010000575009161,36021
9011001001100000,385,14010100732444078,,,1,3014010000575009161,36058
9011001001100000,385,14010100732445041,,,1,3014010000575009161,36243
9011001001100000,385,14010100732445557,,,1,3014010000575009161,36267
9011001001100000,385,14010100732445643,,,1,3014010000575009161,36271
9011001001100000,385,14010100732445815,,,1,3014010000575009161,36279
9011001001100000,385,14010100732446159,,,1,3014010000575009161,36295
9011001001100000,385,14010100732446417,,,1,3014010000575009161,36308
9011001001100000,385,14010100732446655,,,1,3014010000575009161,36323
9011001001100000,416,14010200702571425,,,1,3014010000575009161,32157
9011001001100000,389,14010200702572802,,,1,3014010000575009161,34143
9011001001100000,389,14010200702572974,,,1,3014010000575009161,34151
9011001001100000,416,14010200702574813,,,1,3014010000575009161,32325
9011001001100000,389,14010200702578008,,,1,3014010000575009161,34355
9011001001100000,414,14010200702578266,,,1,3014010000575009161,32492
9011001001100000,389,14010200702578589,,,1,3014010000575009161,34388
9011001001100000,414,14010200702578761,,,1,3014010000575009161,32523
9011001001100000,414,14010200702578808,,,1,3014010000575009161,32527
9011001001100000,414,14010200705812729,,,1,3014010000575009161,32535
9011001001100000,414,14010200705812902,,,1,3014010000575009161,32543
9011001001100000,414,14010200705813075,,,1,3014010000575009161,32551
9011001001100000,414,14010200705813162,,,1,3014010000575009161,32555
9011001001100000,385,14010200713075929,,,1,3014010000575009161,36449
9011001001100000,385,14010200713075972,,,1,3014010000575009161,36454
9011001001100000,385,14010300702572286,,,1,3014010000575009161,36119
9011001001100000,385,14010300702572630,,,1,3014010000575009161,36135
9011001001100000,385,14010300702572888,,,1,3014010000575009161,36147
9011001001100000,385,14010300702573146,,,1,3014010000575009161,36163
9011001001100000,385,14010300702573490,,,1,3014010000575009161,36179
9011001001100000,385,14010300702573576,,,1,3014010000575009161,36183
9011001001100000,385,14010300702573748,,,1,3014010000575009161,36191
9011001001100000,385,14010300702574350,,,1,3014010000575009161,36219
9011001001100000,385,14010300702577578,,,1,3014010000575009161,36335
9011001001100000,385,14010300702577664,,,1,3014010000575009161,36339
9011001001100000,385,14010300702577750,,,1,3014010000575009161,36343
9011001001100000,389,14010300702578180,,,1,3014010000575009161,34365
9011001001100000,389,14010300702578503,,,1,3014010000575009161,34383
9011001001100000,389,14010300702578808,,,1,3014010000575009161,34405
9011001001100000,385,14010300705812988,,,1,3014010000575009161,36425
9011001001100000,385,14010400702578180,,,1,3014010000575009161,36365
9011001001100000,385,14010400702578675,,,1,3014010000575009161,36394
9011001001100000,385,14010400702578808,,,1,3014010000575009161,36405
9011001001100000,385,14010400705812902,,,1,3014010000575009161,36421
9011001001100000,411,14010000702566657,,,0,3014010000313482682,30532
9011001001100000,411,14010000702567017,,,0,3014010000313482682,30548
9011001001100000,411,14010000702569107,,,0,3014010000558839901,30040
9011001001100000,412,14010000702569355,,,0,3014010000558839901,30059
9011001001100000,412,14010000702569445,,,0,3014010000558839901,30064
9011001001100000,412,14010000702569895,,,0,3014010000558839901,30086
9011001001100000,412,14010000702569985,,,0,3014010000558839901,30090
9011001001100000,412,14010000702570075,,,0,3014010000558839901,30094
9011001001100000,412,14010000702570345,,,0,3014010000558839901,30106
9011001001100000,412,14010000702570615,,,0,3014010000558839901,30118
9011001001100000,412,14010000702571335,,,0,3014010000558839901,30152
9011001001100000,412,14010000702571894,,,0,3014010000558839901,30177
9011001001100000,412,14010000702571982,,,0,3014010000558839901,30181
9011001001100000,412,14010000702572093,,,0,3014010000558839901,30189
9011001001100000,412,14010000702572265,,,0,3014010000558839901,30198
9011001001100000,389,14010000702565465,,,0,3014010000558839901,34338
9011001001100000,412,14010000702569197,,,0,3014010000558839901,30048
9011001001100000,412,14010000702569805,,,0,3014010000558839901,30082
9011001001100000,412,14010000702570255,,,0,3014010000558839901,30102
9011001001100000,412,14010000702570435,,,0,3014010000558839901,30110
9011001001100000,412,14010000702570795,,,0,3014010000558839901,30126
9011001001100000,412,14010000702570885,,,0,3014010000558839901,30130
9011001001100000,412,14010000702573383,,,0,3014010000558839901,30252
9011001001100000,412,14010000702573469,,,0,3014010000558839901,30256
9011001001100000,412,14010000702573555,,,0,3014010000558839901,30260
9011001001100000,412,14010000702573813,,,0,3014010000558839901,30272
9011001001100000,412,14010000702573899,,,0,3014010000558839901,30276
9011001001100000,412,14010000702573985,,,0,3014010000558839901,30280
9011001001100000,389,14010000702559975,,,0,3014010000558839901,34084
9011001001100000,412,14010000702568754,,,0,3014010000313482657,30009
9011001001100000,412,14010000702568950,,,0,3014010000313482682,30027
9011001001100000,412,14010000702569535,,,0,3014010000558839901,30070
9011001001100000,412,14010000702569625,,,0,3014010000558839901,30074
9011001001100000,412,14010000702571065,,,0,3014010000558839901,30138
9011001001100000,412,14010000702571155,,,0,3014010000558839901,30142
9011001001100000,412,14010000702571245,,,0,3014010000558839901,30147
9011001001100000,412,14010000702571694,,,0,3014010000558839901,30168
9011001001100000,412,14010000702572179,,,0,3014010000558839901,30194
9011001001100000,412,14010000702572351,,,0,3014010000558839901,30203
9011001001100000,412,14010000702572437,,,0,3014010000558839901,30208
9011001001100000,412,14010000702572523,,,0,3014010000558839901,30212
9011001001100000,412,14010000702572695,,,0,3014010000558839901,30220
9011001001100000,412,14010000702572781,,,0,3014010000558839901,30224
9011001001100000,412,14010000702572953,,,0,3014010000558839901,30232
9011001001100000,412,14010000702573125,,,0,3014010000558839901,30240
9011001001100000,412,14010000702572867,,,0,3014010000558839901,30228
9011001001100000,412,14010000702573297,,,0,3014010000558839901,30248
9011001001100000,412,14010000702573641,,,0,3014010000558839901,30264
9011001001100000,412,14010000702574502,,,0,3014010000558839901,30306
9011001001100000,412,14010000702575533,,,0,3014010000558839901,30358
9011001001100000,412,14010000702576073,,,0,3014010000558839901,30382
9011001001100000,412,14010000702576163,,,0,3014010000558839901,30386
9011001001100000,412,14010000702574071,,,0,3014010000558839901,30284
9011001001100000,412,14010000702574329,,,0,3014010000558839901,30297
9011001001100000,411,14010000702574724,,,0,3014010000558839901,30320
9011001001100000,411,14010000702574835,,,0,3014010000558839901,30325
9011001001100000,412,14010000702574903,,,0,3014010000558839901,30328
9011001001100000,412,14010000702575353,,,0,3014010000558839901,30350
9011001001100000,412,14010000702575443,,,0,3014010000558839901,30354
9011001001100000,412,14010000702575713,,,0,3014010000558839901,30366
9011001001100000,411,14010000702576253,,,0,3014010000558839901,30390
9011001001100000,412,14010000702576703,,,0,3014010000558839901,30410
9011001001100000,412,14010000702576883,,,0,3014010000558839901,30418
9011001001100000,412,14010000702577643,,,0,3014010000558839901,30458
9011001001100000,412,14010000702577987,,,0,3014010000558839901,30476
9011001001100000,413,14010000702578245,,,0,3014010000558839901,30491
9011001001100000,412,14010000702576793,,,0,3014010000558839901,30414
9011001001100000,412,14010000702577243,,,0,3014010000558839901,30436
9011001001100000,412,14010000702577557,,,0,3014010000558839901,30452
9011001001100000,412,14010000702577729,,,0,3014010000558839901,30462
9011001001100000,412,14010000702577901,,,0,3014010000558839901,30472
9011001001100000,412,14010000702578073,,,0,3014010000558839901,30480
9011001001100000,413,14010000702578524,,,0,3014010000313482682,30506
9011001001100000,413,14010000702578696,,,0,3014010000313482682,30518
9011001001100000,412,14010000702574656,,,0,3014010000558839901,30315
9011001001100000,412,14010000702575083,,,0,3014010000558839901,30338
9011001001100000,412,14010000702575623,,,0,3014010000558839901,30362
9011001001100000,412,14010000702575803,,,0,3014010000558839901,30370
9011001001100000,412,14010000702575893,,,0,3014010000558839901,30374
9011001001100000,412,14010000702576523,,,0,3014010000558839901,30402
9011001001100000,412,14010000702576613,,,0,3014010000558839901,30406
9011001001100000,412,14010000702576973,,,0,3014010000558839901,30424
9011001001100000,412,14010000702577445,,,0,3014010000558839901,30445
9011001001100000,412,14010000702577815,,,0,3014010000558839901,30467
9011001001100000,413,14010000702578331,,,0,3014010000558839901,30495
9011001001100000,413,14010000702578417,,,0,3014010000558839901,30501
9011001001100000,413,14010000702578610,,,0,3014010000313482682,30511
9011001001100000,389,14010000702561055,,,0,3014010000558839901,34134
9011001001100000,412,14010000702568777,,,0,3014010000313482682,30012
9011001001100000,412,14010000702568792,,,0,3014010000575017425,30016
9011001001100000,412,14010000702568860,,,0,3014010000313482682,30020
9011001001100000,412,14010000702569040,,,0,3014010000558839901,30036
9011001001100000,412,14010000702569265,,,0,3014010000558839901,30052
9011001001100000,412,14010000702569715,,,0,3014010000558839901,30078
9011001001100000,412,14010000702570165,,,0,3014010000558839901,30098
9011001001100000,411,14010000702570525,,,0,3014010000558839901,30114
9011001001100000,412,14010000702570705,,,0,3014010000558839901,30122
9011001001100000,412,14010000702570975,,,0,3014010000558839901,30134
9011001001100000,412,14010000702571447,,,0,3014010000558839901,30157
9011001001100000,412,14010000702571514,,,0,3014010000558839901,30160
9011001001100000,412,14010000702571626,,,0,3014010000558839901,30165
9011001001100000,411,14010000702571784,,,0,3014010000558839901,30172
9011001001100000,412,14010000702572609,,,0,3014010000558839901,30216
9011001001100000,412,14010000702573039,,,0,3014010000558839901,30236
9011001001100000,412,14010000702573211,,,0,3014010000558839901,30244
9011001001100000,412,14010000702573727,,,0,3014010000558839901,30268
9011001001100000,412,14010000702574157,,,0,3014010000558839901,30288
9011001001100000,412,14010000702574243,,,0,3014010000558839901,30292
9011001001100000,412,14010000702574415,,,0,3014010000558839901,30302
9011001001100000,412,14010000702574568,,,0,3014010000558839901,30311
9011001001100000,412,14010000702574993,,,0,3014010000558839901,30333
9011001001100000,412,14010000702575173,,,0,3014010000558839901,30342
9011001001100000,412,14010000702575263,,,0,3014010000558839901,30346
9011001001100000,412,14010000702575983,,,0,3014010000558839901,30378
9011001001100000,412,14010000702576343,,,0,3014010000558839901,30394
9011001001100000,412,14010000702576433,,,0,3014010000558839901,30398
9011001001100000,412,14010000702577063,,,0,3014010000558839901,30428
9011001001100000,412,14010000702577153,,,0,3014010000558839901,30432
9011001001100000,412,14010000702577355,,,0,3014010000558839901,30441
9011001001100000,412,14010000702578159,,,0,3014010000558839901,30486
9011001001100000,413,14010000705812595,,,0,3014010000313482682,30528
9011001001100000,414,14010000705813356,,,0,3014010000313482682,32564
9011001001100000,414,14010000705813529,,,0,3014010000313482682,32572
9011001001100000,414,14010000705813616,,,0,3014010000313482682,32576
9011001001100000,414,14010000705813703,,,0,3014010000313482682,32580
9011001001100000,414,14010000705814335,,,0,3014010000313482682,32617
9011001001100000,414,14010000705813096,,,0,3014010000313482682,32552
9011001001100000,414,14010000705813270,,,0,3014010000313482682,32560
9011001001100000,414,14010000705813789,,,0,3014010000313482682,32584
9011001001100000,414,14010000705813899,,,0,3014010000313482682,32593
9011001001100000,414,14010000705814248,,,0,3014010000313482682,32613
9011001001100000,389,14010000705801856,,,0,3014010000558839901,34089
9011001001100000,389,14010000705801942,,,0,3014010000558839901,34094
9011001001100000,389,14010000705802028,,,0,3014010000558839901,34098
9011001001100000,413,14010000705812663,,,0,3014010000313482682,30532
9011001001100000,413,14010000705812836,,,0,3014010000313482682,30540
9011001001100000,413,14010000705812923,,,0,3014010000313482682,30544
9011001001100000,414,14010000705813183,,,0,3014010000313482682,32556
9011001001100000,414,14010000705813986,,,0,3014010000313482682,32601
9011001001100000,414,14010000705814422,,,0,3014010000313482682,32621
9011001001100000,413,14010000705812547,,,0,3014010000313482682,30524
9011001001100000,413,14010000705812750,,,0,3014010000313482682,30536
9011001001100000,413,14010000705813009,,,0,3014010000313482682,30548
9011001001100000,414,14010000705813442,,,0,3014010000313482682,32568
9011001001100000,414,14010000705814074,,,0,3014010000313482682,32605
9011001001100000,414,14010000705814161,,,0,3014010000313482682,32609
9011001001100000,413,14010000732439854,,,0,3014010000313482682,30552
9011001001100000,389,14010000732443282,,,0,3014010000313482682,34009
9011001001100000,389,14010000732443411,,,0,3014010000313482682,34024
9011001001100000,389,14010000732443755,,,0,3014010000313482682,34043
9011001001100000,389,14010000732444013,,,0,3014010000313482682,34055
9011001001100000,389,14010000732444422,,,0,3014010000558839901,34080
9011001001100000,389,14010000732445106,,,0,3014010000558839901,34246
9011001001100000,389,14010000732445192,,,0,3014010000558839901,34250
9011001001100000,389,14010000732445278,,,0,3014010000558839901,34254
9011001001100000,389,14010000732445364,,,0,3014010000558839901,34258
9011001001100000,389,14010000732445450,,,0,3014010000558839901,34262
9011001001100000,389,14010000732445708,,,0,3014010000558839901,34274
9011001001100000,389,14010000732445794,,,0,3014010000558839901,34278
9011001001100000,389,14010000732445966,,,0,3014010000558839901,34286
9011001001100000,389,14010000732446310,,,0,3014010000558839901,34302
9011001001100000,389,14010000732446548,,,0,3014010000558839901,34318
9011001001100000,389,14010000732446720,,,0,3014010000558839901,34326
9011001001100000,389,14010000732446787,,,0,3014010000558839901,34330
9011001001100000,413,14010000732449638,,,0,3014010000558839901,30040
9011001001100000,389,14010000732443497,,,0,3014010000313482682,34029
9011001001100000,389,14010000732443583,,,0,3014010000313482682,34035
9011001001100000,389,14010000732443841,,,0,3014010000313482682,34047
9011001001100000,389,14010000732443927,,,0,3014010000313482682,34051
9011001001100000,389,14010000732444801,,,0,3014010000558839901,34230
9011001001100000,389,14010000732445536,,,0,3014010000558839901,34266
9011001001100000,389,14010000732445880,,,0,3014010000558839901,34282
9011001001100000,389,14010000732446052,,,0,3014010000558839901,34290
9011001001100000,389,14010000732446138,,,0,3014010000558839901,34294
9011001001100000,389,14010000732446224,,,0,3014010000558839901,34298
9011001001100000,389,14010000732446482,,,0,3014010000558839901,34314
9011001001100000,389,14010000732446634,,,0,3014010000558839901,34322
9011001001100000,413,14010000732450026,,,0,3014010000558839901,30325
9011001001100000,413,14010000732439914,,,0,3014010000313482682,30570
9011001001100000,389,14010000732443325,,,0,3014010000313482682,34015
9011001001100000,389,14010000732444185,,,0,3014010000313482682,34063
9011001001100000,389,14010000732444868,,,0,3014010000558839901,34234
9011001001100000,389,14010000732444934,,,0,3014010000558839901,34238
9011001001100000,389,14010000732445020,,,0,3014010000558839901,34242
9011001001100000,389,14010000732445622,,,0,3014010000558839901,34270
9011001001100000,389,14010000732446396,,,0,3014010000558839901,34307
9011001001100000,413,14010000732450171,,,0,3014010000558839901,30390
9011001001100000,413,14010000732439887,,,0,3014010000313482682,30560
9011001001100000,389,14010000732443669,,,0,3014010000313482682,34039
9011001001100000,389,14010000732444099,,,0,3014010000313482682,34059
9011001001100000,389,14010000732444271,,,0,3014010000313482682,34067
9011001001100000,389,14010000732444357,,,0,3014010000558839901,34074
9011001001100000,389,14010000732444754,,,0,3014010000558839901,34226
9011001001100000,413,14010000732449783,,,0,3014010000558839901,30114
9011001001100000,385,14010100702565465,,,0,3014010000558839901,36338
9011001001100000,414,14010100702568792,,,0,3014010000575017425,32016
9011001001100000,414,14010100702569040,,,0,3014010000558839901,32036
9011001001100000,414,14010100702569535,,,0,3014010000558839901,32070
9011001001100000,414,14010100702569625,,,0,3014010000558839901,32074
9011001001100000,414,14010100702569715,,,0,3014010000558839901,32078
9011001001100000,414,14010100702570255,,,0,3014010000558839901,32102
9011001001100000,415,14010100702570525,,,0,3014010000558839901,32114
9011001001100000,414,14010100702570975,,,0,3014010000558839901,32134
9011001001100000,416,14010100702571447,,,0,3014010000558839901,32156
9011001001100000,414,14010100702571514,,,0,3014010000558839901,32160
9011001001100000,414,14010100702571894,,,0,3014010000558839901,32177
9011001001100000,414,14010100702571982,,,0,3014010000558839901,32181
9011001001100000,414,14010100702572265,,,0,3014010000558839901,32198
9011001001100000,414,14010100702572351,,,0,3014010000558839901,32203
9011001001100000,414,14010100702568754,,,0,3014010000313482657,32009
9011001001100000,414,14010100702568860,,,0,3014010000313482682,32020
9011001001100000,415,14010100702569107,,,0,3014010000558839901,32040
9011001001100000,414,14010100702569197,,,0,3014010000558839901,32048
9011001001100000,414,14010100702569355,,,0,3014010000558839901,32059
9011001001100000,414,14010100702570795,,,0,3014010000558839901,32126
9011001001100000,414,14010100702571065,,,0,3014010000558839901,32138
9011001001100000,414,14010100702572867,,,0,3014010000558839901,32228
9011001001100000,414,14010100702573039,,,0,3014010000558839901,32236
9011001001100000,414,14010100702573297,,,0,3014010000558839901,32248
9011001001100000,414,14010100702573383,,,0,3014010000558839901,32252
9011001001100000,414,14010100702573555,,,0,3014010000558839901,32260
9011001001100000,414,14010100702573813,,,0,3014010000558839901,32272
9011001001100000,414,14010100702574243,,,0,3014010000558839901,32292
9011001001100000,414,14010100702574329,,,0,3014010000558839901,32297
9011001001100000,414,14010100702574415,,,0,3014010000558839901,32302
9011001001100000,413,14010100702574724,,,0,3014010000558839901,30321
9011001001100000,413,14010100702571784,,,0,3014010000558839901,30173
9011001001100000,414,14010100702572179,,,0,3014010000558839901,32194
9011001001100000,414,14010100702572781,,,0,3014010000558839901,32224
9011001001100000,414,14010100702572953,,,0,3014010000558839901,32232
9011001001100000,414,14010100702573727,,,0,3014010000558839901,32268
9011001001100000,414,14010100702574157,,,0,3014010000558839901,32288
9011001001100000,414,14010100702575173,,,0,3014010000558839901,32342
9011001001100000,385,14010100702559975,,,0,3014010000558839901,36084
9011001001100000,385,14010100702561055,,,0,3014010000558839901,36134
9011001001100000,414,14010100702568950,,,0,3014010000313482682,32027
9011001001100000,414,14010100702569445,,,0,3014010000558839901,32064
9011001001100000,414,14010100702569895,,,0,3014010000558839901,32086
9011001001100000,414,14010100702570075,,,0,3014010000558839901,32094
9011001001100000,414,14010100702575443,,,0,3014010000558839901,32354
9011001001100000,414,14010100702575893,,,0,3014010000558839901,32374
9011001001100000,414,14010100702575983,,,0,3014010000558839901,32378
9011001001100000,414,14010100702576073,,,0,3014010000558839901,32382
9011001001100000,414,14010100702576613,,,0,3014010000558839901,32406
9011001001100000,414,14010100702577063,,,0,3014010000558839901,32428
9011001001100000,414,14010100702577243,,,0,3014010000558839901,32436
9011001001100000,414,14010100702577355,,,0,3014010000558839901,32441
9011001001100000,414,14010100702577445,,,0,3014010000558839901,32445
9011001001100000,414,14010100702577901,,,0,3014010000558839901,32472
9011001001100000,411,14010100702578245,,,0,3014010000558839901,30492
9011001001100000,414,14010100702575353,,,0,3014010000558839901,32350
9011001001100000,414,14010100702575533,,,0,3014010000558839901,32358
9011001001100000,414,14010100702576163,,,0,3014010000558839901,32386
9011001001100000,414,14010100702576433,,,0,3014010000558839901,32398
9011001001100000,414,14010100702576793,,,0,3014010000558839901,32414
9011001001100000,414,14010100702576973,,,0,3014010000558839901,32424
9011001001100000,414,14010100702577557,,,0,3014010000558839901,32452
9011001001100000,414,14010100702577643,,,0,3014010000558839901,32458
9011001001100000,414,14010100702578073,,,0,3014010000558839901,32480
9011001001100000,414,14010100702578159,,,0,3014010000558839901,32486
9011001001100000,411,14010100702578524,,,0,3014010000313482682,30512
9011001001100000,414,14010100702570345,,,0,3014010000558839901,32106
9011001001100000,414,14010100702570435,,,0,3014010000558839901,32110
9011001001100000,414,14010100702570615,,,0,3014010000558839901,32118
9011001001100000,414,14010100702570705,,,0,3014010000558839901,32122
9011001001100000,414,14010100702571335,,,0,3014010000558839901,32152
9011001001100000,414,14010100702572093,,,0,3014010000558839901,32189
9011001001100000,414,14010100702572437,,,0,3014010000558839901,32208
9011001001100000,414,14010100702572695,,,0,3014010000558839901,32220
9011001001100000,414,14010100702573469,,,0,3014010000558839901,32256
9011001001100000,414,14010100702573641,,,0,3014010000558839901,32264
9011001001100000,414,14010100702573985,,,0,3014010000558839901,32280
9011001001100000,414,14010100702574502,,,0,3014010000558839901,32306
9011001001100000,414,14010100702574568,,,0,3014010000558839901,32311
9011001001100000,414,14010100702574903,,,0,3014010000558839901,32328
9011001001100000,414,14010100702575083,,,0,3014010000558839901,32338
9011001001100000,414,14010100702575263,,,0,3014010000558839901,32346
9011001001100000,414,14010100702575623,,,0,3014010000558839901,32362
9011001001100000,414,14010100702575713,,,0,3014010000558839901,32366
9011001001100000,385,14010100705802028,,,0,3014010000558839901,36098
9011001001100000,414,14010100705812547,,,0,3014010000313482682,32524
9011001001100000,411,14010100705812750,,,0,3014010000313482682,30544
9011001001100000,411,14010100705812923,,,0,3014010000313482682,30552
9011001001100000,389,14010100705813703,,,0,3014010000313482682,34458
9011001001100000,389,14010100705813789,,,0,3014010000313482682,34462
9011001001100000,389,14010100705813899,,,0,3014010000313482682,34471
9011001001100000,415,14010100702576253,,,0,3014010000558839901,32390
9011001001100000,414,14010100702577729,,,0,3014010000558839901,32462
9011001001100000,414,14010100702577815,,,0,3014010000558839901,32467
9011001001100000,414,14010100702577987,,,0,3014010000558839901,32476
9011001001100000,389,14010100705814248,,,0,3014010000313482682,34491
9011001001100000,389,14010100705814335,,,0,3014010000313482682,34495
9011001001100000,411,14010100705812595,,,0,3014010000313482682,30536
9011001001100000,411,14010100705812663,,,0,3014010000313482682,30540
9011001001100000,414,14010100705812836,,,0,3014010000313482682,32540
9011001001100000,385,14010100705801942,,,0,3014010000558839901,36094
9011001001100000,389,14010100705813183,,,0,3014010000313482682,34434
9011001001100000,389,14010100705813529,,,0,3014010000313482682,34450
9011001001100000,389,14010100705813616,,,0,3014010000313482682,34454
9011001001100000,389,14010100705813986,,,0,3014010000313482682,34479
9011001001100000,389,14010100705813096,,,0,3014010000313482682,34430
9011001001100000,389,14010100705813356,,,0,3014010000313482682,34442
9011001001100000,389,14010100705813442,,,0,3014010000313482682,34446
9011001001100000,389,14010100705814161,,,0,3014010000313482682,34487
9011001001100000,389,14010100705814422,,,0,3014010000313482682,34499
9011001001100000,414,14010100702568777,,,0,3014010000313482682,32012
9011001001100000,414,14010100702569265,,,0,3014010000558839901,32052
9011001001100000,414,14010100702569805,,,0,3014010000558839901,32082
9011001001100000,414,14010100702569985,,,0,3014010000558839901,32090
9011001001100000,414,14010100702570165,,,0,3014010000558839901,32098
9011001001100000,414,14010100702570885,,,0,3014010000558839901,32130
9011001001100000,414,14010100702571155,,,0,3014010000558839901,32142
9011001001100000,414,14010100702571245,,,0,3014010000558839901,32147
9011001001100000,416,14010100702571626,,,0,3014010000558839901,32164
9011001001100000,416,14010100702571694,,,0,3014010000558839901,32168
9011001001100000,414,14010100702572523,,,0,3014010000558839901,32212
9011001001100000,414,14010100702572609,,,0,3014010000558839901,32216
9011001001100000,414,14010100702573125,,,0,3014010000558839901,32240
9011001001100000,414,14010100702573211,,,0,3014010000558839901,32244
9011001001100000,414,14010100702573899,,,0,3014010000558839901,32276
9011001001100000,414,14010100702574071,,,0,3014010000558839901,32284
9011001001100000,414,14010100702574656,,,0,3014010000558839901,32315
9011001001100000,415,14010100702574835,,,0,3014010000558839901,32325
9011001001100000,414,14010100702574993,,,0,3014010000558839901,32333
9011001001100000,414,14010100702575803,,,0,3014010000558839901,32370
9011001001100000,414,14010100702576343,,,0,3014010000558839901,32394
9011001001100000,414,14010100702576523,,,0,3014010000558839901,32402
9011001001100000,414,14010100702576703,,,0,3014010000558839901,32410
9011001001100000,414,14010100702576883,,,0,3014010000558839901,32418
9011001001100000,414,14010100702577153,,,0,3014010000558839901,32432
9011001001100000,411,14010100702578331,,,0,3014010000558839901,30498
9011001001100000,385,14010100732444185,,,0,3014010000313482682,36063
9011001001100000,385,14010100732444422,,,0,3014010000558839901,36080
9011001001100000,385,14010100732444754,,,0,3014010000558839901,36226
9011001001100000,385,14010100732444934,,,0,3014010000558839901,36238
9011001001100000,385,14010100732445880,,,0,3014010000558839901,36282
9011001001100000,385,14010100732445966,,,0,3014010000558839901,36286
9011001001100000,385,14010100732446396,,,0,3014010000558839901,36307
9011001001100000,385,14010100732446787,,,0,3014010000558839901,36330
9011001001100000,416,14010100732449783,,,0,3014010000558839901,32114
9011001001100000,411,14010100732439914,,,0,3014010000313482682,30578
9011001001100000,385,14010100732443282,,,0,3014010000313482682,36009
9011001001100000,385,14010100732443325,,,0,3014010000313482682,36015
9011001001100000,385,14010100732443411,,,0,3014010000313482682,36024
9011001001100000,385,14010100732443669,,,0,3014010000313482682,36039
9011001001100000,385,14010100732443841,,,0,3014010000313482682,36047
9011001001100000,385,14010100732443927,,,0,3014010000313482682,36051
9011001001100000,385,14010100732444099,,,0,3014010000313482682,36059
9011001001100000,385,14010100732444271,,,0,3014010000313482682,36067
9011001001100000,385,14010100732444801,,,0,3014010000558839901,36230
9011001001100000,385,14010100732444868,,,0,3014010000558839901,36234
9011001001100000,385,14010100732445106,,,0,3014010000558839901,36246
9011001001100000,385,14010100732445278,,,0,3014010000558839901,36254
9011001001100000,385,14010100732445364,,,0,3014010000558839901,36258
9011001001100000,385,14010100732445622,,,0,3014010000558839901,36270
9011001001100000,385,14010100732445794,,,0,3014010000558839901,36278
9011001001100000,416,14010100732450171,,,0,3014010000558839901,32390
9011001001100000,411,14010100732439887,,,0,3014010000313482682,30568
9011001001100000,385,14010100732443497,,,0,3014010000313482682,36029
9011001001100000,385,14010100732443583,,,0,3014010000313482682,36035
9011001001100000,385,14010100732444013,,,0,3014010000313482682,36055
9011001001100000,385,14010100732444357,,,0,3014010000558839901,36074
9011001001100000,385,14010100732445192,,,0,3014010000558839901,36250
9011001001100000,385,14010100732446138,,,0,3014010000558839901,36294
9011001001100000,411,14010100702578417,,,0,3014010000558839901,30506
9011001001100000,411,14010100702578610,,,0,3014010000313482682,30519
9011001001100000,411,14010100702578696,,,0,3014010000313482682,30526
9011001001100000,385,14010100705801856,,,0,3014010000558839901,36089
9011001001100000,411,14010100705813009,,,0,3014010000313482682,30556
9011001001100000,389,14010100705813270,,,0,3014010000313482682,34438
9011001001100000,389,14010100705814074,,,0,3014010000313482682,34483
9011001001100000,415,14010200702571626,,,0,3014010000558839901,32165
9011001001100000,414,14010200702571784,,,0,3014010000558839901,32172
9011001001100000,389,14010200702571894,,,0,3014010000558839901,34102
9011001001100000,389,14010200702572437,,,0,3014010000558839901,34126
9011001001100000,389,14010200702573641,,,0,3014010000558839901,34186
9011001001100000,389,14010200702573899,,,0,3014010000558839901,34198
9011001001100000,389,14010200702573985,,,0,3014010000558839901,34202
9011001001100000,414,14010200702574724,,,0,3014010000558839901,32320
9011001001100000,389,14010200702572265,,,0,3014010000558839901,34118
9011001001100000,389,14010200702572351,,,0,3014010000558839901,34122
9011001001100000,389,14010200702572867,,,0,3014010000558839901,34146
9011001001100000,389,14010200702572953,,,0,3014010000558839901,34150
9011001001100000,389,14010200702573039,,,0,3014010000558839901,34155
9011001001100000,389,14010200702574243,,,0,3014010000558839901,34214
9011001001100000,389,14010200702574329,,,0,3014010000558839901,34218
9011001001100000,389,14010200702577557,,,0,3014010000558839901,34334
9011001001100000,389,14010200702577987,,,0,3014010000558839901,34354
9011001001100000,414,14010200702578331,,,0,3014010000558839901,32495
9011001001100000,414,14010200702578524,,,0,3014010000313482682,32506
9011001001100000,414,14010200705812750,,,0,3014010000313482682,32536
9011001001100000,414,14010200705812923,,,0,3014010000313482682,32544
9011001001100000,415,14010200702571694,,,0,3014010000558839901,32169
9011001001100000,389,14010200702572523,,,0,3014010000558839901,34130
9011001001100000,389,14010200702572695,,,0,3014010000558839901,34138
9011001001100000,389,14010200702573297,,,0,3014010000558839901,34170
9011001001100000,389,14010200702573469,,,0,3014010000558839901,34178
9011001001100000,389,14010200702573727,,,0,3014010000558839901,34190
9011001001100000,389,14010200702577815,,,0,3014010000558839901,34346
9011001001100000,389,14010200702577901,,,0,3014010000558839901,34350
9011001001100000,414,14010200702578417,,,0,3014010000558839901,32501
9011001001100000,389,14010200705812547,,,0,3014010000313482682,34402
9011001001100000,414,14010200705812663,,,0,3014010000313482682,32532
9011001001100000,414,14010200702578610,,,0,3014010000313482682,32511
9011001001100000,389,14010200705812836,,,0,3014010000313482682,34418
9011001001100000,385,14010200732439914,,,0,3014010000313482682,36448
9011001001100000,385,14010300702572179,,,0,3014010000558839901,36114
9011001001100000,385,14010300702573125,,,0,3014010000558839901,36162
9011001001100000,385,14010300702573211,,,0,3014010000558839901,36166
9011001001100000,385,14010300702573813,,,0,3014010000558839901,36194
9011001001100000,385,14010300702574071,,,0,3014010000558839901,36206
9011001001100000,385,14010300702574415,,,0,3014010000558839901,36222
9011001001100000,385,14010300702577815,,,0,3014010000558839901,36346
9011001001100000,385,14010300702577987,,,0,3014010000558839901,36354
9011001001100000,385,14010300702578073,,,0,3014010000558839901,36358
9011001001100000,416,14010300702578696,,,0,3014010000313482682,32519
9011001001100000,389,14010300705812750,,,0,3014010000313482682,34414
9011001001100000,385,14010300702571982,,,0,3014010000558839901,36106
9011001001100000,385,14010300702572523,,,0,3014010000558839901,36130
9011001001100000,385,14010300702572867,,,0,3014010000558839901,36146
9011001001100000,385,14010300702572953,,,0,3014010000558839901,36150
9011001001100000,385,14010300702573039,,,0,3014010000558839901,36155
9011001001100000,385,14010300702573297,,,0,3014010000558839901,36170
9011001001100000,385,14010300702572093,,,0,3014010000558839901,36110
9011001001100000,385,14010300702572265,,,0,3014010000558839901,36118
9011001001100000,385,14010300702572695,,,0,3014010000558839901,36138
9011001001100000,385,14010300702573469,,,0,3014010000558839901,36178
9011001001100000,385,14010300702573641,,,0,3014010000558839901,36186
9011001001100000,385,14010300702573899,,,0,3014010000558839901,36198
9011001001100000,385,14010300702577729,,,0,3014010000558839901,36342
9011001001100000,385,14010300702573383,,,0,3014010000558839901,36174
9011001001100000,385,14010300702573727,,,0,3014010000558839901,36190
9011001001100000,385,14010300702573985,,,0,3014010000558839901,36202
9011001001100000,385,14010300702574157,,,0,3014010000558839901,36210
9011001001100000,385,14010300702574329,,,0,3014010000558839901,36218
9011001001100000,385,14010300702577557,,,0,3014010000558839901,36334
9011001001100000,385,14010300702578159,,,0,3014010000558839901,36364
9011001001100000,389,14010300702578331,,,0,3014010000558839901,34373
9011001001100000,389,14010300702578417,,,0,3014010000558839901,34379
9011001001100000,389,14010300702578610,,,0,3014010000313482682,34389
9011001001100000,389,14010300705812595,,,0,3014010000313482682,34406
9011001001100000,389,14010300705812663,,,0,3014010000313482682,34410
9011001001100000,389,14010300705813009,,,0,3014010000313482682,34426
9011001001100000,389,14010300702578524,,,0,3014010000313482682,34384
9011001001100000,385,14010300705812836,,,0,3014010000313482682,36418
9011001001100000,385,14010400702578417,,,0,3014010000558839901,36379
9011001001100000,389,14010400702578696,,,0,3014010000313482682,34395
9011001001100000,385,14010400705812663,,,0,3014010000313482682,36410
9011001001100000,385,14010400702578245,,,0,3014010000558839901,36369
9011001001100000,385,14010400702578331,,,0,3014010000558839901,36373
9011001001100000,385,14010400705812923,,,0,3014010000313482682,36422
9011001001100000,385,14010400702578610,,,0,3014010000313482682,36389
9011001001100000,385,14010400705812750,,,0,3014010000313482682,36414
9011001001100000,411,14010100732439854,,,0,3014010000313482682,30560
9011001001100000,385,14010100732443755,,,0,3014010000313482682,36043
9011001001100000,385,14010100732445020,,,0,3014010000558839901,36242
9011001001100000,385,14010100732445450,,,0,3014010000558839901,36262
9011001001100000,385,14010100732445536,,,0,3014010000558839901,36266
9011001001100000,385,14010100732445708,,,0,3014010000558839901,36274
9011001001100000,385,14010100732446052,,,0,3014010000558839901,36290
9011001001100000,385,14010100732446224,,,0,3014010000558839901,36298
9011001001100000,385,14010100732446310,,,0,3014010000558839901,36302
9011001001100000,385,14010100732446482,,,0,3014010000558839901,36314
9011001001100000,385,14010100732446548,,,0,3014010000558839901,36318
9011001001100000,385,14010100732446634,,,0,3014010000558839901,36322
9011001001100000,385,14010100732446720,,,0,3014010000558839901,36326
9011001001100000,416,14010100732449638,,,0,3014010000558839901,32040
9011001001100000,416,14010100732450026,,,0,3014010000558839901,32324
9011001001100000,415,14010200702571447,,,0,3014010000558839901,32157
9011001001100000,389,14010200702571982,,,0,3014010000558839901,34106
9011001001100000,389,14010200702572093,,,0,3014010000558839901,34110
9011001001100000,389,14010200702572179,,,0,3014010000558839901,34114
9011001001100000,389,14010200702572781,,,0,3014010000558839901,34142
9011001001100000,389,14010200702573125,,,0,3014010000558839901,34162
9011001001100000,389,14010200702573211,,,0,3014010000558839901,34166
9011001001100000,389,14010200702573383,,,0,3014010000558839901,34174
9011001001100000,389,14010200702573555,,,0,3014010000558839901,34182
9011001001100000,389,14010200702573813,,,0,3014010000558839901,34194
9011001001100000,389,14010200702574071,,,0,3014010000558839901,34206
9011001001100000,389,14010200702574157,,,0,3014010000558839901,34210
9011001001100000,389,14010200702574415,,,0,3014010000558839901,34222
9011001001100000,389,14010200702577729,,,0,3014010000558839901,34342
9011001001100000,389,14010200702578073,,,0,3014010000558839901,34358
9011001001100000,389,14010200702578159,,,0,3014010000558839901,34364
9011001001100000,414,14010200702578245,,,0,3014010000558839901,32491
9011001001100000,415,14010200702578696,,,0,3014010000313482682,32518
9011001001100000,414,14010200705812595,,,0,3014010000313482682,32528
9011001001100000,414,14010200705813009,,,0,3014010000313482682,32548
9011001001100000,385,14010200732439854,,,0,3014010000313482682,36430
9011001001100000,385,14010200732439887,,,0,3014010000313482682,36438
9011001001100000,385,14010300702571894,,,0,3014010000558839901,36102
9011001001100000,385,14010300702572351,,,0,3014010000558839901,36122
9011001001100000,385,14010300702572437,,,0,3014010000558839901,36126
9011001001100000,385,14010300702572781,,,0,3014010000558839901,36142
9011001001100000,385,14010300702573555,,,0,3014010000558839901,36182
9011001001100000,385,14010300702574243,,,0,3014010000558839901,36214
9011001001100000,385,14010300702577901,,,0,3014010000558839901,36350
9011001001100000,389,14010300702578245,,,0,3014010000558839901,34369
9011001001100000,385,14010300705812547,,,0,3014010000313482682,36402
9011001001100000,389,14010300705812923,,,0,3014010000313482682,34422
9011001001100000,385,14010400702578524,,,0,3014010000313482682,36384
9011001001100000,385,14010400705812595,,,0,3014010000313482682,36406
9011001001100000,385,14010400705813009,,,0,3014010000313482682,36426
9011001001100000,385,14010500702578696,,,0,3014010000313482682,36395
9011001001300000,389,14010000702491499,,,1,3014010000560910868,24465
9011001001300000,389,14010000702491719,,,1,3014010000560910868,24467
9011001001300000,389,14010000702492897,,,1,3014010000560910868,24477
9011001001300000,389,14010000702493903,,,1,3014010000560910868,24484
9011001001300000,389,14010000702495094,,,1,3014010000560910868,24491
9011001001300000,389,14010000702495264,,,1,3014010000560910868,24492
9011001001300000,389,14010000702495434,,,1,3014010000560910868,24493
9011001001300000,389,14010000702496454,,,1,3014010000560910868,24499
9011001001300000,389,14010000702497134,,,1,3014010000560910868,24503
9011001001300000,389,14010000702497304,,,1,3014010000560910868,24504
9011001001300000,389,14010000702497815,,,1,3014010000560910868,24507
9011001001300000,389,14010000702498836,,,1,3014010000560910868,24513
9011001001300000,389,14010000702499516,,,1,3014010000560910868,24517
9011001001300000,389,14010000702500197,,,1,3014010000560910868,24521
9011001001300000,412,14010000702507876,,,1,3014010000560910868,20016
9011001001300000,412,14010000702508337,,,1,3014010000560910868,20042
9011001001300000,412,14010000702508752,,,1,3014010000560910868,20075
9011001001300000,389,14010000702491781,,,1,3014010000560910868,24468
9011001001300000,389,14010000702492153,,,1,3014010000560910868,24471
9011001001300000,389,14010000702492525,,,1,3014010000560910868,24474
9011001001300000,389,14010000702492649,,,1,3014010000560910868,24475
9011001001300000,389,14010000702493269,,,1,3014010000560910868,24480
9011001001300000,389,14010000702494073,,,1,3014010000560910868,24485
9011001001300000,389,14010000702494244,,,1,3014010000560910868,24486
9011001001300000,389,14010000702494414,,,1,3014010000560910868,24487
9011001001300000,389,14010000702494584,,,1,3014010000560910868,24488
9011001001300000,389,14010000702495944,,,1,3014010000560910868,24496
9011001001300000,389,14010000702496624,,,1,3014010000560910868,24500
9011001001300000,389,14010000702496794,,,1,3014010000560910868,24501
9011001001300000,389,14010000702497474,,,1,3014010000560910868,24505
9011001001300000,389,14010000702497644,,,1,3014010000560910868,24506
9011001001300000,389,14010000702497985,,,1,3014010000560910868,24508
9011001001300000,389,14010000702498326,,,1,3014010000560910868,24510
9011001001300000,389,14010000702498666,,,1,3014010000560910868,24512
9011001001300000,389,14010000702499686,,,1,3014010000560910868,24518
9011001001300000,389,14010000702499856,,,1,3014010000560910868,24519
9011001001300000,389,14010000702500518,,,1,3014010000560910868,24523
9011001001300000,389,14010000702500917,,,1,3014010000560910868,24526
9011001001300000,412,14010000702507794,,,1,3014010000560910868,20005
9011001001300000,389,14010000702492029,,,1,3014010000560910868,24470
9011001001300000,389,14010000702492401,,,1,3014010000560910868,24473
9011001001300000,389,14010000702493416,,,1,3014010000560910868,24481
9011001001300000,389,14010000702493733,,,1,3014010000560910868,24483
9011001001300000,389,14010000702494754,,,1,3014010000560910868,24489
9011001001300000,389,14010000702495604,,,1,3014010000560910868,24494
9011001001300000,389,14010000702496114,,,1,3014010000560910868,24497
9011001001300000,389,14010000702496284,,,1,3014010000560910868,24498
9011001001300000,389,14010000702499006,,,1,3014010000560910868,24514
9011001001300000,389,14010000702500369,,,1,3014010000560910868,24522
9011001001300000,412,14010000702508136,,,1,3014010000560910868,20033
9011001001300000,412,14010000702508447,,,1,3014010000560910908,20048
9011001001300000,412,14010000702508481,,,1,3014010000560910868,20051
9011001001300000,412,14010000702508718,,,1,3014010000574789210,20072
9011001001300000,412,14010000702509475,,,1,3014010000560910868,20115
9011001001300000,412,14010000702509599,,,1,3014010000560910868,20121
9011001001300000,412,14010000702510343,,,1,3014010000560910868,20146
9011001001300000,412,14010000702512395,,,1,3014010000560910868,20214
9011001001300000,412,14010000702513042,,,1,3014010000560910868,20243
9011001001300000,412,14010000702513263,,,1,3014010000560910868,20255
9011001001300000,412,14010000702513653,,,1,3014010000560910868,20282
9011001001300000,412,14010000702514163,,,1,3014010000560910868,20318
9011001001300000,412,14010000702508247,,,1,3014010000560910868,20038
9011001001300000,412,14010000702509201,,,1,3014010000560910868,20103
9011001001300000,412,14010000702509227,,,1,3014010000560910986,20105
9011001001300000,412,14010000702509723,,,1,3014010000560910868,20125
9011001001300000,412,14010000702509971,,,1,3014010000560910868,20134
9011001001300000,412,14010000702510467,,,1,3014010000560910868,20150
9011001001300000,412,14010000702510839,,,1,3014010000560910868,20162
9011001001300000,412,14010000702511335,,,1,3014010000560910868,20178
9011001001300000,412,14010000702511583,,,1,3014010000560910868,20186
9011001001300000,412,14010000702511831,,,1,3014010000560910868,20194
9011001001300000,412,14010000702511955,,,1,3014010000560910868,20198
9011001001300000,412,14010000702512192,,,1,3014010000560910868,20206
9011001001300000,412,14010000702512595,,,1,3014010000560910868,20222
9011001001300000,412,14010000702512962,,,1,3014010000574789210,20240
9011001001300000,412,14010000702514503,,,1,3014010000560910868,20341
9011001001300000,412,14010000702515013,,,1,3014010000560910868,20365
9011001001300000,412,14010000702515353,,,1,3014010000560910868,20381
9011001001300000,412,14010000702515523,,,1,3014010000560910868,20389
9011001001300000,412,14010000702515693,,,1,3014010000560910868,20397
9011001001300000,412,14010000702516713,,,1,3014010000560910868,20445
9011001001300000,412,14010000702519408,,,1,3014010000560910868,20597
9011001001300000,412,14010000702519849,,,1,3014010000560910868,20623
9011001001300000,412,14010000702519987,,,1,3014010000574789210,20631
9011001001300000,412,14010000702520075,,,1,3014010000560910868,20635
9011001001300000,412,14010000702520447,,,1,3014010000574789210,20656
9011001001300000,412,14010000702520903,,,1,3014010000560910868,20678
9011001001300000,412,14010000702521326,,,1,3014010000560910868,20692
9011001001300000,412,14010000702521574,,,1,3014010000560910868,20700
9011001001300000,412,14010000702522566,,,1,3014010000560910868,20732
9011001001300000,412,14010000702523307,,,1,3014010000560910868,20756
9011001001300000,412,14010000702524027,,,1,3014010000560910868,20782
9011001001300000,412,14010000702524421,,,1,3014010000560910868,20803
9011001001300000,412,14010000702525132,,,1,3014010000560910868,20858
9011001001300000,412,14010000702525642,,,1,3014010000560910868,20887
9011001001300000,412,14010000702526864,,,1,3014010000560910868,20946
9011001001300000,412,14010000702526987,,,1,3014010000560910868,20952
9011001001300000,412,14010000702527801,,,1,3014010000560910868,20987
9011001001300000,412,14010000702528128,,,1,3014010000560910868,20999
9011001001300000,414,14010000702534974,,,1,3014010000560910868,22962
9011001001300000,414,14010000702535222,,,1,3014010000560910868,22975
9011001001300000,414,14010000702535470,,,1,3014010000560910868,22984
9011001001300000,414,14010000702537036,,,1,3014010000560910868,23039
9011001001300000,414,14010000702537362,,,1,3014010000560910868,23059
9011001001300000,389,14010000702540633,,,1,3014010000560910868,24459
9011001001300000,389,14010000702541233,,,1,3014010000560910868,24464
9011001001300000,389,14010000702542229,,,1,3014010000560910868,24527
9011001001300000,389,14010000702542667,,,1,3014010000560910868,24532
9011001001300000,389,14010000702542787,,,1,3014010000560910868,24533
9011001001300000,389,14010000702543749,,,1,3014010000560910868,24541
9011001001300000,389,14010000702543869,,,1,3014010000560910868,24542
9011001001300000,389,14010000702544016,,,1,3014010000560910868,24543
9011001001300000,412,14010000702516883,,,1,3014010000560910868,20453
9011001001300000,412,14010000702517223,,,1,3014010000560910868,20469
9011001001300000,412,14010000702517903,,,1,3014010000560910868,20501
9011001001300000,412,14010000702518096,,,1,3014010000560910868,20510
9011001001300000,412,14010000702518972,,,1,3014010000560910868,20569
9011001001300000,412,14010000702519303,,,1,3014010000574789210,20592
9011001001300000,412,14010000702519521,,,1,3014010000574789210,20604
9011001001300000,412,14010000702520309,,,1,3014010000560910868,20648
9011001001300000,412,14010000702520544,,,1,3014010000560910868,20661
9011001001300000,412,14010000702521202,,,1,3014010000560910868,20688
9011001001300000,412,14010000702521698,,,1,3014010000560910868,20704
9011001001300000,412,14010000702521946,,,1,3014010000560910868,20712
9011001001300000,412,14010000702522194,,,1,3014010000560910868,20720
9011001001300000,412,14010000702522442,,,1,3014010000560910868,20728
9011001001300000,412,14010000702522814,,,1,3014010000560910868,20740
9011001001300000,412,14010000702523186,,,1,3014010000560910868,20752
9011001001300000,412,14010000702524788,,,1,3014010000560910868,20831
9011001001300000,412,14010000702524960,,,1,3014010000560910868,20844
9011001001300000,412,14010000702525302,,,1,3014010000560910868,20867
9011001001300000,412,14010000702525982,,,1,3014010000560910868,20903
9011001001300000,412,14010000702526469,,,1,3014010000560910868,20928
9011001001300000,412,14010000702527200,,,1,3014010000560910868,20960
9011001001300000,412,14010000702527321,,,1,3014010000560910868,20965
9011001001300000,412,14010000702528270,,,1,3014010000560910868,21007
9011001001300000,414,14010000702533430,,,1,3014010000560910908,22011
9011001001300000,414,14010000702535098,,,1,3014010000560910868,22970
9011001001300000,414,14010000702536090,,,1,3014010000560910868,23004
9011001001300000,414,14010000702536214,,,1,3014010000560910868,23008
9011001001300000,414,14010000702537486,,,1,3014010000560910868,23064
9011001001300000,414,14010000702537706,,,1,3014010000560910868,23073
9011001001300000,389,14010000702540544,,,1,3014010000560910868,24458
9011001001300000,389,14010000702540993,,,1,3014010000560910868,24462
9011001001300000,389,14010000702542268,,,1,3014010000560910868,24528
9011001001300000,389,14010000702542907,,,1,3014010000560910868,24534
9011001001300000,389,14010000702543388,,,1,3014010000560910868,24538
9011001001300000,389,14010000702543509,,,1,3014010000560910868,24539
9011001001300000,389,14010000702543629,,,1,3014010000560910868,24540
9011001001300000,412,14010000702508865,,,1,3014010000574789210,20087
9011001001300000,412,14010000702509077,,,1,3014010000560910868,20096
9011001001300000,412,14010000702509351,,,1,3014010000560910868,20110
9011001001300000,412,14010000702510219,,,1,3014010000560910868,20142
9011001001300000,412,14010000702510591,,,1,3014010000560910868,20154
9011001001300000,412,14010000702512621,,,1,3014010000574789239,20223
9011001001300000,412,14010000702513458,,,1,3014010000560910868,20268
9011001001300000,412,14010000702513823,,,1,3014010000560910868,20294
9011001001300000,412,14010000702513993,,,1,3014010000560910868,20306
9011001001300000,412,14010000702514333,,,1,3014010000560910868,20330
9011001001300000,412,14010000702514673,,,1,3014010000560910868,20349
9011001001300000,412,14010000702514843,,,1,3014010000560910868,20357
9011001001300000,412,14010000702515183,,,1,3014010000560910868,20373
9011001001300000,412,14010000702515863,,,1,3014010000560910868,20405
9011001001300000,412,14010000702517733,,,1,3014010000560910868,20493
9011001001300000,412,14010000702518606,,,1,3014010000560910868,20543
9011001001300000,412,14010000702518776,,,1,3014010000560910868,20556
9011001001300000,412,14010000702519085,,,1,3014010000574789210,20578
9011001001300000,412,14010000702520213,,,1,3014010000574789210,20644
9011001001300000,412,14010000702520781,,,1,3014010000560910868,20673
9011001001300000,412,14010000702521052,,,1,3014010000560910868,20683
9011001001300000,412,14010000702521078,,,1,3014010000560910986,20684
9011001001300000,412,14010000702522318,,,1,3014010000560910868,20724
9011001001300000,412,14010000702522690,,,1,3014010000560910868,20736
9011001001300000,412,14010000702523550,,,1,3014010000560910868,20764
9011001001300000,412,14010000702523674,,,1,3014010000560910868,20768
9011001001300000,412,14010000702523793,,,1,3014010000560910868,20772
9011001001300000,412,14010000702524224,,,1,3014010000560910868,20792
9011001001300000,412,14010000702525472,,,1,3014010000560910868,20876
9011001001300000,412,14010000702525812,,,1,3014010000560910868,20895
9011001001300000,412,14010000702526152,,,1,3014010000560910868,20913
9011001001300000,412,14010000702527441,,,1,3014010000560910868,20973
9011001001300000,412,14010000702527681,,,1,3014010000560910868,20983
9011001001300000,412,14010000702527921,,,1,3014010000560910868,20991
9011001001300000,414,14010000702534836,,,1,3014010000560910868,22949
9011001001300000,414,14010000702535346,,,1,3014010000560910868,22980
9011001001300000,414,14010000702535594,,,1,3014010000560910868,22988
9011001001300000,414,14010000702535842,,,1,3014010000560910868,22996
9011001001300000,414,14010000702536338,,,1,3014010000560910868,23012
9011001001300000,414,14010000702536462,,,1,3014010000560910868,23016
9011001001300000,414,14010000702536586,,,1,3014010000560910868,23020
9011001001300000,414,14010000702536710,,,1,3014010000560910868,23024
9011001001300000,414,14010000702536868,,,1,3014010000560910868,23030
9011001001300000,414,14010000702537238,,,1,3014010000560910868,23050
9011001001300000,389,14010000702540505,,,1,3014010000560910868,24457
9011001001300000,389,14010000702541113,,,1,3014010000560910868,24463
9011001001300000,389,14010000702542427,,,1,3014010000560910868,24530
9011001001300000,389,14010000702543148,,,1,3014010000560910868,24536
9011001001300000,389,14010000702491623,,,1,3014010000560910868,24466
9011001001300000,389,14010000702491905,,,1,3014010000560910868,24469
9011001001300000,389,14010000702492277,,,1,3014010000560910868,24472
9011001001300000,389,14010000702492773,,,1,3014010000560910868,24476
9011001001300000,389,14010000702493021,,,1,3014010000560910868,24478
9011001001300000,389,14010000702493145,,,1,3014010000560910868,24479
9011001001300000,389,14010000702493563,,,1,3014010000560910868,24482
9011001001300000,389,14010000702494924,,,1,3014010000560910868,24490
9011001001300000,389,14010000702495774,,,1,3014010000560910868,24495
9011001001300000,389,14010000702496964,,,1,3014010000560910868,24502
9011001001300000,389,14010000702498156,,,1,3014010000560910868,24509
9011001001300000,389,14010000702498496,,,1,3014010000560910868,24511
9011001001300000,389,14010000702499176,,,1,3014010000560910868,24515
9011001001300000,389,14010000702499346,,,1,3014010000560910868,24516
9011001001300000,389,14010000702500026,,,1,3014010000560910868,24520
9011001001300000,389,14010000702500667,,,1,3014010000560910868,24524
9011001001300000,389,14010000702500792,,,1,3014010000560910868,24525
9011001001300000,412,14010000702507842,,,1,3014010000437400854,20011
9011001001300000,412,14010000702508040,,,1,3014010000560910868,20027
9011001001300000,412,14010000702508605,,,1,3014010000560910868,20059
9011001001300000,412,14010000702508927,,,1,3014010000560910868,20090
9011001001300000,412,14010000702508953,,,1,3014010000574789239,20091
9011001001300000,412,14010000702509847,,,1,3014010000560910868,20130
9011001001300000,412,14010000702510095,,,1,3014010000560910868,20138
9011001001300000,412,14010000702510715,,,1,3014010000560910868,20158
9011001001300000,412,14010000702510963,,,1,3014010000560910868,20166
9011001001300000,412,14010000702511087,,,1,3014010000560910868,20170
9011001001300000,412,14010000702511211,,,1,3014010000560910868,20174
9011001001300000,412,14010000702511459,,,1,3014010000560910868,20182
9011001001300000,412,14010000702511707,,,1,3014010000560910868,20190
9011001001300000,412,14010000702512079,,,1,3014010000560910868,20202
9011001001300000,412,14010000702512821,,,1,3014010000560910868,20232
9011001001300000,412,14010000702513183,,,1,3014010000574789210,20250
9011001001300000,412,14010000702516033,,,1,3014010000560910868,20413
9011001001300000,412,14010000702516203,,,1,3014010000560910868,20421
9011001001300000,412,14010000702516373,,,1,3014010000560910868,20429
9011001001300000,412,14010000702516543,,,1,3014010000560910868,20437
9011001001300000,412,14010000702517053,,,1,3014010000560910868,20461
9011001001300000,412,14010000702517393,,,1,3014010000560910868,20477
9011001001300000,412,14010000702517563,,,1,3014010000560910868,20485
9011001001300000,412,14010000702518266,,,1,3014010000560910868,20519
9011001001300000,412,14010000702518436,,,1,3014010000560910868,20530
9011001001300000,412,14010000702518889,,,1,3014010000574789210,20565
9011001001300000,412,14010000702519190,,,1,3014010000560910868,20583
9011001001300000,412,14010000702519601,,,1,3014010000560910868,20610
9011001001300000,412,14010000702519764,,,1,3014010000574789210,20618
9011001001300000,412,14010000702520570,,,1,3014010000574789239,20662
9011001001300000,412,14010000702520807,,,1,3014010000560910986,20674
9011001001300000,412,14010000702521450,,,1,3014010000560910868,20696
9011001001300000,412,14010000702521822,,,1,3014010000560910868,20708
9011001001300000,412,14010000702522070,,,1,3014010000560910868,20716
9011001001300000,412,14010000702522938,,,1,3014010000560910868,20744
9011001001300000,412,14010000702523062,,,1,3014010000560910868,20748
9011001001300000,412,14010000702523431,,,1,3014010000560910868,20760
9011001001300000,412,14010000702523917,,,1,3014010000560910868,20776
9011001001300000,412,14010000702524616,,,1,3014010000560910868,20816
9011001001300000,412,14010000702526299,,,1,3014010000560910868,20921
9011001001300000,412,14010000702526616,,,1,3014010000560910868,20934
9011001001300000,412,14010000702526740,,,1,3014010000560910868,20940
9011001001300000,412,14010000702527561,,,1,3014010000560910868,20978
9011001001300000,414,14010000702533408,,,1,3014010000437400814,22005
9011001001300000,414,14010000702534882,,,1,3014010000560910868,22957
9011001001300000,414,14010000702535718,,,1,3014010000560910868,22992
9011001001300000,414,14010000702535966,,,1,3014010000560910868,23000
9011001001300000,414,14010000702537610,,,1,3014010000560910868,23068
9011001001300000,389,14010000702540385,,,1,3014010000560910868,24456
9011001001300000,389,14010000702540753,,,1,3014010000560910868,24460
9011001001300000,389,14010000702540873,,,1,3014010000560910868,24461
9011001001300000,389,14010000702542332,,,1,3014010000560910868,24529
9011001001300000,389,14010000702542547,,,1,3014010000560910868,24531
9011001001300000,389,14010000702543027,,,1,3014010000560910868,24535
9011001001300000,389,14010000702543268,,,1,3014010000560910868,24537
9011001001300000,389,14010000705784607,,,1,3014010000560910868,24455
9011001001300000,389,14010000732436539,,,1,3014010000437400814,24454
9011001001300000,385,14010100702491781,,,1,3014010000560910868,26463
9011001001300000,385,14010100702492029,,,1,3014010000560910868,26465
9011001001300000,385,14010100702492153,,,1,3014010000560910868,26466
9011001001300000,385,14010100702492649,,,1,3014010000560910868,26470
9011001001300000,385,14010100702492773,,,1,3014010000560910868,26471
9011001001300000,385,14010100702491499,,,1,3014010000560910868,26460
9011001001300000,385,14010100702491623,,,1,3014010000560910868,26461
9011001001300000,385,14010100702491719,,,1,3014010000560910868,26462
9011001001300000,385,14010100702491905,,,1,3014010000560910868,26464
9011001001300000,385,14010100702492277,,,1,3014010000560910868,26467
9011001001300000,385,14010100702492525,,,1,3014010000560910868,26469
9011001001300000,385,14010100702493269,,,1,3014010000560910868,26475
9011001001300000,385,14010100702493563,,,1,3014010000560910868,26477
9011001001300000,385,14010100702493733,,,1,3014010000560910868,26478
9011001001300000,385,14010100702493903,,,1,3014010000560910868,26479
9011001001300000,385,14010100702494924,,,1,3014010000560910868,26485
9011001001300000,385,14010100702495604,,,1,3014010000560910868,26489
9011001001300000,385,14010100702496454,,,1,3014010000560910868,26494
9011001001300000,385,14010100702497134,,,1,3014010000560910868,26498
9011001001300000,385,14010100702492897,,,1,3014010000560910868,26472
9011001001300000,385,14010100702493145,,,1,3014010000560910868,26474
9011001001300000,385,14010100702494073,,,1,3014010000560910868,26480
9011001001300000,385,14010100702494244,,,1,3014010000560910868,26481
9011001001300000,385,14010100702494414,,,1,3014010000560910868,26482
9011001001300000,385,14010100702495774,,,1,3014010000560910868,26490
9011001001300000,385,14010100702495944,,,1,3014010000560910868,26491
9011001001300000,385,14010100702496114,,,1,3014010000560910868,26492
9011001001300000,385,14010100702496284,,,1,3014010000560910868,26493
9011001001300000,385,14010100702496624,,,1,3014010000560910868,26495
9011001001300000,385,14010100702496794,,,1,3014010000560910868,26496
9011001001300000,385,14010100702496964,,,1,3014010000560910868,26497
9011001001300000,385,14010100702497304,,,1,3014010000560910868,26499
9011001001300000,385,14010100702495094,,,1,3014010000560910868,26486
9011001001300000,385,14010100702495264,,,1,3014010000560910868,26487
9011001001300000,385,14010100702495434,,,1,3014010000560910868,26488
9011001001300000,385,14010100702497474,,,1,3014010000560910868,26500
9011001001300000,385,14010100702497815,,,1,3014010000560910868,26502
9011001001300000,385,14010100702497985,,,1,3014010000560910868,26503
9011001001300000,385,14010100702498666,,,1,3014010000560910868,26507
9011001001300000,385,14010100702499346,,,1,3014010000560910868,26511
9011001001300000,385,14010100702498156,,,1,3014010000560910868,26504
9011001001300000,385,14010100702499006,,,1,3014010000560910868,26509
9011001001300000,385,14010100702499686,,,1,3014010000560910868,26513
9011001001300000,385,14010100702500197,,,1,3014010000560910868,26516
9011001001300000,385,14010100702500917,,,1,3014010000560910868,26521
9011001001300000,414,14010100702508040,,,1,3014010000560910868,22027
9011001001300000,414,14010100702508136,,,1,3014010000560910868,22033
9011001001300000,385,14010100702498326,,,1,3014010000560910868,26505
9011001001300000,385,14010100702498496,,,1,3014010000560910868,26506
9011001001300000,385,14010100702499856,,,1,3014010000560910868,26514
9011001001300000,385,14010100702500026,,,1,3014010000560910868,26515
9011001001300000,385,14010100702500369,,,1,3014010000560910868,26517
9011001001300000,414,14010100702508718,,,1,3014010000574789210,22071
9011001001300000,414,14010100702508865,,,1,3014010000574789210,22087
9011001001300000,414,14010100702509475,,,1,3014010000560910868,22116
9011001001300000,414,14010100702509599,,,1,3014010000560910868,22121
9011001001300000,385,14010100702499516,,,1,3014010000560910868,26512
9011001001300000,385,14010100702500518,,,1,3014010000560910868,26518
9011001001300000,385,14010100702500667,,,1,3014010000560910868,26519
9011001001300000,414,14010100702507876,,,1,3014010000560910868,22016
9011001001300000,414,14010100702508953,,,1,3014010000574789239,22091
9011001001300000,414,14010100702509847,,,1,3014010000560910868,22130
9011001001300000,414,14010100702510095,,,1,3014010000560910868,22138
9011001001300000,414,14010100702510591,,,1,3014010000560910868,22154
9011001001300000,414,14010100702511087,,,1,3014010000560910868,22170
9011001001300000,414,14010100702511831,,,1,3014010000560910868,22194
9011001001300000,414,14010100702511955,,,1,3014010000560910868,22198
9011001001300000,414,14010100702512595,,,1,3014010000560910868,22222
9011001001300000,414,14010100702512962,,,1,3014010000574789210,22240
9011001001300000,414,14010100702515523,,,1,3014010000560910868,22389
9011001001300000,414,14010100702515863,,,1,3014010000560910868,22405
9011001001300000,414,14010100702516373,,,1,3014010000560910868,22429
9011001001300000,414,14010100702510467,,,1,3014010000560910868,22150
9011001001300000,414,14010100702510715,,,1,3014010000560910868,22158
9011001001300000,414,14010100702510839,,,1,3014010000560910868,22162
9011001001300000,414,14010100702510963,,,1,3014010000560910868,22166
9011001001300000,414,14010100702511211,,,1,3014010000560910868,22174
9011001001300000,414,14010100702512079,,,1,3014010000560910868,22202
9011001001300000,414,14010100702512821,,,1,3014010000560910868,22232
9011001001300000,414,14010100702513653,,,1,3014010000560910868,22282
9011001001300000,414,14010100702508247,,,1,3014010000560910868,22038
9011001001300000,414,14010100702508481,,,1,3014010000560910868,22051
9011001001300000,414,14010100702508752,,,1,3014010000560910868,22075
9011001001300000,414,14010100702508927,,,1,3014010000560910868,22090
9011001001300000,414,14010100702509077,,,1,3014010000560910868,22096
9011001001300000,414,14010100702509201,,,1,3014010000560910868,22104
9011001001300000,414,14010100702509227,,,1,3014010000560910986,22105
9011001001300000,414,14010100702509351,,,1,3014010000560910868,22110
9011001001300000,414,14010100702509971,,,1,3014010000560910868,22134
9011001001300000,414,14010100702510219,,,1,3014010000560910868,22142
9011001001300000,414,14010100702511459,,,1,3014010000560910868,22182
9011001001300000,414,14010100702511583,,,1,3014010000560910868,22186
9011001001300000,414,14010100702516543,,,1,3014010000560910868,22437
9011001001300000,414,14010100702517733,,,1,3014010000560910868,22493
9011001001300000,414,14010100702518096,,,1,3014010000560910868,22510
9011001001300000,414,14010100702518776,,,1,3014010000560910868,22555
9011001001300000,414,14010100702519987,,,1,3014010000574789210,22631
9011001001300000,414,14010100702520781,,,1,3014010000560910868,22672
9011001001300000,414,14010100702521078,,,1,3014010000560910986,22684
9011001001300000,414,14010100702521326,,,1,3014010000560910868,22692
9011001001300000,414,14010100702515013,,,1,3014010000560910868,22365
9011001001300000,414,14010100702515353,,,1,3014010000560910868,22381
9011001001300000,414,14010100702516033,,,1,3014010000560910868,22413
9011001001300000,414,14010100702517563,,,1,3014010000560910868,22485
9011001001300000,414,14010100702517903,,,1,3014010000560910868,22501
9011001001300000,414,14010100702518266,,,1,3014010000560910868,22519
9011001001300000,414,14010100702518436,,,1,3014010000560910868,22530
9011001001300000,414,14010100702519303,,,1,3014010000574789210,22592
9011001001300000,414,14010100702519521,,,1,3014010000574789210,22604
9011001001300000,414,14010100702520075,,,1,3014010000560910868,22635
9011001001300000,414,14010100702520544,,,1,3014010000560910868,22661
9011001001300000,414,14010100702511707,,,1,3014010000560910868,22190
9011001001300000,414,14010100702512621,,,1,3014010000574789239,22223
9011001001300000,414,14010100702513458,,,1,3014010000560910868,22268
9011001001300000,414,14010100702513993,,,1,3014010000560910868,22306
9011001001300000,414,14010100702514333,,,1,3014010000560910868,22330
9011001001300000,414,14010100702514503,,,1,3014010000560910868,22341
9011001001300000,414,14010100702514673,,,1,3014010000560910868,22349
9011001001300000,414,14010100702515183,,,1,3014010000560910868,22373
9011001001300000,414,14010100702516203,,,1,3014010000560910868,22421
9011001001300000,414,14010100702522566,,,1,3014010000560910868,22732
9011001001300000,414,14010100702522814,,,1,3014010000560910868,22740
9011001001300000,414,14010100702522938,,,1,3014010000560910868,22744
9011001001300000,414,14010100702523550,,,1,3014010000560910868,22764
9011001001300000,414,14010100702523674,,,1,3014010000560910868,22768
9011001001300000,414,14010100702523917,,,1,3014010000560910868,22776
9011001001300000,414,14010100702524960,,,1,3014010000560910868,22844
9011001001300000,414,14010100702525132,,,1,3014010000560910868,22858
9011001001300000,414,14010100702525642,,,1,3014010000560910868,22883
9011001001300000,414,14010100702526152,,,1,3014010000560910868,22910
9011001001300000,414,14010100702526299,,,1,3014010000560910868,22918
9011001001300000,414,14010100702526469,,,1,3014010000560910868,22925
9011001001300000,385,14010100702526987,,,1,3014010000560910868,26543
9011001001300000,414,14010100702521574,,,1,3014010000560910868,22700
9011001001300000,414,14010100702521698,,,1,3014010000560910868,22704
9011001001300000,414,14010100702522318,,,1,3014010000560910868,22724
9011001001300000,414,14010100702523062,,,1,3014010000560910868,22748
9011001001300000,414,14010100702523186,,,1,3014010000560910868,22752
9011001001300000,414,14010100702524421,,,1,3014010000560910868,22803
9011001001300000,414,14010100702524616,,,1,3014010000560910868,22816
9011001001300000,414,14010100702516883,,,1,3014010000560910868,22453
9011001001300000,414,14010100702517053,,,1,3014010000560910868,22461
9011001001300000,414,14010100702517223,,,1,3014010000560910868,22469
9011001001300000,414,14010100702517393,,,1,3014010000560910868,22477
9011001001300000,414,14010100702518972,,,1,3014010000560910868,22569
9011001001300000,414,14010100702519190,,,1,3014010000560910868,22583
9011001001300000,414,14010100702519601,,,1,3014010000560910868,22610
9011001001300000,414,14010100702519849,,,1,3014010000560910868,22623
9011001001300000,414,14010100702520309,,,1,3014010000560910868,22648
9011001001300000,414,14010100702520447,,,1,3014010000574789210,22656
9011001001300000,414,14010100702520903,,,1,3014010000560910868,22678
9011001001300000,385,14010100702527681,,,1,3014010000560910868,26551
9011001001300000,385,14010100702528270,,,1,3014010000560910868,26558
9011001001300000,389,14010100702534882,,,1,3014010000560910868,24546
9011001001300000,389,14010100702534974,,,1,3014010000560910868,24547
9011001001300000,389,14010100702535966,,,1,3014010000560910868,24557
9011001001300000,389,14010100702536462,,,1,3014010000560910868,24561
9011001001300000,389,14010100702537486,,,1,3014010000560910868,24571
9011001001300000,389,14010100702537610,,,1,3014010000560910868,24572
9011001001300000,389,14010100702537706,,,1,3014010000560910868,24573
9011001001300000,385,14010100702540753,,,1,3014010000560910868,26455
9011001001300000,385,14010100702540873,,,1,3014010000560910868,26456
9011001001300000,414,14010100702526616,,,1,3014010000560910868,22931
9011001001300000,385,14010100702527200,,,1,3014010000560910868,26545
9011001001300000,385,14010100702527321,,,1,3014010000560910868,26546
9011001001300000,385,14010100702528128,,,1,3014010000560910868,26556
9011001001300000,389,14010100702535718,,,1,3014010000560910868,24555
9011001001300000,414,14010100702521450,,,1,3014010000560910868,22696
9011001001300000,414,14010100702521946,,,1,3014010000560910868,22712
9011001001300000,414,14010100702522070,,,1,3014010000560910868,22716
9011001001300000,414,14010100702522194,,,1,3014010000560910868,22720
9011001001300000,414,14010100702522442,,,1,3014010000560910868,22728
9011001001300000,414,14010100702523307,,,1,3014010000560910868,22756
9011001001300000,414,14010100702524027,,,1,3014010000560910868,22782
9011001001300000,414,14010100702524788,,,1,3014010000560910868,22831
9011001001300000,414,14010100702525302,,,1,3014010000560910868,22867
9011001001300000,414,14010100702525812,,,1,3014010000560910868,22892
9011001001300000,414,14010100702525982,,,1,3014010000560910868,22900
9011001001300000,389,14010100702535842,,,1,3014010000560910868,24556
9011001001300000,389,14010100702536214,,,1,3014010000560910868,24559
9011001001300000,389,14010100702536338,,,1,3014010000560910868,24560
9011001001300000,389,14010100702536868,,,1,3014010000560910868,24564
9011001001300000,389,14010100702537036,,,1,3014010000560910868,24566
9011001001300000,385,14010100702540505,,,1,3014010000560910868,26452
9011001001300000,385,14010100702543148,,,1,3014010000560910868,26535
9011001001300000,385,14010100702527561,,,1,3014010000560910868,26549
9011001001300000,385,14010100702527921,,,1,3014010000560910868,26554
9011001001300000,389,14010100702534836,,,1,3014010000560910868,24544
9011001001300000,389,14010100702535222,,,1,3014010000560910868,24550
9011001001300000,389,14010100702535346,,,1,3014010000560910868,24552
9011001001300000,389,14010100702536090,,,1,3014010000560910868,24558
9011001001300000,389,14010100702536710,,,1,3014010000560910868,24563
9011001001300000,389,14010100702537238,,,1,3014010000560910868,24568
9011001001300000,385,14010100702540385,,,1,3014010000560910868,26451
9011001001300000,385,14010100702541113,,,1,3014010000560910868,26458
9011001001300000,385,14010100702542229,,,1,3014010000560910868,26522
9011001001300000,385,14010100702542427,,,1,3014010000560910868,26527
9011001001300000,385,14010100702543027,,,1,3014010000560910868,26534
9011001001300000,385,14010100702543268,,,1,3014010000560910868,26536
9011001001300000,385,14010100702543629,,,1,3014010000560910868,26539
9011001001300000,385,14010100702543869,,,1,3014010000560910868,26541
9011001001300000,385,14010100702543388,,,1,3014010000560910868,26537
9011001001300000,385,14010100702543509,,,1,3014010000560910868,26538
9011001001300000,385,14010100702540993,,,1,3014010000560910868,26457
9011001001300000,385,14010100702542268,,,1,3014010000560910868,26524
9011001001300000,385,14010100702542332,,,1,3014010000560910868,26525
9011001001300000,385,14010100705784607,,,1,3014010000560910868,26450
9011001001300000,385,14010100702492401,,,1,3014010000560910868,26468
9011001001300000,385,14010100702493021,,,1,3014010000560910868,26473
9011001001300000,385,14010100702493416,,,1,3014010000560910868,26476
9011001001300000,385,14010100702494584,,,1,3014010000560910868,26483
9011001001300000,385,14010100702494754,,,1,3014010000560910868,26484
9011001001300000,385,14010100702497644,,,1,3014010000560910868,26501
9011001001300000,385,14010100702498836,,,1,3014010000560910868,26508
9011001001300000,385,14010100702499176,,,1,3014010000560910868,26510
9011001001300000,385,14010100702500792,,,1,3014010000560910868,26520
9011001001300000,414,14010100702508337,,,1,3014010000560910868,22042
9011001001300000,414,14010100702508447,,,1,3014010000560910908,22048
9011001001300000,414,14010100702508605,,,1,3014010000560910868,22059
9011001001300000,414,14010100702509723,,,1,3014010000560910868,22126
9011001001300000,414,14010100702510343,,,1,3014010000560910868,22146
9011001001300000,414,14010100702511335,,,1,3014010000560910868,22178
9011001001300000,414,14010100702512192,,,1,3014010000560910868,22206
9011001001300000,414,14010100702512395,,,1,3014010000560910868,22214
9011001001300000,414,14010100702513042,,,1,3014010000560910868,22243
9011001001300000,414,14010100702513183,,,1,3014010000574789210,22250
9011001001300000,414,14010100702513263,,,1,3014010000560910868,22255
9011001001300000,414,14010100702513823,,,1,3014010000560910868,22294
9011001001300000,414,14010100702514163,,,1,3014010000560910868,22318
9011001001300000,414,14010100702514843,,,1,3014010000560910868,22357
9011001001300000,414,14010100702515693,,,1,3014010000560910868,22397
9011001001300000,414,14010100702516713,,,1,3014010000560910868,22445
9011001001300000,414,14010100702518606,,,1,3014010000560910868,22543
9011001001300000,414,14010100702518889,,,1,3014010000574789210,22565
9011001001300000,414,14010100702519085,,,1,3014010000574789210,22578
9011001001300000,414,14010100702519408,,,1,3014010000560910868,22597
9011001001300000,414,14010100702519764,,,1,3014010000574789210,22618
9011001001300000,414,14010100702520213,,,1,3014010000574789210,22644
9011001001300000,414,14010100702520570,,,1,3014010000574789239,22662
9011001001300000,414,14010100702520807,,,1,3014010000560910986,22674
9011001001300000,414,14010100702521052,,,1,3014010000560910868,22683
9011001001300000,414,14010100702521202,,,1,3014010000560910868,22688
9011001001300000,414,14010100702521822,,,1,3014010000560910868,22708
9011001001300000,414,14010100702522690,,,1,3014010000560910868,22736
9011001001300000,414,14010100702523431,,,1,3014010000560910868,22760
9011001001300000,414,14010100702523793,,,1,3014010000560910868,22772
9011001001300000,414,14010100702524224,,,1,3014010000560910868,22792
9011001001300000,414,14010100702525472,,,1,3014010000560910868,22875
9011001001300000,414,14010100702526740,,,1,3014010000560910868,22937
9011001001300000,414,14010100702526864,,,1,3014010000560910868,22943
9011001001300000,385,14010100702527441,,,1,3014010000560910868,26548
9011001001300000,385,14010100702527801,,,1,3014010000560910868,26553
9011001001300000,389,14010100702535098,,,1,3014010000560910868,24549
9011001001300000,389,14010100702535470,,,1,3014010000560910868,24553
9011001001300000,389,14010100702535594,,,1,3014010000560910868,24554
9011001001300000,389,14010100702536586,,,1,3014010000560910868,24562
9011001001300000,389,14010100702537362,,,1,3014010000560910868,24570
9011001001300000,385,14010100702540544,,,1,3014010000560910868,26453
9011001001300000,385,14010100702540633,,,1,3014010000560910868,26454
9011001001300000,385,14010100702541233,,,1,3014010000560910868,26459
9011001001300000,385,14010100702542547,,,1,3014010000560910868,26528
9011001001300000,385,14010100702542667,,,1,3014010000560910868,26530
9011001001300000,385,14010100702542787,,,1,3014010000560910868,26531
9011001001300000,385,14010100702542907,,,1,3014010000560910868,26533
9011001001300000,385,14010100702543749,,,1,3014010000560910868,26540
9011001001300000,385,14010100702544016,,,1,3014010000560910868,26542
9011001001300000,385,14010100732436539,,,1,3014010000437400814,26449
9011001001300000,389,14010000702492367,,,0,3014010000526912488,24593
9011001001300000,389,14010000702492739,,,0,3014010000526912488,24596
9011001001300000,389,14010000702492987,,,0,3014010000526912488,24598
9011001001300000,389,14010000702493111,,,0,3014010000526912488,24599
9011001001300000,389,14010000702493207,,,0,3014010000526912488,24600
9011001001300000,389,14010000702493331,,,0,3014010000526912488,24601
9011001001300000,389,14010000702496001,,,0,3014010000526912488,24617
9011001001300000,389,14010000702497361,,,0,3014010000526912488,24625
9011001001300000,389,14010000702497531,,,0,3014010000526912488,24626
9011001001300000,389,14010000702499063,,,0,3014010000526912488,24635
9011001001300000,412,14010000702508427,,,0,3014010000526912488,20046
9011001001300000,389,14010000702493450,,,0,3014010000526912488,24602
9011001001300000,389,14010000702494301,,,0,3014010000526912488,24607
9011001001300000,389,14010000702494811,,,0,3014010000526912488,24610
9011001001300000,389,14010000702495151,,,0,3014010000526912488,24612
9011001001300000,389,14010000702495491,,,0,3014010000526912488,24614
9011001001300000,389,14010000702496171,,,0,3014010000526912488,24618
9011001001300000,389,14010000702496511,,,0,3014010000526912488,24620
9011001001300000,389,14010000702496681,,,0,3014010000526912488,24621
9011001001300000,389,14010000702497701,,,0,3014010000526912488,24627
9011001001300000,389,14010000702498723,,,0,3014010000526912488,24633
9011001001300000,389,14010000702499403,,,0,3014010000526912488,24637
9011001001300000,389,14010000702499743,,,0,3014010000526912488,24639
9011001001300000,389,14010000702500255,,,0,3014010000526912488,24642
9011001001300000,389,14010000702500455,,,0,3014010000526912488,24643
9011001001300000,389,14010000702500758,,,0,3014010000526912488,24645
9011001001300000,389,14010000702501133,,,0,3014010000526912488,24648
9011001001300000,389,14010000702501258,,,0,3014010000526912488,24649
9011001001300000,412,14010000702508074,,,0,3014010000526912488,20029
9011001001300000,389,14010000702492119,,,0,3014010000526912488,24591
9011001001300000,389,14010000702492491,,,0,3014010000526912488,24594
9011001001300000,389,14010000702492615,,,0,3014010000526912488,24595
9011001001300000,389,14010000702493960,,,0,3014010000526912488,24605
9011001001300000,389,14010000702494471,,,0,3014010000526912488,24608
9011001001300000,389,14010000702495321,,,0,3014010000526912488,24613
9011001001300000,389,14010000702495831,,,0,3014010000526912488,24616
9011001001300000,389,14010000702496341,,,0,3014010000526912488,24619
9011001001300000,389,14010000702496851,,,0,3014010000526912488,24622
9011001001300000,389,14010000702497021,,,0,3014010000526912488,24623
9011001001300000,389,14010000702498213,,,0,3014010000526912488,24630
9011001001300000,389,14010000702498383,,,0,3014010000526912488,24631
9011001001300000,389,14010000702498893,,,0,3014010000526912488,24634
9011001001300000,389,14010000702499233,,,0,3014010000526912488,24636
9011001001300000,389,14010000702499573,,,0,3014010000526912488,24638
9011001001300000,389,14010000702499913,,,0,3014010000526912488,24640
9011001001300000,389,14010000702500883,,,0,3014010000526912488,24646
9011001001300000,412,14010000702507910,,,0,3014010000526912488,20020
9011001001300000,412,14010000702508571,,,0,3014010000526912488,20055
9011001001300000,412,14010000702509289,,,0,3014010000526912488,20108
9011001001300000,412,14010000702509785,,,0,3014010000526912488,20128
9011001001300000,412,14010000702511273,,,0,3014010000526912488,20176
9011001001300000,412,14010000702511521,,,0,3014010000526912488,20184
9011001001300000,412,14010000702512254,,,0,3014010000526912488,20208
9011001001300000,412,14010000702512457,,,0,3014010000526912488,20216
9011001001300000,412,14010000702512883,,,0,3014010000526912488,20235
9011001001300000,412,14010000702513104,,,0,3014010000526912488,20246
9011001001300000,412,14010000702513297,,,0,3014010000526912488,20259
9011001001300000,412,14010000702513880,,,0,3014010000526912488,20299
9011001001300000,412,14010000702508695,,,0,3014010000526912488,20067
9011001001300000,412,14010000702509139,,,0,3014010000526912488,20101
9011001001300000,412,14010000702509413,,,0,3014010000526912488,20112
9011001001300000,412,14010000702509909,,,0,3014010000526912488,20132
9011001001300000,412,14010000702510157,,,0,3014010000526912488,20140
9011001001300000,412,14010000702510777,,,0,3014010000526912488,20160
9011001001300000,412,14010000702510901,,,0,3014010000526912488,20164
9011001001300000,412,14010000702511893,,,0,3014010000526912488,20196
9011001001300000,412,14010000702514900,,,0,3014010000526912488,20359
9011001001300000,412,14010000702515070,,,0,3014010000526912488,20367
9011001001300000,412,14010000702516940,,,0,3014010000526912488,20455
9011001001300000,412,14010000702519224,,,0,3014010000526912488,20585
9011001001300000,412,14010000702520343,,,0,3014010000526912488,20649
9011001001300000,412,14010000702521388,,,0,3014010000526912488,20694
9011001001300000,412,14010000702522008,,,0,3014010000526912488,20714
9011001001300000,412,14010000702522504,,,0,3014010000526912488,20730
9011001001300000,412,14010000702523124,,,0,3014010000526912488,20750
9011001001300000,412,14010000702523248,,,0,3014010000526912488,20754
9011001001300000,412,14010000702523369,,,0,3014010000526912488,20758
9011001001300000,412,14010000702524650,,,0,3014010000526912488,20820
9011001001300000,412,14010000702525506,,,0,3014010000526912488,20879
9011001001300000,412,14010000702526356,,,0,3014010000526912488,20923
9011001001300000,412,14010000702527077,,,0,3014010000526912488,20955
9011001001300000,412,14010000702527167,,,0,3014010000526912488,20959
9011001001300000,412,14010000702527354,,,0,3014010000526912488,20967
9011001001300000,412,14010000702527474,,,0,3014010000526912488,20974
9011001001300000,412,14010000702528161,,,0,3014010000526912488,21001
9011001001300000,414,14010000702535132,,,0,3014010000526912488,22971
9011001001300000,414,14010000702535628,,,0,3014010000526912488,22989
9011001001300000,414,14010000702536124,,,0,3014010000526912488,23005
9011001001300000,414,14010000702536496,,,0,3014010000526912488,23017
9011001001300000,414,14010000702536744,,,0,3014010000526912488,23025
9011001001300000,414,14010000702537151,,,0,3014010000526912488,23045
9011001001300000,389,14010000702540906,,,0,3014010000526912488,24583
9011001001300000,389,14010000702541564,,,0,3014010000526912488,24589
9011001001300000,389,14010000702543355,,,0,3014010000526912488,24658
9011001001300000,389,14010000702543476,,,0,3014010000526912488,24659
9011001001300000,389,14010000702543836,,,0,3014010000526912488,24662
9011001001300000,389,14010000702544138,,,0,3014010000526912488,24665
9011001001300000,389,14010000702544225,,,0,3014010000526912488,24666
9011001001300000,412,14010000702514050,,,0,3014010000526912488,20311
9011001001300000,412,14010000702514220,,,0,3014010000526912488,20323
9011001001300000,412,14010000702515580,,,0,3014010000526912488,20391
9011001001300000,412,14010000702516770,,,0,3014010000526912488,20447
9011001001300000,412,14010000702517450,,,0,3014010000526912488,20479
9011001001300000,412,14010000702517960,,,0,3014010000526912488,20503
9011001001300000,412,14010000702518640,,,0,3014010000526912488,20545
9011001001300000,412,14010000702519006,,,0,3014010000526912488,20571
9011001001300000,412,14010000702519790,,,0,3014010000313553263,20621
9011001001300000,412,14010000702520482,,,0,3014010000526912488,20658
9011001001300000,412,14010000702520604,,,0,3014010000526912488,20663
9011001001300000,412,14010000702520719,,,0,3014010000526912488,20669
9011001001300000,412,14010000702520841,,,0,3014010000526912488,20675
9011001001300000,412,14010000702521140,,,0,3014010000526912488,20686
9011001001300000,412,14010000702521760,,,0,3014010000526912488,20706
9011001001300000,412,14010000702522256,,,0,3014010000526912488,20722
9011001001300000,412,14010000702522380,,,0,3014010000526912488,20726
9011001001300000,412,14010000702522752,,,0,3014010000526912488,20738
9011001001300000,412,14010000702524061,,,0,3014010000526912488,20783
9011001001300000,412,14010000702524258,,,0,3014010000526912488,20794
9011001001300000,412,14010000702525336,,,0,3014010000526912488,20868
9011001001300000,412,14010000702526016,,,0,3014010000526912488,20904
9011001001300000,412,14010000702526186,,,0,3014010000526912488,20915
9011001001300000,412,14010000702526554,,,0,3014010000526912488,20932
9011001001300000,412,14010000702526706,,,0,3014010000526912488,20938
9011001001300000,412,14010000702526954,,,0,3014010000526912488,20950
9011001001300000,412,14010000702527594,,,0,3014010000526912488,20980
9011001001300000,412,14010000702527834,,,0,3014010000526912488,20988
9011001001300000,412,14010000702527954,,,0,3014010000526912488,20992
9011001001300000,412,14010000702528390,,,0,3014010000526912488,21016
9011001001300000,414,14010000702536000,,,0,3014010000526912488,23001
9011001001300000,414,14010000702536977,,,0,3014010000526912488,23036
9011001001300000,414,14010000702537300,,,0,3014010000526912488,23054
9011001001300000,389,14010000702540346,,,0,3014010000313553076,24577
9011001001300000,389,14010000702540418,,,0,3014010000526912488,24578
9011001001300000,389,14010000702540666,,,0,3014010000526912488,24581
9011001001300000,389,14010000702541266,,,0,3014010000526912488,24586
9011001001300000,389,14010000702543596,,,0,3014010000526912488,24660
9011001001300000,389,14010000702543716,,,0,3014010000526912488,24661
9011001001300000,389,14010000702544289,,,0,3014010000526912488,24667
9011001001300000,412,14010000702509537,,,0,3014010000526912488,20119
9011001001300000,412,14010000702510405,,,0,3014010000526912488,20148
9011001001300000,412,14010000702510529,,,0,3014010000526912488,20152
9011001001300000,412,14010000702511645,,,0,3014010000526912488,20188
9011001001300000,412,14010000702511769,,,0,3014010000526912488,20192
9011001001300000,412,14010000702513492,,,0,3014010000526912488,20273
9011001001300000,412,14010000702514390,,,0,3014010000526912488,20334
9011001001300000,412,14010000702514730,,,0,3014010000526912488,20351
9011001001300000,412,14010000702515410,,,0,3014010000526912488,20383
9011001001300000,412,14010000702515750,,,0,3014010000526912488,20399
9011001001300000,412,14010000702515920,,,0,3014010000526912488,20407
9011001001300000,412,14010000702516430,,,0,3014010000526912488,20431
9011001001300000,412,14010000702516600,,,0,3014010000526912488,20439
9011001001300000,412,14010000702517620,,,0,3014010000526912488,20487
9011001001300000,412,14010000702517790,,,0,3014010000526912488,20495
9011001001300000,412,14010000702518300,,,0,3014010000526912488,20520
9011001001300000,412,14010000702518470,,,0,3014010000526912488,20531
9011001001300000,412,14010000702518810,,,0,3014010000526912488,20558
9011001001300000,412,14010000702519442,,,0,3014010000526912488,20599
9011001001300000,412,14010000702519660,,,0,3014010000526912488,20613
9011001001300000,412,14010000702519883,,,0,3014010000526912488,20625
9011001001300000,412,14010000702520247,,,0,3014010000526912488,20646
9011001001300000,412,14010000702521264,,,0,3014010000526912488,20690
9011001001300000,412,14010000702522876,,,0,3014010000526912488,20742
9011001001300000,412,14010000702523491,,,0,3014010000702507723,20762
9011001001300000,412,14010000702523612,,,0,3014010000526912488,20766
9011001001300000,412,14010000702523855,,,0,3014010000526912488,20774
9011001001300000,412,14010000702524455,,,0,3014010000526912488,20805
9011001001300000,412,14010000702524994,,,0,3014010000526912488,20848
9011001001300000,412,14010000702525166,,,0,3014010000526912488,20860
9011001001300000,412,14010000702525676,,,0,3014010000526912488,20888
9011001001300000,412,14010000702525846,,,0,3014010000526912488,20896
9011001001300000,412,14010000702526830,,,0,3014010000526912488,20944
9011001001300000,412,14010000702527261,,,0,3014010000526912488,20962
9011001001300000,412,14010000702528041,,,0,3014010000526912488,20996
9011001001300000,412,14010000702528303,,,0,3014010000526912488,21008
9011001001300000,414,14010000702535008,,,0,3014010000526912488,22964
9011001001300000,414,14010000702535380,,,0,3014010000526912488,22981
9011001001300000,414,14010000702535752,,,0,3014010000526912488,22993
9011001001300000,414,14010000702536372,,,0,3014010000526912488,23013
9011001001300000,414,14010000702536620,,,0,3014010000526912488,23021
9011001001300000,414,14010000702537204,,,0,3014010000369636399,23049
9011001001300000,414,14010000702537644,,,0,3014010000526912488,23070
9011001001300000,389,14010000702541026,,,0,3014010000526912488,24584
9011001001300000,389,14010000702542394,,,0,3014010000526912488,24650
9011001001300000,389,14010000702542634,,,0,3014010000526912488,24652
9011001001300000,389,14010000702542754,,,0,3014010000526912488,24653
9011001001300000,389,14010000702543115,,,0,3014010000526912488,24656
9011001001300000,389,14010000702543235,,,0,3014010000526912488,24657
9011001001300000,389,14010000702544076,,,0,3014010000526912488,24664
9011001001300000,389,14010000702491995,,,0,3014010000526912488,24590
9011001001300000,389,14010000702492243,,,0,3014010000526912488,24592
9011001001300000,389,14010000702492863,,,0,3014010000526912488,24597
9011001001300000,389,14010000702493620,,,0,3014010000526912488,24603
9011001001300000,389,14010000702493790,,,0,3014010000526912488,24604
9011001001300000,389,14010000702494130,,,0,3014010000526912488,24606
9011001001300000,389,14010000702494641,,,0,3014010000526912488,24609
9011001001300000,389,14010000702494981,,,0,3014010000526912488,24611
9011001001300000,389,14010000702495661,,,0,3014010000526912488,24615
9011001001300000,389,14010000702497191,,,0,3014010000526912488,24624
9011001001300000,389,14010000702497872,,,0,3014010000526912488,24628
9011001001300000,389,14010000702498043,,,0,3014010000526912488,24629
9011001001300000,389,14010000702498553,,,0,3014010000526912488,24632
9011001001300000,389,14010000702500083,,,0,3014010000526912488,24641
9011001001300000,389,14010000702500604,,,0,3014010000526912488,24644
9011001001300000,389,14010000702501008,,,0,3014010000526912488,24647
9011001001300000,412,14010000702508213,,,0,3014010000526912488,20037
9011001001300000,412,14010000702508842,,,0,3014010000526912488,20083
9011001001300000,412,14010000702509015,,,0,3014010000526912488,20094
9011001001300000,412,14010000702509661,,,0,3014010000526912488,20123
9011001001300000,412,14010000702510033,,,0,3014010000526912488,20136
9011001001300000,412,14010000702510281,,,0,3014010000526912488,20144
9011001001300000,412,14010000702510653,,,0,3014010000526912488,20156
9011001001300000,412,14010000702511025,,,0,3014010000526912488,20168
9011001001300000,412,14010000702511149,,,0,3014010000526912488,20172
9011001001300000,412,14010000702511397,,,0,3014010000526912488,20180
9011001001300000,412,14010000702512017,,,0,3014010000526912488,20200
9011001001300000,412,14010000702512683,,,0,3014010000526912488,20226
9011001001300000,412,14010000702513687,,,0,3014010000526912488,20286
9011001001300000,412,14010000702514560,,,0,3014010000526912488,20343
9011001001300000,412,14010000702515240,,,0,3014010000526912488,20375
9011001001300000,412,14010000702516090,,,0,3014010000526912488,20415
9011001001300000,412,14010000702516260,,,0,3014010000526912488,20423
9011001001300000,412,14010000702517110,,,0,3014010000526912488,20463
9011001001300000,412,14010000702517280,,,0,3014010000526912488,20471
9011001001300000,412,14010000702518130,,,0,3014010000526912488,20511
9011001001300000,412,14010000702520109,,,0,3014010000526912488,20638
9011001001300000,412,14010000702520990,,,0,3014010000526912488,20681
9011001001300000,412,14010000702521512,,,0,3014010000526912488,20698
9011001001300000,412,14010000702521636,,,0,3014010000526912488,20702
9011001001300000,412,14010000702521884,,,0,3014010000526912488,20710
9011001001300000,412,14010000702522132,,,0,3014010000526912488,20718
9011001001300000,412,14010000702522628,,,0,3014010000526912488,20734
9011001001300000,412,14010000702523000,,,0,3014010000526912488,20746
9011001001300000,412,14010000702523734,,,0,3014010000702507723,20770
9011001001300000,412,14010000702524822,,,0,3014010000526912488,20835
9011001001300000,412,14010000702527714,,,0,3014010000526912488,20984
9011001001300000,414,14010000702535256,,,0,3014010000526912488,22977
9011001001300000,414,14010000702535504,,,0,3014010000526912488,22985
9011001001300000,414,14010000702535876,,,0,3014010000526912488,22997
9011001001300000,414,14010000702536248,,,0,3014010000526912488,23009
9011001001300000,414,14010000702536834,,,0,3014010000526912488,23028
9011001001300000,414,14010000702537424,,,0,3014010000526912488,23062
9011001001300000,414,14010000702537548,,,0,3014010000526912488,23066
9011001001300000,414,14010000702537740,,,0,3014010000526912488,23077
9011001001300000,389,14010000702540786,,,0,3014010000526912488,24582
9011001001300000,389,14010000702541146,,,0,3014010000526912488,24585
9011001001300000,389,14010000702541355,,,0,3014010000526912488,24587
9011001001300000,389,14010000702541444,,,0,3014010000526912488,24588
9011001001300000,389,14010000702542514,,,0,3014010000526912488,24651
9011001001300000,389,14010000702542874,,,0,3014010000526912488,24654
9011001001300000,389,14010000702542994,,,0,3014010000526912488,24655
9011001001300000,389,14010000702543956,,,0,3014010000526912488,24663
9011001001300000,389,14010000705784677,,,0,3014010000526912488,24579
9011001001300000,389,14010000705784741,,,0,3014010000526912488,24580
9011001001300000,412,14010000711581193,,,0,3014010000313553329,20241
9011001001300000,412,14010000711582445,,,0,3014010000313553329,20595
9011001001300000,412,14010000711582837,,,0,3014010000313553329,20790
9011001001300000,412,14010000711582871,,,0,3014010000313553329,20801
9011001001300000,412,14010000711582905,,,0,3014010000313553329,20812
9011001001300000,412,14010000711581087,,,0,3014010000313553329,20212
9011001001300000,412,14010000711581121,,,0,3014010000313553329,20220
9011001001300000,412,14010000711581157,,,0,3014010000313553329,20230
9011001001300000,412,14010000711582409,,,0,3014010000313553329,20581
9011001001300000,412,14010000710813913,,,0,3014010000710813853,20022
9011001001300000,412,14010000711581249,,,0,3014010000313553329,20253
9011001001300000,412,14010000711581303,,,0,3014010000313553329,20266
9011001001300000,412,14010000711582481,,,0,3014010000313553329,20608
9011001001300000,414,14010000711765776,,,0,3014010000419438274,23042
9011001001300000,412,14010000711581053,,,0,3014010000313553329,20204
9011001001300000,412,14010000711581357,,,0,3014010000313553329,20280
9011001001300000,412,14010000711581409,,,0,3014010000313553329,20292
9011001001300000,412,14010000711582803,,,0,3014010000313553329,20779
9011001001300000,412,14010000712292370,,,0,3014010000574789309,21027
9011001001300000,385,14010100702492367,,,0,3014010000526912488,26579
9011001001300000,385,14010100702492739,,,0,3014010000526912488,26582
9011001001300000,385,14010100702492863,,,0,3014010000526912488,26583
9011001001300000,385,14010100702492987,,,0,3014010000526912488,26584
9011001001300000,385,14010100702493207,,,0,3014010000526912488,26586
9011001001300000,385,14010100702493620,,,0,3014010000526912488,26589
9011001001300000,385,14010100702491995,,,0,3014010000526912488,26576
9011001001300000,385,14010100702492119,,,0,3014010000526912488,26577
9011001001300000,385,14010100702492615,,,0,3014010000526912488,26581
9011001001300000,385,14010100702493790,,,0,3014010000526912488,26590
9011001001300000,385,14010100702494471,,,0,3014010000526912488,26594
9011001001300000,385,14010100702494641,,,0,3014010000526912488,26595
9011001001300000,385,14010100702495491,,,0,3014010000526912488,26600
9011001001300000,385,14010100702496001,,,0,3014010000526912488,26603
9011001001300000,385,14010100702496681,,,0,3014010000526912488,26607
9011001001300000,385,14010100702497021,,,0,3014010000526912488,26609
9011001001300000,385,14010100702497191,,,0,3014010000526912488,26610
9011001001300000,385,14010100702497531,,,0,3014010000526912488,26612
9011001001300000,385,14010100702492491,,,0,3014010000526912488,26580
9011001001300000,385,14010100702493111,,,0,3014010000526912488,26585
9011001001300000,385,14010100702493450,,,0,3014010000526912488,26588
9011001001300000,385,14010100702496171,,,0,3014010000526912488,26604
9011001001300000,385,14010100702496851,,,0,3014010000526912488,26608
9011001001300000,385,14010100702497361,,,0,3014010000526912488,26611
9011001001300000,385,14010100702494811,,,0,3014010000526912488,26596
9011001001300000,385,14010100702494981,,,0,3014010000526912488,26597
9011001001300000,385,14010100702495151,,,0,3014010000526912488,26598
9011001001300000,385,14010100702495661,,,0,3014010000526912488,26601
9011001001300000,385,14010100702497701,,,0,3014010000526912488,26613
9011001001300000,385,14010100702497872,,,0,3014010000526912488,26614
9011001001300000,385,14010100702498043,,,0,3014010000526912488,26615
9011001001300000,385,14010100702498553,,,0,3014010000526912488,26618
9011001001300000,385,14010100702499063,,,0,3014010000526912488,26621
9011001001300000,385,14010100702499233,,,0,3014010000526912488,26622
9011001001300000,385,14010100702500883,,,0,3014010000526912488,26632
9011001001300000,414,14010100702508074,,,0,3014010000526912488,22029
9011001001300000,385,14010100702498213,,,0,3014010000526912488,26616
9011001001300000,385,14010100702498383,,,0,3014010000526912488,26617
9011001001300000,385,14010100702498723,,,0,3014010000526912488,26619
9011001001300000,385,14010100702498893,,,0,3014010000526912488,26620
9011001001300000,385,14010100702499743,,,0,3014010000526912488,26625
9011001001300000,385,14010100702500083,,,0,3014010000526912488,26627
9011001001300000,385,14010100702500604,,,0,3014010000526912488,26630
9011001001300000,385,14010100702501258,,,0,3014010000526912488,26635
9011001001300000,414,14010100702508571,,,0,3014010000526912488,22055
9011001001300000,414,14010100702509413,,,0,3014010000526912488,22112
9011001001300000,414,14010100702509785,,,0,3014010000526912488,22128
9011001001300000,385,14010100702500255,,,0,3014010000526912488,26628
9011001001300000,385,14010100702501008,,,0,3014010000526912488,26633
9011001001300000,385,14010100702501133,,,0,3014010000526912488,26634
9011001001300000,414,14010100702507910,,,0,3014010000526912488,22020
9011001001300000,414,14010100702508427,,,0,3014010000526912488,22046
9011001001300000,414,14010100702509015,,,0,3014010000526912488,22094
9011001001300000,414,14010100702509661,,,0,3014010000526912488,22123
9011001001300000,414,14010100702510033,,,0,3014010000526912488,22136
9011001001300000,414,14010100702510281,,,0,3014010000526912488,22144
9011001001300000,414,14010100702511397,,,0,3014010000526912488,22180
9011001001300000,414,14010100702511769,,,0,3014010000526912488,22192
9011001001300000,414,14010100702513104,,,0,3014010000526912488,22246
9011001001300000,414,14010100702513687,,,0,3014010000526912488,22286
9011001001300000,414,14010100702514390,,,0,3014010000526912488,22334
9011001001300000,414,14010100702514560,,,0,3014010000526912488,22343
9011001001300000,414,14010100702515580,,,0,3014010000526912488,22391
9011001001300000,414,14010100702515920,,,0,3014010000526912488,22407
9011001001300000,414,14010100702516090,,,0,3014010000526912488,22415
9011001001300000,414,14010100702516430,,,0,3014010000526912488,22431
9011001001300000,414,14010100702510157,,,0,3014010000526912488,22140
9011001001300000,414,14010100702510405,,,0,3014010000526912488,22148
9011001001300000,414,14010100702510529,,,0,3014010000526912488,22152
9011001001300000,414,14010100702510653,,,0,3014010000526912488,22156
9011001001300000,414,14010100702510901,,,0,3014010000526912488,22164
9011001001300000,414,14010100702511149,,,0,3014010000526912488,22172
9011001001300000,414,14010100702511273,,,0,3014010000526912488,22176
9011001001300000,414,14010100702511521,,,0,3014010000526912488,22184
9011001001300000,414,14010100702511893,,,0,3014010000526912488,22196
9011001001300000,414,14010100702512457,,,0,3014010000526912488,22216
9011001001300000,414,14010100702513297,,,0,3014010000526912488,22259
9011001001300000,414,14010100702513880,,,0,3014010000526912488,22299
9011001001300000,414,14010100702514050,,,0,3014010000526912488,22311
9011001001300000,414,14010100702508842,,,0,3014010000526912488,22083
9011001001300000,414,14010100702509139,,,0,3014010000526912488,22101
9011001001300000,414,14010100702509537,,,0,3014010000526912488,22119
9011001001300000,414,14010100702509909,,,0,3014010000526912488,22132
9011001001300000,414,14010100702511645,,,0,3014010000526912488,22188
9011001001300000,414,14010100702517280,,,0,3014010000526912488,22471
9011001001300000,414,14010100702518640,,,0,3014010000526912488,22545
9011001001300000,414,14010100702519006,,,0,3014010000526912488,22571
9011001001300000,414,14010100702519224,,,0,3014010000526912488,22585
9011001001300000,414,14010100702520719,,,0,3014010000526912488,22670
9011001001300000,414,14010100702521760,,,0,3014010000526912488,22706
9011001001300000,414,14010100702522008,,,0,3014010000526912488,22714
9011001001300000,414,14010100702514220,,,0,3014010000526912488,22323
9011001001300000,414,14010100702515070,,,0,3014010000526912488,22367
9011001001300000,414,14010100702515240,,,0,3014010000526912488,22375
9011001001300000,414,14010100702518300,,,0,3014010000526912488,22520
9011001001300000,414,14010100702519790,,,0,3014010000313553263,22621
9011001001300000,414,14010100702520247,,,0,3014010000526912488,22646
9011001001300000,414,14010100702512017,,,0,3014010000526912488,22200
9011001001300000,414,14010100702512883,,,0,3014010000526912488,22235
9011001001300000,414,14010100702513492,,,0,3014010000526912488,22273
9011001001300000,414,14010100702515410,,,0,3014010000526912488,22383
9011001001300000,414,14010100702516600,,,0,3014010000526912488,22439
9011001001300000,414,14010100702522256,,,0,3014010000526912488,22722
9011001001300000,414,14010100702522380,,,0,3014010000526912488,22726
9011001001300000,414,14010100702522628,,,0,3014010000526912488,22734
9011001001300000,414,14010100702522876,,,0,3014010000526912488,22742
9011001001300000,414,14010100702524455,,,0,3014010000526912488,22805
9011001001300000,414,14010100702524650,,,0,3014010000526912488,22820
9011001001300000,414,14010100702525336,,,0,3014010000526912488,22868
9011001001300000,414,14010100702525676,,,0,3014010000526912488,22884
9011001001300000,414,14010100702521388,,,0,3014010000526912488,22694
9011001001300000,414,14010100702521884,,,0,3014010000526912488,22710
9011001001300000,414,14010100702522504,,,0,3014010000526912488,22730
9011001001300000,414,14010100702522752,,,0,3014010000526912488,22738
9011001001300000,414,14010100702523000,,,0,3014010000526912488,22746
9011001001300000,414,14010100702523248,,,0,3014010000526912488,22754
9011001001300000,414,14010100702523734,,,0,3014010000702507723,22770
9011001001300000,414,14010100702523855,,,0,3014010000526912488,22774
9011001001300000,414,14010100702516940,,,0,3014010000526912488,22455
9011001001300000,414,14010100702517110,,,0,3014010000526912488,22463
9011001001300000,414,14010100702517620,,,0,3014010000526912488,22487
9011001001300000,414,14010100702517960,,,0,3014010000526912488,22503
9011001001300000,414,14010100702518130,,,0,3014010000526912488,22511
9011001001300000,414,14010100702518470,,,0,3014010000526912488,22531
9011001001300000,414,14010100702519660,,,0,3014010000526912488,22613
9011001001300000,414,14010100702520109,,,0,3014010000526912488,22638
9011001001300000,414,14010100702520343,,,0,3014010000526912488,22649
9011001001300000,414,14010100702520841,,,0,3014010000526912488,22675
9011001001300000,414,14010100702521264,,,0,3014010000526912488,22690
9011001001300000,385,14010100702527474,,,0,3014010000526912488,26658
9011001001300000,385,14010100702527714,,,0,3014010000526912488,26660
9011001001300000,385,14010100702527954,,,0,3014010000526912488,26662
9011001001300000,385,14010100702528161,,,0,3014010000526912488,26664
9011001001300000,389,14010100702536248,,,0,3014010000526912488,24679
9011001001300000,389,14010100702537424,,,0,3014010000526912488,24688
9011001001300000,385,14010100702540418,,,0,3014010000526912488,26564
9011001001300000,385,14010100702540666,,,0,3014010000526912488,26567
9011001001300000,385,14010100702541026,,,0,3014010000526912488,26570
9011001001300000,414,14010100702524994,,,0,3014010000526912488,22848
9011001001300000,414,14010100702525166,,,0,3014010000526912488,22860
9011001001300000,414,14010100702526016,,,0,3014010000526912488,22901
9011001001300000,414,14010100702526356,,,0,3014010000526912488,22920
9011001001300000,414,14010100702526830,,,0,3014010000526912488,22941
9011001001300000,414,14010100702527167,,,0,3014010000526912488,22956
9011001001300000,414,14010100702527261,,,0,3014010000526912488,22958
9011001001300000,385,14010100702527594,,,0,3014010000526912488,26659
9011001001300000,385,14010100702527834,,,0,3014010000526912488,26661
9011001001300000,385,14010100702528303,,,0,3014010000526912488,26665
9011001001300000,389,14010100702535752,,,0,3014010000526912488,24675
9011001001300000,414,14010100702521512,,,0,3014010000526912488,22698
9011001001300000,414,14010100702521636,,,0,3014010000526912488,22702
9011001001300000,414,14010100702522132,,,0,3014010000526912488,22718
9011001001300000,414,14010100702523491,,,0,3014010000702507723,22762
9011001001300000,414,14010100702524061,,,0,3014010000526912488,22783
9011001001300000,414,14010100702524822,,,0,3014010000526912488,22835
9011001001300000,414,14010100702525506,,,0,3014010000526912488,22876
9011001001300000,414,14010100702526186,,,0,3014010000526912488,22912
9011001001300000,389,14010100702536124,,,0,3014010000526912488,24678
9011001001300000,389,14010100702536496,,,0,3014010000526912488,24681
9011001001300000,389,14010100702536620,,,0,3014010000526912488,24682
9011001001300000,389,14010100702536744,,,0,3014010000526912488,24683
9011001001300000,389,14010100702536977,,,0,3014010000526912488,24685
9011001001300000,389,14010100702537204,,,0,3014010000369636399,24700
9011001001300000,389,14010100702537644,,,0,3014010000526912488,24690
9011001001300000,389,14010100702537740,,,0,3014010000526912488,24691
9011001001300000,385,14010100702541266,,,0,3014010000526912488,26572
9011001001300000,385,14010100702541564,,,0,3014010000526912488,26575
9011001001300000,385,14010100702542994,,,0,3014010000526912488,26643
9011001001300000,414,14010100702527077,,,0,3014010000526912488,22952
9011001001300000,385,14010100702528390,,,0,3014010000526912488,26666
9011001001300000,389,14010100702535132,,,0,3014010000526912488,24670
9011001001300000,385,14010100702542394,,,0,3014010000526912488,26636
9011001001300000,385,14010100702542514,,,0,3014010000526912488,26638
9011001001300000,385,14010100702542634,,,0,3014010000526912488,26640
9011001001300000,385,14010100702542754,,,0,3014010000526912488,26641
9011001001300000,385,14010100702543235,,,0,3014010000526912488,26645
9011001001300000,385,14010100702543355,,,0,3014010000526912488,26646
9011001001300000,385,14010100702544076,,,0,3014010000526912488,26652
9011001001300000,385,14010100702543596,,,0,3014010000526912488,26648
9011001001300000,385,14010100702544138,,,0,3014010000526912488,26653
9011001001300000,385,14010100702541355,,,0,3014010000526912488,26573
9011001001300000,385,14010100702543115,,,0,3014010000526912488,26644
9011001001300000,385,14010100702543836,,,0,3014010000526912488,26650
9011001001300000,385,14010100702543956,,,0,3014010000526912488,26651
9011001001300000,385,14010100702544225,,,0,3014010000526912488,26654
9011001001300000,385,14010100705784677,,,0,3014010000526912488,26565
9011001001300000,385,14010100705784741,,,0,3014010000526912488,26566
9011001001300000,414,14010100711581157,,,0,3014010000313553329,22230
9011001001300000,414,14010100711581193,,,0,3014010000313553329,22241
9011001001300000,414,14010100711581249,,,0,3014010000313553329,22253
9011001001300000,414,14010100711582445,,,0,3014010000313553329,22595
9011001001300000,414,14010100711582803,,,0,3014010000313553329,22779
9011001001300000,414,14010100711582837,,,0,3014010000313553329,22790
9011001001300000,414,14010100711582871,,,0,3014010000313553329,22801
9011001001300000,414,14010100711582905,,,0,3014010000313553329,22812
9011001001300000,414,14010100711581087,,,0,3014010000313553329,22212
9011001001300000,414,14010100711581303,,,0,3014010000313553329,22266
9011001001300000,414,14010100711582409,,,0,3014010000313553329,22581
9011001001300000,414,14010100711582481,,,0,3014010000313553329,22608
9011001001300000,414,14010100711581053,,,0,3014010000313553329,22204
9011001001300000,414,14010100711581409,,,0,3014010000313553329,22292
9011001001300000,389,14010100711765776,,,0,3014010000419438274,24699
9011001001300000,414,14010100712292370,,,0,3014010000574789309,23086
9011001001300000,385,14010100702492243,,,0,3014010000526912488,26578
9011001001300000,385,14010100702493331,,,0,3014010000526912488,26587
9011001001300000,385,14010100702493960,,,0,3014010000526912488,26591
9011001001300000,385,14010100702494130,,,0,3014010000526912488,26592
9011001001300000,385,14010100702494301,,,0,3014010000526912488,26593
9011001001300000,385,14010100702495321,,,0,3014010000526912488,26599
9011001001300000,385,14010100702495831,,,0,3014010000526912488,26602
9011001001300000,385,14010100702496341,,,0,3014010000526912488,26605
9011001001300000,385,14010100702496511,,,0,3014010000526912488,26606
9011001001300000,385,14010100702499403,,,0,3014010000526912488,26623
9011001001300000,385,14010100702499573,,,0,3014010000526912488,26624
9011001001300000,385,14010100702499913,,,0,3014010000526912488,26626
9011001001300000,385,14010100702500455,,,0,3014010000526912488,26629
9011001001300000,385,14010100702500758,,,0,3014010000526912488,26631
9011001001300000,414,14010100702508213,,,0,3014010000526912488,22037
9011001001300000,414,14010100702508695,,,0,3014010000526912488,22067
9011001001300000,414,14010100702509289,,,0,3014010000526912488,22108
9011001001300000,414,14010100702510777,,,0,3014010000526912488,22160
9011001001300000,414,14010100702511025,,,0,3014010000526912488,22168
9011001001300000,414,14010100702512254,,,0,3014010000526912488,22208
9011001001300000,414,14010100702512683,,,0,3014010000526912488,22226
9011001001300000,414,14010100702514730,,,0,3014010000526912488,22351
9011001001300000,414,14010100702514900,,,0,3014010000526912488,22359
9011001001300000,414,14010100702515750,,,0,3014010000526912488,22399
9011001001300000,414,14010100702516260,,,0,3014010000526912488,22423
9011001001300000,414,14010100702516770,,,0,3014010000526912488,22447
9011001001300000,414,14010100702517450,,,0,3014010000526912488,22479
9011001001300000,414,14010100702517790,,,0,3014010000526912488,22495
9011001001300000,414,14010100702518810,,,0,3014010000526912488,22558
9011001001300000,414,14010100702519442,,,0,3014010000526912488,22599
9011001001300000,414,14010100702519883,,,0,3014010000526912488,22625
9011001001300000,414,14010100702520482,,,0,3014010000526912488,22658
9011001001300000,414,14010100702520604,,,0,3014010000526912488,22663
9011001001300000,414,14010100702520990,,,0,3014010000526912488,22681
9011001001300000,414,14010100702521140,,,0,3014010000526912488,22686
9011001001300000,414,14010100702523124,,,0,3014010000526912488,22750
9011001001300000,414,14010100702523369,,,0,3014010000526912488,22758
9011001001300000,414,14010100702523612,,,0,3014010000526912488,22766
9011001001300000,414,14010100702524258,,,0,3014010000526912488,22794
9011001001300000,414,14010100702525846,,,0,3014010000526912488,22893
9011001001300000,414,14010100702526554,,,0,3014010000526912488,22929
9011001001300000,414,14010100702526706,,,0,3014010000526912488,22935
9011001001300000,414,14010100702526954,,,0,3014010000526912488,22947
9011001001300000,385,14010100702527354,,,0,3014010000526912488,26656
9011001001300000,385,14010100702528041,,,0,3014010000526912488,26663
9011001001300000,389,14010100702535008,,,0,3014010000526912488,24668
9011001001300000,389,14010100702535256,,,0,3014010000526912488,24671
9011001001300000,389,14010100702535380,,,0,3014010000526912488,24672
9011001001300000,389,14010100702535504,,,0,3014010000526912488,24673
9011001001300000,389,14010100702535628,,,0,3014010000526912488,24674
9011001001300000,389,14010100702535876,,,0,3014010000526912488,24676
9011001001300000,389,14010100702536000,,,0,3014010000526912488,24677
9011001001300000,389,14010100702536372,,,0,3014010000526912488,24680
9011001001300000,389,14010100702536834,,,0,3014010000526912488,24684
9011001001300000,389,14010100702537151,,,0,3014010000526912488,24686
9011001001300000,389,14010100702537300,,,0,3014010000526912488,24687
9011001001300000,389,14010100702537548,,,0,3014010000526912488,24689
9011001001300000,385,14010100702540346,,,0,3014010000313553076,26563
9011001001300000,385,14010100702540786,,,0,3014010000526912488,26568
9011001001300000,385,14010100702540906,,,0,3014010000526912488,26569
9011001001300000,385,14010100702541146,,,0,3014010000526912488,26571
9011001001300000,385,14010100702541444,,,0,3014010000526912488,26574
9011001001300000,385,14010100702542874,,,0,3014010000526912488,26642
9011001001300000,385,14010100702543476,,,0,3014010000526912488,26647
9011001001300000,385,14010100702543716,,,0,3014010000526912488,26649
9011001001300000,385,14010100702544289,,,0,3014010000526912488,26655
9011001001300000,414,14010100710813913,,,0,3014010000710813853,22022
9011001001300000,414,14010100711581121,,,0,3014010000313553329,22220
9011001001300000,414,14010100711581357,,,0,3014010000313553329,22280
9011001001400000,389,14010000702492209,,,1,3014010000537090511,24019
9011001001400000,389,14010000702492581,,,1,3014010000537090511,24022
9011001001400000,389,14010000702492705,,,1,3014010000537090511,24023
9011001001400000,389,14010000702493077,,,1,3014010000537090511,24026
9011001001400000,389,14010000702493235,,,1,3014010000537090511,24027
9011001001400000,389,14010000702493506,,,1,3014010000537090511,24029
9011001001400000,389,14010000702493869,,,1,3014010000560911056,24131
9011001001400000,389,14010000702494210,,,1,3014010000560911056,24133
9011001001400000,389,14010000702494527,,,1,3014010000537090511,24035
9011001001400000,389,14010000702494697,,,1,3014010000537090511,24036
9011001001400000,389,14010000702495230,,,1,3014010000560911056,24139
9011001001400000,389,14010000702496397,,,1,3014010000537090511,24046
9011001001400000,389,14010000702496930,,,1,3014010000560911056,24149
9011001001400000,389,14010000702497100,,,1,3014010000560911056,24150
9011001001400000,389,14010000702497247,,,1,3014010000537090511,24051
9011001001400000,389,14010000702497417,,,1,3014010000537090511,24052
9011001001400000,389,14010000702497440,,,1,3014010000560911056,24152
9011001001400000,389,14010000702497781,,,1,3014010000560911056,24154
9011001001400000,389,14010000702497928,,,1,3014010000537090511,24055
9011001001400000,389,14010000702498122,,,1,3014010000560911056,24156
9011001001400000,389,14010000702498292,,,1,3014010000560911056,24157
9011001001400000,389,14010000702498439,,,1,3014010000537090511,24058
9011001001400000,389,14010000702498609,,,1,3014010000537090511,24059
9011001001400000,389,14010000702498632,,,1,3014010000560911056,24159
9011001001400000,389,14010000702498802,,,1,3014010000560911056,24160
9011001001400000,389,14010000702498972,,,1,3014010000560911056,24161
9011001001400000,389,14010000702499459,,,1,3014010000537090511,24064
9011001001400000,389,14010000702499652,,,1,3014010000560911056,24165
9011001001400000,389,14010000702499822,,,1,3014010000560911056,24166
9011001001400000,389,14010000702500312,,,1,3014010000537090511,24069
9011001001400000,389,14010000702500335,,,1,3014010000560911056,24169
9011001001400000,389,14010000702500570,,,1,3014010000537090511,24071
9011001001400000,389,14010000702500724,,,1,3014010000537090511,24072
9011001001400000,389,14010000702500974,,,1,3014010000537090511,24074
9011001001400000,412,14010000702508780,,,1,3014010000537090511,20079
9011001001400000,412,14010000702508981,,,1,3014010000537090511,20092
9011001001400000,389,14010000702491961,,,1,3014010000537090511,24017
9011001001400000,389,14010000702492457,,,1,3014010000537090511,24021
9011001001400000,389,14010000702492829,,,1,3014010000537090511,24024
9011001001400000,389,14010000702493382,,,1,3014010000560911056,24128
9011001001400000,389,14010000702493676,,,1,3014010000537090511,24030
9011001001400000,389,14010000702493699,,,1,3014010000560911056,24130
9011001001400000,389,14010000702494016,,,1,3014010000537090511,24032
9011001001400000,389,14010000702494039,,,1,3014010000560911056,24132
9011001001400000,389,14010000702494187,,,1,3014010000537090511,24033
9011001001400000,389,14010000702494357,,,1,3014010000537090511,24034
9011001001400000,389,14010000702494380,,,1,3014010000560911056,24134
9011001001400000,389,14010000702494890,,,1,3014010000560911056,24137
9011001001400000,389,14010000702495207,,,1,3014010000537090511,24039
9011001001400000,389,14010000702495400,,,1,3014010000560911056,24140
9011001001400000,389,14010000702495740,,,1,3014010000560911056,24142
9011001001400000,389,14010000702496057,,,1,3014010000537090511,24044
9011001001400000,389,14010000702497610,,,1,3014010000560911056,24153
9011001001400000,389,14010000702497758,,,1,3014010000537090511,24054
9011001001400000,389,14010000702497951,,,1,3014010000560911056,24155
9011001001400000,389,14010000702499312,,,1,3014010000560911056,24163
9011001001400000,389,14010000702499992,,,1,3014010000560911056,24167
9011001001400000,389,14010000702500140,,,1,3014010000537090511,24068
9011001001400000,412,14010000702507822,,,1,3014010000440065178,20010
9011001001400000,412,14010000702507991,,,1,3014010000537090511,20023
9011001001400000,389,14010000702491837,,,1,3014010000537090511,24016
9011001001400000,389,14010000702492085,,,1,3014010000537090511,24018
9011001001400000,389,14010000702493359,,,1,3014010000537090511,24028
9011001001400000,389,14010000702493529,,,1,3014010000560911056,24129
9011001001400000,389,14010000702493846,,,1,3014010000537090511,24031
9011001001400000,389,14010000702494867,,,1,3014010000537090511,24037
9011001001400000,389,14010000702495377,,,1,3014010000537090511,24040
9011001001400000,389,14010000702495717,,,1,3014010000537090511,24042
9011001001400000,389,14010000702495887,,,1,3014010000537090511,24043
9011001001400000,389,14010000702496080,,,1,3014010000560911056,24144
9011001001400000,389,14010000702496227,,,1,3014010000537090511,24045
9011001001400000,389,14010000702496760,,,1,3014010000560911056,24148
9011001001400000,389,14010000702497077,,,1,3014010000537090511,24050
9011001001400000,389,14010000702497270,,,1,3014010000560911056,24151
9011001001400000,389,14010000702497587,,,1,3014010000537090511,24053
9011001001400000,389,14010000702498269,,,1,3014010000537090511,24057
9011001001400000,389,14010000702498462,,,1,3014010000560911056,24158
9011001001400000,389,14010000702499142,,,1,3014010000560911056,24162
9011001001400000,389,14010000702499289,,,1,3014010000537090511,24063
9011001001400000,389,14010000702499482,,,1,3014010000560911056,24164
9011001001400000,389,14010000702499629,,,1,3014010000537090511,24065
9011001001400000,389,14010000702500421,,,1,3014010000537090511,24070
9011001001400000,389,14010000702500849,,,1,3014010000537090511,24073
9011001001400000,412,14010000702509105,,,1,3014010000537090511,20098
9011001001400000,412,14010000702509999,,,1,3014010000537090511,20135
9011001001400000,412,14010000702510123,,,1,3014010000537090511,20139
9011001001400000,412,14010000702510247,,,1,3014010000537090511,20143
9011001001400000,412,14010000702510619,,,1,3014010000537090511,20155
9011001001400000,412,14010000702511115,,,1,3014010000537090511,20171
9011001001400000,412,14010000702512107,,,1,3014010000537090511,20203
9011001001400000,412,14010000702512310,,,1,3014010000537090511,20211
9011001001400000,412,14010000702512423,,,1,3014010000537090511,20215
9011001001400000,412,14010000702513070,,,1,3014010000537090511,20244
9011001001400000,412,14010000702513160,,,1,3014010000537090511,20249
9011001001400000,412,14010000702513378,,,1,3014010000537090511,20263
9011001001400000,412,14010000702508303,,,1,3014010000537090511,20040
9011001001400000,412,14010000702510371,,,1,3014010000537090511,20147
9011001001400000,412,14010000702511363,,,1,3014010000537090511,20179
9011001001400000,412,14010000702511611,,,1,3014010000537090511,20187
9011001001400000,412,14010000702512739,,,1,3014010000537090511,20229
9011001001400000,412,14010000702512939,,,1,3014010000537090511,20239
9011001001400000,412,14010000702514276,,,1,3014010000537090511,20326
9011001001400000,412,14010000702514616,,,1,3014010000537090511,20346
9011001001400000,412,14010000702514809,,,1,3014010000560911056,20356
9011001001400000,412,14010000702515149,,,1,3014010000560911056,20372
9011001001400000,412,14010000702515296,,,1,3014010000537090511,20378
9011001001400000,412,14010000702515319,,,1,3014010000560911056,20380
9011001001400000,412,14010000702515659,,,1,3014010000560911056,20396
9011001001400000,412,14010000702516169,,,1,3014010000560911056,20420
9011001001400000,412,14010000702516316,,,1,3014010000537090511,20426
9011001001400000,412,14010000702516996,,,1,3014010000537090511,20458
9011001001400000,412,14010000702517336,,,1,3014010000537090511,20474
9011001001400000,412,14010000702517529,,,1,3014010000560911056,20484
9011001001400000,412,14010000702517699,,,1,3014010000560911056,20492
9011001001400000,412,14010000702517846,,,1,3014010000537090511,20498
9011001001400000,412,14010000702518696,,,1,3014010000537090511,20551
9011001001400000,412,14010000702518719,,,1,3014010000560911056,20554
9011001001400000,412,14010000702519280,,,1,3014010000537090511,20591
9011001001400000,412,14010000702520162,,,1,3014010000560911085,20642
9011001001400000,412,14010000702520190,,,1,3014010000537090511,20643
9011001001400000,412,14010000702520424,,,1,3014010000537090511,20655
9011001001400000,412,14010000702520657,,,1,3014010000560911085,20666
9011001001400000,412,14010000702521602,,,1,3014010000537090511,20701
9011001001400000,412,14010000702521850,,,1,3014010000537090511,20709
9011001001400000,412,14010000702522718,,,1,3014010000537090511,20737
9011001001400000,412,14010000702523335,,,1,3014010000537090511,20757
9011001001400000,412,14010000702523578,,,1,3014010000537090511,20765
9011001001400000,412,14010000702523821,,,1,3014010000537090511,20773
9011001001400000,412,14010000702523945,,,1,3014010000537090511,20777
9011001001400000,412,14010000702524339,,,1,3014010000537090511,20798
9011001001400000,412,14010000702524536,,,1,3014010000560911085,20809
9011001001400000,412,14010000702524878,,,1,3014010000537090511,20838
9011001001400000,412,14010000702525222,,,1,3014010000537090511,20863
9011001001400000,412,14010000702525585,,,1,3014010000560911056,20885
9011001001400000,412,14010000702525732,,,1,3014010000537090511,20891
9011001001400000,412,14010000702526072,,,1,3014010000537090511,20907
9011001001400000,412,14010000702526095,,,1,3014010000560911056,20911
9011001001400000,412,14010000702526796,,,1,3014010000537090511,20943
9011001001400000,412,14010000702527528,,,1,3014010000537090511,20976
9011001001400000,412,14010000702528008,,,1,3014010000537090511,20994
9011001001400000,412,14010000702528095,,,1,3014010000537090511,20998
9011001001400000,412,14010000702528237,,,1,3014010000537090511,21006
9011001001400000,414,14010000702535064,,,1,3014010000537090511,22968
9011001001400000,414,14010000702535312,,,1,3014010000537090511,22979
9011001001400000,414,14010000702535684,,,1,3014010000537090511,22991
9011001001400000,414,14010000702536676,,,1,3014010000537090511,23023
9011001001400000,414,14010000702536800,,,1,3014010000537090511,23027
9011001001400000,414,14010000702537514,,,1,3014010000537090511,23065
9011001001400000,389,14010000702540313,,,1,3014010000537090511,24003
9011001001400000,389,14010000702540960,,,1,3014010000537090511,24010
9011001001400000,389,14010000702542841,,,1,3014010000537090511,24081
9011001001400000,389,14010000702542961,,,1,3014010000537090511,24082
9011001001400000,389,14010000702543322,,,1,3014010000537090511,24085
9011001001400000,389,14010000702543443,,,1,3014010000537090511,24086
9011001001400000,389,14010000702544165,,,1,3014010000537090511,24092
9011001001400000,389,14010000702544252,,,1,3014010000537090511,24093
9011001001400000,412,14010000702514979,,,1,3014010000560911056,20364
9011001001400000,412,14010000702515126,,,1,3014010000537090511,20370
9011001001400000,412,14010000702515636,,,1,3014010000537090511,20394
9011001001400000,412,14010000702517166,,,1,3014010000537090511,20466
9011001001400000,412,14010000702517189,,,1,3014010000560911056,20468
9011001001400000,412,14010000702517506,,,1,3014010000537090511,20482
9011001001400000,412,14010000702517676,,,1,3014010000537090511,20490
9011001001400000,412,14010000702517869,,,1,3014010000560911056,20500
9011001001400000,412,14010000702518209,,,1,3014010000560911056,20517
9011001001400000,412,14010000702518379,,,1,3014010000560911056,20528
9011001001400000,412,14010000702518526,,,1,3014010000537090511,20537
9011001001400000,412,14010000702519062,,,1,3014010000537090511,20577
9011001001400000,412,14010000702519326,,,1,3014010000560911056,20594
9011001001400000,412,14010000702519713,,,1,3014010000560911085,20616
9011001001400000,412,14010000702519936,,,1,3014010000560911085,20629
9011001001400000,412,14010000702519964,,,1,3014010000537090511,20630
9011001001400000,412,14010000702520685,,,1,3014010000537090511,20668
9011001001400000,412,14010000702521230,,,1,3014010000537090511,20689
9011001001400000,412,14010000702521354,,,1,3014010000537090511,20693
9011001001400000,412,14010000702521478,,,1,3014010000537090511,20697
9011001001400000,412,14010000702522098,,,1,3014010000537090511,20717
9011001001400000,412,14010000702522222,,,1,3014010000537090511,20721
9011001001400000,412,14010000702522842,,,1,3014010000537090511,20741
9011001001400000,412,14010000702523090,,,1,3014010000537090511,20749
9011001001400000,412,14010000702523214,,,1,3014010000537090511,20753
9011001001400000,412,14010000702524903,,,1,3014010000560911085,20839
9011001001400000,412,14010000702525075,,,1,3014010000560911085,20854
9011001001400000,412,14010000702525415,,,1,3014010000560911056,20874
9011001001400000,412,14010000702525562,,,1,3014010000537090511,20882
9011001001400000,412,14010000702525902,,,1,3014010000537090511,20899
9011001001400000,412,14010000702526412,,,1,3014010000537090511,20925
9011001001400000,412,14010000702526520,,,1,3014010000537090511,20931
9011001001400000,412,14010000702526672,,,1,3014010000537090511,20937
9011001001400000,412,14010000702526920,,,1,3014010000537090511,20949
9011001001400000,412,14010000702528357,,,1,3014010000537090511,21012
9011001001400000,414,14010000702536180,,,1,3014010000537090511,23007
9011001001400000,389,14010000702540472,,,1,3014010000537090511,24005
9011001001400000,389,14010000702540720,,,1,3014010000537090511,24008
9011001001400000,389,14010000702541080,,,1,3014010000537090511,24011
9011001001400000,389,14010000702541320,,,1,3014010000537090511,24013
9011001001400000,389,14010000702541409,,,1,3014010000537090511,24014
9011001001400000,389,14010000702542601,,,1,3014010000537090511,24079
9011001001400000,389,14010000702542721,,,1,3014010000537090511,24080
9011001001400000,389,14010000702543202,,,1,3014010000537090511,24084
9011001001400000,389,14010000702543923,,,1,3014010000537090511,24090
9011001001400000,389,14010000702544043,,,1,3014010000537090511,24091
9011001001400000,412,14010000702509255,,,1,3014010000537090511,20106
9011001001400000,412,14010000702509751,,,1,3014010000537090511,20127
9011001001400000,412,14010000702510495,,,1,3014010000537090511,20151
9011001001400000,412,14010000702511983,,,1,3014010000537090511,20199
9011001001400000,412,14010000702512513,,,1,3014010000537090511,20219
9011001001400000,412,14010000702512649,,,1,3014010000537090511,20224
9011001001400000,412,14010000702512849,,,1,3014010000537090511,20233
9011001001400000,412,14010000702513545,,,1,3014010000560911085,20277
9011001001400000,412,14010000702513573,,,1,3014010000537090511,20278
9011001001400000,412,14010000702513743,,,1,3014010000537090511,20289
9011001001400000,412,14010000702513936,,,1,3014010000537090511,20302
9011001001400000,412,14010000702514299,,,1,3014010000560911056,20329
9011001001400000,412,14010000702514446,,,1,3014010000537090511,20337
9011001001400000,412,14010000702514639,,,1,3014010000560911056,20348
9011001001400000,412,14010000702514786,,,1,3014010000537090511,20354
9011001001400000,412,14010000702515806,,,1,3014010000537090511,20402
9011001001400000,412,14010000702515999,,,1,3014010000560911056,20412
9011001001400000,412,14010000702516486,,,1,3014010000537090511,20434
9011001001400000,412,14010000702516509,,,1,3014010000560911056,20436
9011001001400000,412,14010000702516656,,,1,3014010000537090511,20442
9011001001400000,412,14010000702516826,,,1,3014010000537090511,20450
9011001001400000,412,14010000702516849,,,1,3014010000560911056,20452
9011001001400000,412,14010000702518016,,,1,3014010000537090511,20506
9011001001400000,412,14010000702518186,,,1,3014010000537090511,20514
9011001001400000,412,14010000702518866,,,1,3014010000537090511,20564
9011001001400000,412,14010000702519544,,,1,3014010000560911056,20607
9011001001400000,412,14010000702520396,,,1,3014010000560911085,20654
9011001001400000,412,14010000702520928,,,1,3014010000560911085,20679
9011001001400000,412,14010000702521106,,,1,3014010000537090511,20685
9011001001400000,412,14010000702521726,,,1,3014010000537090511,20705
9011001001400000,412,14010000702522346,,,1,3014010000537090511,20725
9011001001400000,412,14010000702522470,,,1,3014010000537090511,20729
9011001001400000,412,14010000702522594,,,1,3014010000537090511,20733
9011001001400000,412,14010000702523459,,,1,3014010000537090511,20761
9011001001400000,412,14010000702524311,,,1,3014010000560911085,20797
9011001001400000,412,14010000702524511,,,1,3014010000537090511,20808
9011001001400000,412,14010000702524706,,,1,3014010000537090511,20824
9011001001400000,412,14010000702525050,,,1,3014010000537090511,20853
9011001001400000,412,14010000702525245,,,1,3014010000560911056,20865
9011001001400000,412,14010000702525392,,,1,3014010000537090511,20872
9011001001400000,412,14010000702525755,,,1,3014010000560911056,20893
9011001001400000,412,14010000702526265,,,1,3014010000560911056,20920
9011001001400000,412,14010000702526435,,,1,3014010000560911056,20927
9011001001400000,412,14010000702527043,,,1,3014010000537090511,20954
9011001001400000,412,14010000702527408,,,1,3014010000537090511,20970
9011001001400000,412,14010000702527648,,,1,3014010000537090511,20982
9011001001400000,412,14010000702527888,,,1,3014010000537090511,20990
9011001001400000,414,14010000702534940,,,1,3014010000537090511,22960
9011001001400000,414,14010000702535436,,,1,3014010000537090511,22983
9011001001400000,414,14010000702535808,,,1,3014010000537090511,22995
9011001001400000,414,14010000702536056,,,1,3014010000537090511,23003
9011001001400000,389,14010000702541200,,,1,3014010000537090511,24012
9011001001400000,389,14010000702541500,,,1,3014010000537090511,24015
9011001001400000,389,14010000702542361,,,1,3014010000537090511,24077
9011001001400000,389,14010000702492333,,,1,3014010000537090511,24020
9011001001400000,389,14010000702492953,,,1,3014010000537090511,24025
9011001001400000,389,14010000702494550,,,1,3014010000560911056,24135
9011001001400000,389,14010000702494720,,,1,3014010000560911056,24136
9011001001400000,389,14010000702495037,,,1,3014010000537090511,24038
9011001001400000,389,14010000702495060,,,1,3014010000560911056,24138
9011001001400000,389,14010000702495547,,,1,3014010000537090511,24041
9011001001400000,389,14010000702495570,,,1,3014010000560911056,24141
9011001001400000,389,14010000702495910,,,1,3014010000560911056,24143
9011001001400000,389,14010000702496250,,,1,3014010000560911056,24145
9011001001400000,389,14010000702496420,,,1,3014010000560911056,24146
9011001001400000,389,14010000702496567,,,1,3014010000537090511,24047
9011001001400000,389,14010000702496590,,,1,3014010000560911056,24147
9011001001400000,389,14010000702496737,,,1,3014010000537090511,24048
9011001001400000,389,14010000702496907,,,1,3014010000537090511,24049
9011001001400000,389,14010000702498099,,,1,3014010000537090511,24056
9011001001400000,389,14010000702498779,,,1,3014010000537090511,24060
9011001001400000,389,14010000702498949,,,1,3014010000537090511,24061
9011001001400000,389,14010000702499119,,,1,3014010000537090511,24062
9011001001400000,389,14010000702499799,,,1,3014010000537090511,24066
9011001001400000,389,14010000702499969,,,1,3014010000537090511,24067
9011001001400000,389,14010000702500163,,,1,3014010000560911056,24168
9011001001400000,389,14010000702501099,,,1,3014010000537090511,24075
9011001001400000,412,14010000702508164,,,1,3014010000537090511,20034
9011001001400000,412,14010000702508365,,,1,3014010000537090511,20044
9011001001400000,412,14010000702508509,,,1,3014010000537090511,20052
9011001001400000,412,14010000702508633,,,1,3014010000537090511,20061
9011001001400000,412,14010000702509379,,,1,3014010000537090511,20111
9011001001400000,412,14010000702509503,,,1,3014010000537090511,20117
9011001001400000,412,14010000702509627,,,1,3014010000537090511,20122
9011001001400000,412,14010000702509875,,,1,3014010000537090511,20131
9011001001400000,412,14010000702510743,,,1,3014010000537090511,20159
9011001001400000,412,14010000702510867,,,1,3014010000537090511,20163
9011001001400000,412,14010000702510991,,,1,3014010000537090511,20167
9011001001400000,412,14010000702511239,,,1,3014010000537090511,20175
9011001001400000,412,14010000702511487,,,1,3014010000537090511,20183
9011001001400000,412,14010000702511735,,,1,3014010000537090511,20191
9011001001400000,412,14010000702511859,,,1,3014010000537090511,20195
9011001001400000,412,14010000702512220,,,1,3014010000537090511,20207
9011001001400000,412,14010000702513350,,,1,3014010000560911085,20262
9011001001400000,412,14010000702513789,,,1,3014010000560911056,20293
9011001001400000,412,14010000702513959,,,1,3014010000560911056,20305
9011001001400000,412,14010000702514106,,,1,3014010000537090511,20314
9011001001400000,412,14010000702514129,,,1,3014010000560911056,20317
9011001001400000,412,14010000702514469,,,1,3014010000560911056,20340
9011001001400000,412,14010000702514956,,,1,3014010000537090511,20362
9011001001400000,412,14010000702515466,,,1,3014010000537090511,20386
9011001001400000,412,14010000702515489,,,1,3014010000560911056,20388
9011001001400000,412,14010000702515829,,,1,3014010000560911056,20404
9011001001400000,412,14010000702515976,,,1,3014010000537090511,20410
9011001001400000,412,14010000702516146,,,1,3014010000537090511,20418
9011001001400000,412,14010000702516339,,,1,3014010000560911056,20428
9011001001400000,412,14010000702516679,,,1,3014010000560911056,20444
9011001001400000,412,14010000702517019,,,1,3014010000560911056,20460
9011001001400000,412,14010000702517359,,,1,3014010000560911056,20476
9011001001400000,412,14010000702518039,,,1,3014010000560911056,20508
9011001001400000,412,14010000702518356,,,1,3014010000537090511,20524
9011001001400000,412,14010000702518549,,,1,3014010000560911056,20541
9011001001400000,412,14010000702518913,,,1,3014010000560911056,20567
9011001001400000,412,14010000702519108,,,1,3014010000560911056,20580
9011001001400000,412,14010000702519498,,,1,3014010000537090511,20603
9011001001400000,412,14010000702519741,,,1,3014010000537090511,20617
9011001001400000,412,14010000702520956,,,1,3014010000537090511,20680
9011001001400000,412,14010000702521974,,,1,3014010000537090511,20713
9011001001400000,412,14010000702522966,,,1,3014010000537090511,20745
9011001001400000,412,14010000702523702,,,1,3014010000537090511,20769
9011001001400000,412,14010000702524114,,,1,3014010000560911085,20786
9011001001400000,412,14010000702524142,,,1,3014010000537090511,20787
9011001001400000,412,14010000702524731,,,1,3014010000560911085,20825
9011001001400000,412,14010000702525925,,,1,3014010000560911056,20901
9011001001400000,412,14010000702526242,,,1,3014010000537090511,20918
9011001001400000,412,14010000702527133,,,1,3014010000537090511,20958
9011001001400000,412,14010000702527288,,,1,3014010000537090511,20963
9011001001400000,412,14010000702527768,,,1,3014010000537090511,20986
9011001001400000,414,14010000702535188,,,1,3014010000537090511,22973
9011001001400000,414,14010000702535560,,,1,3014010000537090511,22987
9011001001400000,414,14010000702535932,,,1,3014010000537090511,22999
9011001001400000,414,14010000702536304,,,1,3014010000537090511,23011
9011001001400000,414,14010000702536428,,,1,3014010000537090511,23015
9011001001400000,414,14010000702536552,,,1,3014010000537090511,23019
9011001001400000,414,14010000702536943,,,1,3014010000537090511,23034
9011001001400000,414,14010000702537117,,,1,3014010000537090511,23044
9011001001400000,414,14010000702537266,,,1,3014010000537090511,23051
9011001001400000,414,14010000702537390,,,1,3014010000537090511,23060
9011001001400000,389,14010000702540600,,,1,3014010000537090511,24007
9011001001400000,389,14010000702540840,,,1,3014010000537090511,24009
9011001001400000,389,14010000702542297,,,1,3014010000537090511,24076
9011001001400000,389,14010000702542481,,,1,3014010000537090511,24078
9011001001400000,389,14010000702543082,,,1,3014010000537090511,24083
9011001001400000,389,14010000702543563,,,1,3014010000537090511,24087
9011001001400000,389,14010000702543683,,,1,3014010000537090511,24088
9011001001400000,389,14010000702543803,,,1,3014010000537090511,24089
9011001001400000,389,14010000705784706,,,1,3014010000537090511,24006
9011001001400000,389,14010000705784634,,,1,3014010000440065178,24004
9011001001400000,414,14010000711667343,,,1,3014010000456554290,23033
9011001001400000,414,14010000711667371,,,1,3014010000711665678,23037
9011001001400000,389,14010000722370053,,,1,3014010000537090511,24002
9011001001400000,389,14010000722362905,,,1,3014010000456554290,24707
9011001001400000,389,14010000722362931,,,1,3014010000711665678,24704
9011001001400000,389,14010000732436477,,,1,3014010000537090511,24001
9011001001400000,385,14010100702492581,,,1,3014010000537090511,26024
9011001001400000,385,14010100702493382,,,1,3014010000560911056,26120
9011001001400000,385,14010100702493529,,,1,3014010000560911056,26121
9011001001400000,385,14010100702491837,,,1,3014010000537090511,26018
9011001001400000,385,14010100702492209,,,1,3014010000537090511,26021
9011001001400000,385,14010100702491961,,,1,3014010000537090511,26019
9011001001400000,385,14010100702492085,,,1,3014010000537090511,26020
9011001001400000,385,14010100702492333,,,1,3014010000537090511,26022
9011001001400000,385,14010100702492457,,,1,3014010000537090511,26023
9011001001400000,385,14010100702493359,,,1,3014010000537090511,26030
9011001001400000,385,14010100702493506,,,1,3014010000537090511,26031
9011001001400000,385,14010100702493676,,,1,3014010000537090511,26032
9011001001400000,385,14010100702494039,,,1,3014010000560911056,26124
9011001001400000,385,14010100702494527,,,1,3014010000537090511,26037
9011001001400000,385,14010100702495037,,,1,3014010000537090511,26040
9011001001400000,385,14010100702495060,,,1,3014010000560911056,26130
9011001001400000,385,14010100702495377,,,1,3014010000537090511,26042
9011001001400000,385,14010100702495400,,,1,3014010000560911056,26132
9011001001400000,385,14010100702495547,,,1,3014010000537090511,26043
9011001001400000,385,14010100702495717,,,1,3014010000537090511,26044
9011001001400000,385,14010100702495887,,,1,3014010000537090511,26045
9011001001400000,385,14010100702495910,,,1,3014010000560911056,26135
9011001001400000,385,14010100702496057,,,1,3014010000537090511,26046
9011001001400000,385,14010100702496080,,,1,3014010000560911056,26136
9011001001400000,385,14010100702496397,,,1,3014010000537090511,26048
9011001001400000,385,14010100702496567,,,1,3014010000537090511,26049
9011001001400000,385,14010100702496760,,,1,3014010000560911056,26140
9011001001400000,385,14010100702497077,,,1,3014010000537090511,26052
9011001001400000,385,14010100702497417,,,1,3014010000537090511,26054
9011001001400000,385,14010100702492829,,,1,3014010000537090511,26026
9011001001400000,385,14010100702492953,,,1,3014010000537090511,26027
9011001001400000,385,14010100702493077,,,1,3014010000537090511,26028
9011001001400000,385,14010100702493235,,,1,3014010000537090511,26029
9011001001400000,385,14010100702493846,,,1,3014010000537090511,26033
9011001001400000,385,14010100702493869,,,1,3014010000560911056,26123
9011001001400000,385,14010100702494357,,,1,3014010000537090511,26036
9011001001400000,385,14010100702494867,,,1,3014010000537090511,26039
9011001001400000,385,14010100702495570,,,1,3014010000560911056,26133
9011001001400000,385,14010100702496227,,,1,3014010000537090511,26047
9011001001400000,385,14010100702497100,,,1,3014010000560911056,26142
9011001001400000,385,14010100702497247,,,1,3014010000537090511,26053
9011001001400000,385,14010100702495230,,,1,3014010000560911056,26131
9011001001400000,385,14010100702495740,,,1,3014010000560911056,26134
9011001001400000,385,14010100702496420,,,1,3014010000560911056,26138
9011001001400000,385,14010100702496590,,,1,3014010000560911056,26139
9011001001400000,385,14010100702496930,,,1,3014010000560911056,26141
9011001001400000,385,14010100702497270,,,1,3014010000560911056,26143
9011001001400000,385,14010100702497610,,,1,3014010000560911056,26145
9011001001400000,385,14010100702497758,,,1,3014010000537090511,26056
9011001001400000,385,14010100702498462,,,1,3014010000560911056,26150
9011001001400000,385,14010100702498609,,,1,3014010000537090511,26061
9011001001400000,385,14010100702498632,,,1,3014010000560911056,26151
9011001001400000,385,14010100702499119,,,1,3014010000537090511,26064
9011001001400000,385,14010100702497587,,,1,3014010000537090511,26055
9011001001400000,385,14010100702498439,,,1,3014010000537090511,26060
9011001001400000,385,14010100702498779,,,1,3014010000537090511,26062
9011001001400000,385,14010100702498949,,,1,3014010000537090511,26063
9011001001400000,385,14010100702499142,,,1,3014010000560911056,26154
9011001001400000,385,14010100702499289,,,1,3014010000537090511,26065
9011001001400000,385,14010100702499312,,,1,3014010000560911056,26155
9011001001400000,385,14010100702499482,,,1,3014010000560911056,26156
9011001001400000,385,14010100702499822,,,1,3014010000560911056,26158
9011001001400000,385,14010100702499992,,,1,3014010000560911056,26159
9011001001400000,385,14010100702500140,,,1,3014010000537090511,26070
9011001001400000,385,14010100702500163,,,1,3014010000560911056,26160
9011001001400000,385,14010100702500724,,,1,3014010000537090511,26074
9011001001400000,385,14010100702500849,,,1,3014010000537090511,26075
9011001001400000,414,14010100702508164,,,1,3014010000537090511,22034
9011001001400000,385,14010100702497781,,,1,3014010000560911056,26146
9011001001400000,385,14010100702497928,,,1,3014010000537090511,26057
9011001001400000,385,14010100702497951,,,1,3014010000560911056,26147
9011001001400000,385,14010100702499459,,,1,3014010000537090511,26066
9011001001400000,385,14010100702500974,,,1,3014010000537090511,26076
9011001001400000,414,14010100702508365,,,1,3014010000537090511,22044
9011001001400000,414,14010100702509105,,,1,3014010000537090511,22098
9011001001400000,414,14010100702509379,,,1,3014010000537090511,22111
9011001001400000,385,14010100702499652,,,1,3014010000560911056,26157
9011001001400000,385,14010100702499799,,,1,3014010000537090511,26068
9011001001400000,385,14010100702500312,,,1,3014010000537090511,26071
9011001001400000,385,14010100702500335,,,1,3014010000560911056,26161
9011001001400000,385,14010100702500421,,,1,3014010000537090511,26072
9011001001400000,414,14010100702507822,,,1,3014010000440065178,22010
9011001001400000,414,14010100702509751,,,1,3014010000537090511,22127
9011001001400000,414,14010100702510371,,,1,3014010000537090511,22147
9011001001400000,414,14010100702510743,,,1,3014010000537090511,22159
9011001001400000,414,14010100702511487,,,1,3014010000537090511,22183
9011001001400000,414,14010100702511735,,,1,3014010000537090511,22191
9011001001400000,414,14010100702511859,,,1,3014010000537090511,22195
9011001001400000,414,14010100702512310,,,1,3014010000537090511,22211
9011001001400000,414,14010100702512423,,,1,3014010000537090511,22215
9011001001400000,414,14010100702513070,,,1,3014010000537090511,22244
9011001001400000,414,14010100702514276,,,1,3014010000537090511,22326
9011001001400000,414,14010100702514616,,,1,3014010000537090511,22346
9011001001400000,414,14010100702514979,,,1,3014010000560911056,22364
9011001001400000,414,14010100702515126,,,1,3014010000537090511,22370
9011001001400000,414,14010100702515319,,,1,3014010000560911056,22380
9011001001400000,414,14010100702515466,,,1,3014010000537090511,22386
9011001001400000,414,14010100702515829,,,1,3014010000560911056,22404
9011001001400000,414,14010100702516146,,,1,3014010000537090511,22418
9011001001400000,414,14010100702516316,,,1,3014010000537090511,22426
9011001001400000,414,14010100702516339,,,1,3014010000560911056,22428
9011001001400000,414,14010100702510123,,,1,3014010000537090511,22139
9011001001400000,414,14010100702510247,,,1,3014010000537090511,22143
9011001001400000,414,14010100702512849,,,1,3014010000537090511,22233
9011001001400000,414,14010100702512939,,,1,3014010000537090511,22239
9011001001400000,414,14010100702513160,,,1,3014010000537090511,22249
9011001001400000,414,14010100702513743,,,1,3014010000537090511,22289
9011001001400000,414,14010100702513936,,,1,3014010000537090511,22302
9011001001400000,414,14010100702513959,,,1,3014010000560911056,22305
9011001001400000,414,14010100702508633,,,1,3014010000537090511,22061
9011001001400000,414,14010100702508780,,,1,3014010000537090511,22079
9011001001400000,414,14010100702508981,,,1,3014010000537090511,22092
9011001001400000,414,14010100702509875,,,1,3014010000537090511,22131
9011001001400000,414,14010100702509999,,,1,3014010000537090511,22135
9011001001400000,414,14010100702510495,,,1,3014010000537090511,22151
9011001001400000,414,14010100702510619,,,1,3014010000537090511,22155
9011001001400000,414,14010100702510867,,,1,3014010000537090511,22163
9011001001400000,414,14010100702510991,,,1,3014010000537090511,22167
9011001001400000,414,14010100702511239,,,1,3014010000537090511,22175
9011001001400000,414,14010100702511363,,,1,3014010000537090511,22179
9011001001400000,414,14010100702511611,,,1,3014010000537090511,22187
9011001001400000,414,14010100702516849,,,1,3014010000560911056,22452
9011001001400000,414,14010100702517506,,,1,3014010000537090511,22482
9011001001400000,414,14010100702517529,,,1,3014010000560911056,22484
9011001001400000,414,14010100702517869,,,1,3014010000560911056,22500
9011001001400000,414,14010100702518016,,,1,3014010000537090511,22506
9011001001400000,414,14010100702518526,,,1,3014010000537090511,22537
9011001001400000,414,14010100702518866,,,1,3014010000537090511,22564
9011001001400000,414,14010100702519936,,,1,3014010000560911085,22629
9011001001400000,414,14010100702520190,,,1,3014010000537090511,22643
9011001001400000,414,14010100702520396,,,1,3014010000560911085,22654
9011001001400000,414,14010100702520685,,,1,3014010000537090511,22668
9011001001400000,414,14010100702521106,,,1,3014010000537090511,22685
9011001001400000,414,14010100702521602,,,1,3014010000537090511,22701
9011001001400000,414,14010100702514446,,,1,3014010000537090511,22337
9011001001400000,414,14010100702514786,,,1,3014010000537090511,22354
9011001001400000,414,14010100702515149,,,1,3014010000560911056,22372
9011001001400000,414,14010100702515806,,,1,3014010000537090511,22402
9011001001400000,414,14010100702517676,,,1,3014010000537090511,22490
9011001001400000,414,14010100702518209,,,1,3014010000560911056,22517
9011001001400000,414,14010100702518549,,,1,3014010000560911056,22541
9011001001400000,414,14010100702519108,,,1,3014010000560911056,22580
9011001001400000,414,14010100702519498,,,1,3014010000537090511,22603
9011001001400000,414,14010100702519964,,,1,3014010000537090511,22630
9011001001400000,414,14010100702520162,,,1,3014010000560911085,22642
9011001001400000,414,14010100702512513,,,1,3014010000537090511,22219
9011001001400000,414,14010100702513350,,,1,3014010000560911085,22262
9011001001400000,414,14010100702513378,,,1,3014010000537090511,22263
9011001001400000,414,14010100702513545,,,1,3014010000560911085,22277
9011001001400000,414,14010100702513573,,,1,3014010000537090511,22278
9011001001400000,414,14010100702514299,,,1,3014010000560911056,22329
9011001001400000,414,14010100702514469,,,1,3014010000560911056,22340
9011001001400000,414,14010100702515296,,,1,3014010000537090511,22378
9011001001400000,414,14010100702515636,,,1,3014010000537090511,22394
9011001001400000,414,14010100702515659,,,1,3014010000560911056,22396
9011001001400000,414,14010100702515976,,,1,3014010000537090511,22410
9011001001400000,414,14010100702516169,,,1,3014010000560911056,22420
9011001001400000,414,14010100702516486,,,1,3014010000537090511,22434
9011001001400000,414,14010100702516679,,,1,3014010000560911056,22444
9011001001400000,414,14010100702516826,,,1,3014010000537090511,22450
9011001001400000,414,14010100702522346,,,1,3014010000537090511,22725
9011001001400000,414,14010100702523821,,,1,3014010000537090511,22773
9011001001400000,414,14010100702525050,,,1,3014010000537090511,22853
9011001001400000,414,14010100702525222,,,1,3014010000537090511,22863
9011001001400000,414,14010100702525562,,,1,3014010000537090511,22879
9011001001400000,414,14010100702525755,,,1,3014010000560911056,22890
9011001001400000,414,14010100702526095,,,1,3014010000560911056,22908
9011001001400000,414,14010100702526242,,,1,3014010000537090511,22915
9011001001400000,414,14010100702526265,,,1,3014010000560911056,22917
9011001001400000,414,14010100702520956,,,1,3014010000537090511,22680
9011001001400000,414,14010100702521354,,,1,3014010000537090511,22693
9011001001400000,414,14010100702521478,,,1,3014010000537090511,22697
9011001001400000,414,14010100702521726,,,1,3014010000537090511,22705
9011001001400000,414,14010100702521974,,,1,3014010000537090511,22713
9011001001400000,414,14010100702522222,,,1,3014010000537090511,22721
9011001001400000,414,14010100702522594,,,1,3014010000537090511,22733
9011001001400000,414,14010100702522718,,,1,3014010000537090511,22737
9011001001400000,414,14010100702522842,,,1,3014010000537090511,22741
9011001001400000,414,14010100702523335,,,1,3014010000537090511,22757
9011001001400000,414,14010100702523459,,,1,3014010000537090511,22761
9011001001400000,414,14010100702523702,,,1,3014010000537090511,22769
9011001001400000,414,14010100702524142,,,1,3014010000537090511,22787
9011001001400000,414,14010100702524511,,,1,3014010000537090511,22808
9011001001400000,414,14010100702524731,,,1,3014010000560911085,22825
9011001001400000,414,14010100702516996,,,1,3014010000537090511,22458
9011001001400000,414,14010100702517336,,,1,3014010000537090511,22474
9011001001400000,414,14010100702517699,,,1,3014010000560911056,22492
9011001001400000,414,14010100702517846,,,1,3014010000537090511,22498
9011001001400000,414,14010100702518379,,,1,3014010000560911056,22528
9011001001400000,414,14010100702518913,,,1,3014010000560911056,22567
9011001001400000,414,14010100702519062,,,1,3014010000537090511,22577
9011001001400000,414,14010100702519280,,,1,3014010000537090511,22591
9011001001400000,414,14010100702519741,,,1,3014010000537090511,22617
9011001001400000,414,14010100702521230,,,1,3014010000537090511,22689
9011001001400000,385,14010100702527768,,,1,3014010000537090511,26104
9011001001400000,385,14010100702528237,,,1,3014010000537090511,26109
9011001001400000,385,14010100702528357,,,1,3014010000537090511,26110
9011001001400000,389,14010100702535064,,,1,3014010000537090511,24096
9011001001400000,389,14010100702535560,,,1,3014010000537090511,24100
9011001001400000,389,14010100702536056,,,1,3014010000537090511,24104
9011001001400000,389,14010100702536304,,,1,3014010000537090511,24106
9011001001400000,385,14010100702540840,,,1,3014010000537090511,26011
9011001001400000,414,14010100702524878,,,1,3014010000537090511,22838
9011001001400000,414,14010100702525585,,,1,3014010000560911056,22881
9011001001400000,414,14010100702525732,,,1,3014010000537090511,22887
9011001001400000,414,14010100702525902,,,1,3014010000537090511,22896
9011001001400000,414,14010100702526412,,,1,3014010000537090511,22922
9011001001400000,414,14010100702526435,,,1,3014010000560911056,22924
9011001001400000,414,14010100702526520,,,1,3014010000537090511,22928
9011001001400000,414,14010100702527133,,,1,3014010000537090511,22955
9011001001400000,385,14010100702527408,,,1,3014010000537090511,26101
9011001001400000,414,14010100702521850,,,1,3014010000537090511,22709
9011001001400000,414,14010100702522098,,,1,3014010000537090511,22717
9011001001400000,414,14010100702522966,,,1,3014010000537090511,22745
9011001001400000,414,14010100702524114,,,1,3014010000560911085,22786
9011001001400000,414,14010100702525075,,,1,3014010000560911085,22854
9011001001400000,414,14010100702525245,,,1,3014010000560911056,22865
9011001001400000,414,14010100702525392,,,1,3014010000537090511,22871
9011001001400000,414,14010100702525415,,,1,3014010000560911056,22873
9011001001400000,414,14010100702525925,,,1,3014010000560911056,22898
9011001001400000,389,14010100702536180,,,1,3014010000537090511,24105
9011001001400000,389,14010100702536428,,,1,3014010000537090511,24107
9011001001400000,389,14010100702537514,,,1,3014010000537090511,24117
9011001001400000,385,14010100702540313,,,1,3014010000537090511,26004
9011001001400000,385,14010100702540472,,,1,3014010000537090511,26006
9011001001400000,385,14010100702541080,,,1,3014010000537090511,26013
9011001001400000,385,14010100702541500,,,1,3014010000537090511,26017
9011001001400000,385,14010100702542297,,,1,3014010000537090511,26078
9011001001400000,385,14010100702527288,,,1,3014010000537090511,26099
9011001001400000,385,14010100702527648,,,1,3014010000537090511,26103
9011001001400000,385,14010100702527888,,,1,3014010000537090511,26105
9011001001400000,389,14010100702534940,,,1,3014010000537090511,24094
9011001001400000,389,14010100702535436,,,1,3014010000537090511,24099
9011001001400000,389,14010100702535932,,,1,3014010000537090511,24103
9011001001400000,389,14010100702536552,,,1,3014010000537090511,24108
9011001001400000,389,14010100702536676,,,1,3014010000537090511,24109
9011001001400000,389,14010100702536800,,,1,3014010000537090511,24110
9011001001400000,389,14010100702537117,,,1,3014010000537090511,24113
9011001001400000,389,14010100702537266,,,1,3014010000537090511,24114
9011001001400000,385,14010100702540600,,,1,3014010000537090511,26008
9011001001400000,385,14010100702540960,,,1,3014010000537090511,26012
9011001001400000,385,14010100702541200,,,1,3014010000537090511,26014
9011001001400000,385,14010100702542481,,,1,3014010000537090511,26081
9011001001400000,385,14010100702542721,,,1,3014010000537090511,26084
9011001001400000,385,14010100702543443,,,1,3014010000537090511,26091
9011001001400000,385,14010100702544165,,,1,3014010000537090511,26097
9011001001400000,385,14010100702543683,,,1,3014010000537090511,26093
9011001001400000,385,14010100702544252,,,1,3014010000537090511,26098
9011001001400000,385,14010100702541320,,,1,3014010000537090511,26015
9011001001400000,385,14010100702542361,,,1,3014010000537090511,26080
9011001001400000,385,14010100702542601,,,1,3014010000537090511,26083
9011001001400000,385,14010100702542961,,,1,3014010000537090511,26087
9011001001400000,385,14010100702543082,,,1,3014010000537090511,26088
9011001001400000,385,14010100702543563,,,1,3014010000537090511,26092
9011001001400000,385,14010100702543923,,,1,3014010000537090511,26095
9011001001400000,385,14010100705784706,,,1,3014010000537090511,26007
9011001001400000,385,14010100705784634,,,1,3014010000440065178,26005
9011001001400000,385,14010100702492705,,,1,3014010000537090511,26025
9011001001400000,385,14010100702493699,,,1,3014010000560911056,26122
9011001001400000,385,14010100702494016,,,1,3014010000537090511,26034
9011001001400000,385,14010100702494187,,,1,3014010000537090511,26035
9011001001400000,385,14010100702494210,,,1,3014010000560911056,26125
9011001001400000,385,14010100702494380,,,1,3014010000560911056,26126
9011001001400000,385,14010100702494550,,,1,3014010000560911056,26127
9011001001400000,385,14010100702494697,,,1,3014010000537090511,26038
9011001001400000,385,14010100702494720,,,1,3014010000560911056,26128
9011001001400000,385,14010100702494890,,,1,3014010000560911056,26129
9011001001400000,385,14010100702495207,,,1,3014010000537090511,26041
9011001001400000,385,14010100702496250,,,1,3014010000560911056,26137
9011001001400000,385,14010100702496737,,,1,3014010000537090511,26050
9011001001400000,385,14010100702496907,,,1,3014010000537090511,26051
9011001001400000,385,14010100702497440,,,1,3014010000560911056,26144
9011001001400000,385,14010100702498099,,,1,3014010000537090511,26058
9011001001400000,385,14010100702498122,,,1,3014010000560911056,26148
9011001001400000,385,14010100702498269,,,1,3014010000537090511,26059
9011001001400000,385,14010100702498292,,,1,3014010000560911056,26149
9011001001400000,385,14010100702498802,,,1,3014010000560911056,26152
9011001001400000,385,14010100702498972,,,1,3014010000560911056,26153
9011001001400000,385,14010100702499629,,,1,3014010000537090511,26067
9011001001400000,385,14010100702499969,,,1,3014010000537090511,26069
9011001001400000,385,14010100702500570,,,1,3014010000537090511,26073
9011001001400000,385,14010100702501099,,,1,3014010000537090511,26077
9011001001400000,414,14010100702507991,,,1,3014010000537090511,22023
9011001001400000,414,14010100702508303,,,1,3014010000537090511,22040
9011001001400000,414,14010100702508509,,,1,3014010000537090511,22052
9011001001400000,414,14010100702509255,,,1,3014010000537090511,22106
9011001001400000,414,14010100702509503,,,1,3014010000537090511,22117
9011001001400000,414,14010100702509627,,,1,3014010000537090511,22122
9011001001400000,414,14010100702511115,,,1,3014010000537090511,22171
9011001001400000,414,14010100702511983,,,1,3014010000537090511,22199
9011001001400000,414,14010100702512107,,,1,3014010000537090511,22203
9011001001400000,414,14010100702512220,,,1,3014010000537090511,22207
9011001001400000,414,14010100702512649,,,1,3014010000537090511,22224
9011001001400000,414,14010100702512739,,,1,3014010000537090511,22229
9011001001400000,414,14010100702513789,,,1,3014010000560911056,22293
9011001001400000,414,14010100702514106,,,1,3014010000537090511,22314
9011001001400000,414,14010100702514129,,,1,3014010000560911056,22317
9011001001400000,414,14010100702514639,,,1,3014010000560911056,22348
9011001001400000,414,14010100702514809,,,1,3014010000560911056,22356
9011001001400000,414,14010100702514956,,,1,3014010000537090511,22362
9011001001400000,414,14010100702515489,,,1,3014010000560911056,22388
9011001001400000,414,14010100702515999,,,1,3014010000560911056,22412
9011001001400000,414,14010100702516509,,,1,3014010000560911056,22436
9011001001400000,414,14010100702516656,,,1,3014010000537090511,22442
9011001001400000,414,14010100702517019,,,1,3014010000560911056,22460
9011001001400000,414,14010100702517166,,,1,3014010000537090511,22466
9011001001400000,414,14010100702517189,,,1,3014010000560911056,22468
9011001001400000,414,14010100702517359,,,1,3014010000560911056,22476
9011001001400000,414,14010100702518039,,,1,3014010000560911056,22508
9011001001400000,414,14010100702518186,,,1,3014010000537090511,22514
9011001001400000,414,14010100702518356,,,1,3014010000537090511,22524
9011001001400000,414,14010100702518696,,,1,3014010000537090511,22551
9011001001400000,414,14010100702518719,,,1,3014010000560911056,22554
9011001001400000,414,14010100702519326,,,1,3014010000560911056,22594
9011001001400000,414,14010100702519544,,,1,3014010000560911056,22607
9011001001400000,414,14010100702519713,,,1,3014010000560911085,22616
9011001001400000,414,14010100702520424,,,1,3014010000537090511,22655
9011001001400000,414,14010100702520657,,,1,3014010000560911085,22666
9011001001400000,414,14010100702520928,,,1,3014010000560911085,22679
9011001001400000,385,14010100722370053,,,1,3014010000537090511,26003
9011001001400000,414,14010100702522470,,,1,3014010000537090511,22729
9011001001400000,414,14010100702523090,,,1,3014010000537090511,22749
9011001001400000,414,14010100702523214,,,1,3014010000537090511,22753
9011001001400000,414,14010100702523578,,,1,3014010000537090511,22765
9011001001400000,414,14010100702523945,,,1,3014010000537090511,22777
9011001001400000,414,14010100702524311,,,1,3014010000560911085,22797
9011001001400000,414,14010100702524339,,,1,3014010000537090511,22798
9011001001400000,414,14010100702524536,,,1,3014010000560911085,22809
9011001001400000,414,14010100702524706,,,1,3014010000537090511,22824
9011001001400000,414,14010100702524903,,,1,3014010000560911085,22839
9011001001400000,414,14010100702526072,,,1,3014010000537090511,22904
9011001001400000,414,14010100702526672,,,1,3014010000537090511,22934
9011001001400000,414,14010100702526796,,,1,3014010000537090511,22940
9011001001400000,414,14010100702526920,,,1,3014010000537090511,22946
9011001001400000,414,14010100702527043,,,1,3014010000537090511,22951
9011001001400000,385,14010100702527528,,,1,3014010000537090511,26102
9011001001400000,385,14010100702528008,,,1,3014010000537090511,26106
9011001001400000,385,14010100702528095,,,1,3014010000537090511,26107
9011001001400000,389,14010100702535188,,,1,3014010000537090511,24097
9011001001400000,389,14010100702535312,,,1,3014010000537090511,24098
9011001001400000,389,14010100702535684,,,1,3014010000537090511,24101
9011001001400000,389,14010100702535808,,,1,3014010000537090511,24102
9011001001400000,389,14010100702536943,,,1,3014010000537090511,24112
9011001001400000,389,14010100702537390,,,1,3014010000537090511,24116
9011001001400000,385,14010100702540720,,,1,3014010000537090511,26009
9011001001400000,385,14010100702541409,,,1,3014010000537090511,26016
9011001001400000,385,14010100702542841,,,1,3014010000537090511,26086
9011001001400000,385,14010100702543202,,,1,3014010000537090511,26089
9011001001400000,385,14010100702543322,,,1,3014010000537090511,26090
9011001001400000,385,14010100702543803,,,1,3014010000537090511,26094
9011001001400000,385,14010100702544043,,,1,3014010000537090511,26096
9011001001400000,385,14010100732436477,,,1,3014010000537090511,26002
9011001001400000,389,14010000702490569,,,0,3014010000537088445,24272
9011001001400000,389,14010000702492429,,,0,3014010000537088445,24287
9011001001400000,389,14010000702492801,,,0,3014010000537088445,24290
9011001001400000,389,14010000702492925,,,0,3014010000537088445,24291
9011001001400000,389,14010000702493173,,,0,3014010000537088445,24293
9011001001400000,389,14010000702496029,,,0,3014010000537088445,24325
9011001001400000,389,14010000702496199,,,0,3014010000537088445,24327
9011001001400000,389,14010000702498581,,,0,3014010000537088445,24355
9011001001400000,389,14010000702499601,,,0,3014010000537088445,24367
9011001001400000,389,14010000702499771,,,0,3014010000537088445,24369
9011001001400000,389,14010000702500283,,,0,3014010000537088445,24375
9011001001400000,389,14010000702501195,,,0,3014010000537088445,24386
9011001001400000,412,14010000702508275,,,0,3014010000537088445,20039
9011001001400000,412,14010000702508393,,,0,3014010000537088445,20045
9011001001400000,412,14010000702508661,,,0,3014010000537088445,20066
9011001001400000,412,14010000702508893,,,0,3014010000537088445,20089
9011001001400000,389,14010000702491933,,,0,3014010000537088445,24283
9011001001400000,389,14010000702492057,,,0,3014010000537088445,24284
9011001001400000,389,14010000702492305,,,0,3014010000537088445,24286
9011001001400000,389,14010000702492677,,,0,3014010000537088445,24289
9011001001400000,389,14010000702493478,,,0,3014010000537088445,24295
9011001001400000,389,14010000702493648,,,0,3014010000537088445,24297
9011001001400000,389,14010000702493818,,,0,3014010000537088445,24299
9011001001400000,389,14010000702493988,,,0,3014010000537088445,24301
9011001001400000,389,14010000702494329,,,0,3014010000537088445,24305
9011001001400000,389,14010000702495009,,,0,3014010000537088445,24313
9011001001400000,389,14010000702495519,,,0,3014010000537088445,24319
9011001001400000,389,14010000702495689,,,0,3014010000537088445,24321
9011001001400000,389,14010000702497049,,,0,3014010000537088445,24337
9011001001400000,389,14010000702497559,,,0,3014010000537088445,24343
9011001001400000,389,14010000702498071,,,0,3014010000537088445,24349
9011001001400000,389,14010000702498411,,,0,3014010000537088445,24353
9011001001400000,389,14010000702499261,,,0,3014010000537088445,24363
9011001001400000,389,14010000702499941,,,0,3014010000537088445,24371
9011001001400000,389,14010000702500820,,,0,3014010000537088445,24383
9011001001400000,389,14010000702500945,,,0,3014010000537088445,24384
9011001001400000,389,14010000702501070,,,0,3014010000537088445,24385
9011001001400000,412,14010000702508006,,,0,3014010000560910965,20025
9011001001400000,412,14010000702508102,,,0,3014010000537088445,20031
9011001001400000,412,14010000702508179,,,0,3014010000560910965,20035
9011001001400000,389,14010000702492553,,,0,3014010000537088445,24288
9011001001400000,389,14010000702493297,,,0,3014010000537088445,24294
9011001001400000,389,14010000702494159,,,0,3014010000537088445,24303
9011001001400000,389,14010000702494499,,,0,3014010000537088445,24307
9011001001400000,389,14010000702494669,,,0,3014010000537088445,24309
9011001001400000,389,14010000702494839,,,0,3014010000537088445,24311
9011001001400000,389,14010000702495349,,,0,3014010000537088445,24317
9011001001400000,389,14010000702496369,,,0,3014010000537088445,24329
9011001001400000,389,14010000702496539,,,0,3014010000537088445,24331
9011001001400000,389,14010000702497219,,,0,3014010000537088445,24339
9011001001400000,389,14010000702498241,,,0,3014010000537088445,24351
9011001001400000,389,14010000702499091,,,0,3014010000537088445,24361
9011001001400000,389,14010000702500111,,,0,3014010000537088445,24373
9011001001400000,389,14010000702500632,,,0,3014010000537088445,24379
9011001001400000,412,14010000702508537,,,0,3014010000537088445,20054
9011001001400000,412,14010000702508808,,,0,3014010000537088445,20081
9011001001400000,412,14010000702509689,,,0,3014010000537088445,20124
9011001001400000,412,14010000702510061,,,0,3014010000537088445,20137
9011001001400000,412,14010000702510309,,,0,3014010000537088445,20145
9011001001400000,412,14010000702510805,,,0,3014010000537088445,20161
9011001001400000,412,14010000702511053,,,0,3014010000537088445,20169
9011001001400000,412,14010000702512158,,,0,3014010000537088445,20205
9011001001400000,412,14010000702512282,,,0,3014010000537088445,20210
9011001001400000,412,14010000702509043,,,0,3014010000537088445,20095
9011001001400000,412,14010000702509441,,,0,3014010000537088445,20114
9011001001400000,412,14010000702509813,,,0,3014010000537088445,20129
9011001001400000,412,14010000702510557,,,0,3014010000537088445,20153
9011001001400000,412,14010000702510929,,,0,3014010000537088445,20165
9011001001400000,412,14010000702511301,,,0,3014010000537088445,20177
9011001001400000,412,14010000702511425,,,0,3014010000537088445,20181
9011001001400000,412,14010000702511549,,,0,3014010000537088445,20185
9011001001400000,412,14010000702511921,,,0,3014010000537088445,20197
9011001001400000,412,14010000702514418,,,0,3014010000537088445,20335
9011001001400000,412,14010000702514588,,,0,3014010000537088445,20344
9011001001400000,412,14010000702515268,,,0,3014010000537088445,20376
9011001001400000,412,14010000702515948,,,0,3014010000537088445,20408
9011001001400000,412,14010000702516458,,,0,3014010000537088445,20432
9011001001400000,412,14010000702516798,,,0,3014010000537088445,20448
9011001001400000,412,14010000702518838,,,0,3014010000537088445,20561
9011001001400000,412,14010000702519470,,,0,3014010000537088445,20602
9011001001400000,412,14010000702519688,,,0,3014010000537088445,20615
9011001001400000,412,14010000702520632,,,0,3014010000537088445,20665
9011001001400000,412,14010000702521168,,,0,3014010000537088445,20687
9011001001400000,412,14010000702521292,,,0,3014010000537088445,20691
9011001001400000,412,14010000702523397,,,0,3014010000537088445,20759
9011001001400000,412,14010000702523640,,,0,3014010000537088445,20767
9011001001400000,412,14010000702525194,,,0,3014010000537088445,20861
9011001001400000,412,14010000702526582,,,0,3014010000537088445,20933
9011001001400000,412,14010000702527501,,,0,3014010000537088445,20975
9011001001400000,412,14010000702528068,,,0,3014010000537088445,20997
9011001001400000,414,14010000702535160,,,0,3014010000537088445,22972
9011001001400000,414,14010000702535408,,,0,3014010000537088445,22982
9011001001400000,414,14010000702536400,,,0,3014010000537088445,23014
9011001001400000,414,14010000702536524,,,0,3014010000537088445,23018
9011001001400000,414,14010000702536648,,,0,3014010000537088445,23022
9011001001400000,414,14010000702536896,,,0,3014010000537088445,23031
9011001001400000,414,14010000702537328,,,0,3014010000537088445,23057
9011001001400000,414,14010000702537576,,,0,3014010000537088445,23067
9011001001400000,389,14010000702540445,,,0,3014010000313553149,24271
9011001001400000,389,14010000702540573,,,0,3014010000537088445,24273
9011001001400000,389,14010000702540693,,,0,3014010000537088445,24274
9011001001400000,389,14010000702540933,,,0,3014010000537088445,24276
9011001001400000,389,14010000702541471,,,0,3014010000537088445,24281
9011001001400000,389,14010000702541529,,,0,3014010000537088445,24282
9011001001400000,389,14010000702542694,,,0,3014010000537088445,24390
9011001001400000,389,14010000702543415,,,0,3014010000537088445,24396
9011001001400000,389,14010000702543656,,,0,3014010000537088445,24398
9011001001400000,389,14010000702543776,,,0,3014010000537088445,24399
9011001001400000,389,14010000702544103,,,0,3014010000537088445,24402
9011001001400000,389,14010000702544192,,,0,3014010000537088445,24403
9011001001400000,412,14010000702513325,,,0,3014010000537088445,20261
9011001001400000,412,14010000702514078,,,0,3014010000537088445,20313
9011001001400000,412,14010000702514758,,,0,3014010000537088445,20352
9011001001400000,412,14010000702516118,,,0,3014010000537088445,20416
9011001001400000,412,14010000702516288,,,0,3014010000537088445,20424
9011001001400000,412,14010000702517138,,,0,3014010000537088445,20464
9011001001400000,412,14010000702518668,,,0,3014010000537088445,20546
9011001001400000,412,14010000702519252,,,0,3014010000537088445,20589
9011001001400000,412,14010000702520137,,,0,3014010000537088445,20640
9011001001400000,412,14010000702520869,,,0,3014010000537088445,20677
9011001001400000,412,14010000702521018,,,0,3014010000537088445,20682
9011001001400000,412,14010000702521540,,,0,3014010000537088445,20699
9011001001400000,412,14010000702521664,,,0,3014010000537088445,20703
9011001001400000,412,14010000702521788,,,0,3014010000537088445,20707
9011001001400000,412,14010000702521912,,,0,3014010000537088445,20711
9011001001400000,412,14010000702522036,,,0,3014010000537088445,20715
9011001001400000,412,14010000702522284,,,0,3014010000537088445,20723
9011001001400000,412,14010000702522408,,,0,3014010000537088445,20727
9011001001400000,412,14010000702522532,,,0,3014010000537088445,20731
9011001001400000,412,14010000702522656,,,0,3014010000537088445,20735
9011001001400000,412,14010000702523152,,,0,3014010000537088445,20751
9011001001400000,412,14010000702524286,,,0,3014010000537088445,20796
9011001001400000,412,14010000702525022,,,0,3014010000537088445,20849
9011001001400000,412,14010000702525874,,,0,3014010000537088445,20897
9011001001400000,412,14010000702526384,,,0,3014010000537088445,20924
9011001001400000,412,14010000702526892,,,0,3014010000537088445,20948
9011001001400000,412,14010000702527105,,,0,3014010000537088445,20957
9011001001400000,412,14010000702527227,,,0,3014010000537088445,20961
9011001001400000,412,14010000702527741,,,0,3014010000537088445,20985
9011001001400000,412,14010000702527861,,,0,3014010000537088445,20989
9011001001400000,412,14010000702533463,,,0,3014010000313553149,20021
9011001001400000,414,14010000702534912,,,0,3014010000537088445,22959
9011001001400000,414,14010000702535780,,,0,3014010000537088445,22994
9011001001400000,414,14010000702536152,,,0,3014010000537088445,23006
9011001001400000,414,14010000702536276,,,0,3014010000537088445,23010
9011001001400000,414,14010000702536772,,,0,3014010000537088445,23026
9011001001400000,414,14010000702537064,,,0,3014010000537088445,23040
9011001001400000,389,14010000702541173,,,0,3014010000537088445,24278
9011001001400000,389,14010000702541293,,,0,3014010000537088445,24279
9011001001400000,389,14010000702541382,,,0,3014010000537088445,24280
9011001001400000,389,14010000702542574,,,0,3014010000537088445,24389
9011001001400000,389,14010000702542934,,,0,3014010000537088445,24392
9011001001400000,389,14010000702543295,,,0,3014010000537088445,24395
9011001001400000,389,14010000702543896,,,0,3014010000537088445,24400
9011001001400000,412,14010000702509167,,,0,3014010000537088445,20102
9011001001400000,412,14010000702509317,,,0,3014010000537088445,20109
9011001001400000,412,14010000702509565,,,0,3014010000537088445,20120
9011001001400000,412,14010000702509937,,,0,3014010000537088445,20133
9011001001400000,412,14010000702511177,,,0,3014010000537088445,20173
9011001001400000,412,14010000702511673,,,0,3014010000537088445,20189
9011001001400000,412,14010000702512711,,,0,3014010000537088445,20227
9011001001400000,412,14010000702513132,,,0,3014010000537088445,20247
9011001001400000,412,14010000702514928,,,0,3014010000537088445,20360
9011001001400000,412,14010000702515608,,,0,3014010000537088445,20392
9011001001400000,412,14010000702515778,,,0,3014010000537088445,20400
9011001001400000,412,14010000702516628,,,0,3014010000537088445,20440
9011001001400000,412,14010000702516968,,,0,3014010000537088445,20456
9011001001400000,412,14010000702517308,,,0,3014010000537088445,20472
9011001001400000,412,14010000702517478,,,0,3014010000537088445,20480
9011001001400000,412,14010000702518328,,,0,3014010000537088445,20521
9011001001400000,412,14010000702519034,,,0,3014010000537088445,20575
9011001001400000,412,14010000702520041,,,0,3014010000537088445,20634
9011001001400000,412,14010000702520747,,,0,3014010000537088445,20671
9011001001400000,412,14010000702521416,,,0,3014010000537088445,20695
9011001001400000,412,14010000702524089,,,0,3014010000537088445,20785
9011001001400000,412,14010000702524483,,,0,3014010000537088445,20806
9011001001400000,412,14010000702525364,,,0,3014010000537088445,20869
9011001001400000,412,14010000702526214,,,0,3014010000537088445,20916
9011001001400000,412,14010000702526644,,,0,3014010000537088445,20936
9011001001400000,412,14010000702527381,,,0,3014010000537088445,20968
9011001001400000,412,14010000702527621,,,0,3014010000537088445,20981
9011001001400000,412,14010000702527981,,,0,3014010000537088445,20993
9011001001400000,412,14010000702528210,,,0,3014010000537088445,21005
9011001001400000,412,14010000702528330,,,0,3014010000537088445,21011
9011001001400000,414,14010000702535036,,,0,3014010000537088445,22965
9011001001400000,414,14010000702535284,,,0,3014010000537088445,22978
9011001001400000,414,14010000702535904,,,0,3014010000537088445,22998
9011001001400000,414,14010000702537452,,,0,3014010000537088445,23063
9011001001400000,389,14010000702540813,,,0,3014010000537088445,24275
9011001001400000,389,14010000702492181,,,0,3014010000537088445,24285
9011001001400000,389,14010000702493049,,,0,3014010000537088445,24292
9011001001400000,389,14010000702495179,,,0,3014010000537088445,24315
9011001001400000,389,14010000702495859,,,0,3014010000537088445,24323
9011001001400000,389,14010000702496709,,,0,3014010000537088445,24333
9011001001400000,389,14010000702496879,,,0,3014010000537088445,24335
9011001001400000,389,14010000702497389,,,0,3014010000537088445,24341
9011001001400000,389,14010000702497729,,,0,3014010000537088445,24345
9011001001400000,389,14010000702497900,,,0,3014010000537088445,24347
9011001001400000,389,14010000702498751,,,0,3014010000537088445,24357
9011001001400000,389,14010000702498921,,,0,3014010000537088445,24359
9011001001400000,389,14010000702499431,,,0,3014010000537088445,24365
9011001001400000,389,14010000702500483,,,0,3014010000537088445,24377
9011001001400000,389,14010000702500695,,,0,3014010000537088445,24381
9011001001400000,389,14010000702501320,,,0,3014010000537088445,24387
9011001001400000,412,14010000702510185,,,0,3014010000537088445,20141
9011001001400000,412,14010000702510433,,,0,3014010000537088445,20149
9011001001400000,412,14010000702510681,,,0,3014010000537088445,20157
9011001001400000,412,14010000702511797,,,0,3014010000537088445,20193
9011001001400000,412,14010000702512045,,,0,3014010000537088445,20201
9011001001400000,412,14010000702512361,,,0,3014010000537088445,20213
9011001001400000,412,14010000702512485,,,0,3014010000537088445,20217
9011001001400000,412,14010000702512911,,,0,3014010000537088445,20236
9011001001400000,412,14010000702513520,,,0,3014010000537088445,20276
9011001001400000,412,14010000702513715,,,0,3014010000537088445,20288
9011001001400000,412,14010000702513908,,,0,3014010000537088445,20301
9011001001400000,412,14010000702514248,,,0,3014010000537088445,20324
9011001001400000,412,14010000702515098,,,0,3014010000537088445,20368
9011001001400000,412,14010000702515438,,,0,3014010000537088445,20384
9011001001400000,412,14010000702517648,,,0,3014010000537088445,20488
9011001001400000,412,14010000702517818,,,0,3014010000537088445,20496
9011001001400000,412,14010000702517988,,,0,3014010000537088445,20504
9011001001400000,412,14010000702518158,,,0,3014010000537088445,20512
9011001001400000,412,14010000702518498,,,0,3014010000537088445,20532
9011001001400000,412,14010000702519911,,,0,3014010000537088445,20627
9011001001400000,412,14010000702520275,,,0,3014010000537088445,20647
9011001001400000,412,14010000702520371,,,0,3014010000537088445,20652
9011001001400000,412,14010000702520510,,,0,3014010000537088445,20659
9011001001400000,412,14010000702522160,,,0,3014010000537088445,20719
9011001001400000,412,14010000702522780,,,0,3014010000537088445,20739
9011001001400000,412,14010000702522904,,,0,3014010000537088445,20743
9011001001400000,412,14010000702523028,,,0,3014010000537088445,20747
9011001001400000,412,14010000702523883,,,0,3014010000537088445,20775
9011001001400000,412,14010000702524678,,,0,3014010000537088445,20821
9011001001400000,412,14010000702524850,,,0,3014010000537088445,20836
9011001001400000,412,14010000702525534,,,0,3014010000537088445,20880
9011001001400000,412,14010000702525704,,,0,3014010000537088445,20889
9011001001400000,412,14010000702526044,,,0,3014010000537088445,20905
9011001001400000,412,14010000702526768,,,0,3014010000537088445,20942
9011001001400000,412,14010000702527015,,,0,3014010000537088445,20953
9011001001400000,414,14010000702535532,,,0,3014010000537088445,22986
9011001001400000,414,14010000702535656,,,0,3014010000537088445,22990
9011001001400000,414,14010000702536028,,,0,3014010000537088445,23002
9011001001400000,414,14010000702537179,,,0,3014010000537088445,23048
9011001001400000,414,14010000702537672,,,0,3014010000537088445,23072
9011001001400000,389,14010000702541053,,,0,3014010000537088445,24277
9011001001400000,389,14010000702542454,,,0,3014010000537088445,24388
9011001001400000,389,14010000702542814,,,0,3014010000537088445,24391
9011001001400000,389,14010000702543054,,,0,3014010000537088445,24393
9011001001400000,389,14010000702543175,,,0,3014010000537088445,24394
9011001001400000,389,14010000702543536,,,0,3014010000537088445,24397
9011001001400000,389,14010000702543983,,,0,3014010000537088445,24401
9011001001400000,412,14010000711581595,,,0,3014010000313553233,20350
9011001001400000,412,14010000711581787,,,0,3014010000313553233,20398
9011001001400000,412,14010000711582265,,,0,3014010000313553233,20518
9011001001400000,412,14010000711582329,,,0,3014010000313553233,20542
9011001001400000,412,14010000711583189,,,0,3014010000313553233,20902
9011001001400000,412,14010000711583255,,,0,3014010000313553233,20922
9011001001400000,412,14010000711583287,,,0,3014010000313553233,20929
9011001001400000,412,14010000711581215,,,0,3014010000313553233,20242
9011001001400000,412,14010000711581271,,,0,3014010000313553233,20254
9011001001400000,412,14010000711581467,,,0,3014010000313553233,20307
9011001001400000,412,14010000711581531,,,0,3014010000313553233,20331
9011001001400000,412,14010000711581659,,,0,3014010000313553233,20366
9011001001400000,412,14010000711581883,,,0,3014010000313553233,20422
9011001001400000,412,14010000711581979,,,0,3014010000313553233,20446
9011001001400000,412,14010000711582043,,,0,3014010000313553233,20462
9011001001400000,412,14010000711582139,,,0,3014010000313553233,20486
9011001001400000,412,14010000711582171,,,0,3014010000313553233,20494
9011001001400000,412,14010000711582297,,,0,3014010000313553233,20529
9011001001400000,412,14010000711583092,,,0,3014010000313553233,20875
9011001001400000,412,14010000711583156,,,0,3014010000313553233,20894
9011001001400000,412,14010000711765157,,,0,3014010000313553389,20568
9011001001400000,412,14010000711765188,,,0,3014010000313553389,20582
9011001001400000,412,14010000711765219,,,0,3014010000313553389,20596
9011001001400000,412,14010000711765418,,,0,3014010000313553389,20755
9011001001400000,389,14010000711766400,,,0,3014010000313553233,24296
9011001001400000,389,14010000711766481,,,0,3014010000313553233,24302
9011001001400000,389,14010000711766616,,,0,3014010000313553233,24312
9011001001400000,389,14010000711766670,,,0,3014010000313553233,24316
9011001001400000,389,14010000711766751,,,0,3014010000313553233,24322
9011001001400000,389,14010000711766940,,,0,3014010000313553233,24336
9011001001400000,389,14010000711766967,,,0,3014010000313553233,24338
9011001001400000,389,14010000711766994,,,0,3014010000313553233,24340
9011001001400000,389,14010000711767021,,,0,3014010000313553233,24342
9011001001400000,389,14010000711767048,,,0,3014010000313553233,24344
9011001001400000,389,14010000711767102,,,0,3014010000313553233,24348
9011001001400000,389,14010000711767318,,,0,3014010000313553233,24364
9011001001400000,389,14010000711767453,,,0,3014010000313553233,24374
9011001001400000,412,14010000711764882,,,0,3014010000313553389,20231
9011001001400000,412,14010000711765250,,,0,3014010000313553389,20609
9011001001400000,412,14010000711765541,,,0,3014010000313553389,20791
9011001001400000,389,14010000711766427,,,0,3014010000313553233,24298
9011001001400000,389,14010000711766454,,,0,3014010000313553233,24300
9011001001400000,389,14010000711766724,,,0,3014010000313553233,24320
9011001001400000,389,14010000711767075,,,0,3014010000313553233,24346
9011001001400000,389,14010000711767183,,,0,3014010000313553233,24354
9011001001400000,389,14010000711767264,,,0,3014010000313553233,24360
9011001001400000,389,14010000711767345,,,0,3014010000313553233,24366
9011001001400000,389,14010000711767426,,,0,3014010000313553233,24372
9011001001400000,389,14010000711767506,,,0,3014010000313553233,24378
9011001001400000,412,14010000711581325,,,0,3014010000313553233,20267
9011001001400000,412,14010000711581379,,,0,3014010000313553233,20281
9011001001400000,412,14010000711581499,,,0,3014010000313553233,20319
9011001001400000,412,14010000711581915,,,0,3014010000313553233,20430
9011001001400000,412,14010000711581947,,,0,3014010000313553233,20438
9011001001400000,412,14010000711582011,,,0,3014010000313553233,20454
9011001001400000,412,14010000711582075,,,0,3014010000313553233,20470
9011001001400000,412,14010000711582233,,,0,3014010000313553233,20509
9011001001400000,412,14010000711582361,,,0,3014010000313553233,20555
9011001001400000,412,14010000711582927,,,0,3014010000313553233,20815
9011001001400000,412,14010000711582993,,,0,3014010000313553233,20843
9011001001400000,412,14010000711583221,,,0,3014010000313553233,20912
9011001001400000,412,14010000711764851,,,0,3014010000313553389,20221
9011001001400000,412,14010000711765480,,,0,3014010000313553389,20771
9011001001400000,412,14010000711765511,,,0,3014010000313553389,20780
9011001001400000,412,14010000711765571,,,0,3014010000313553389,20802
9011001001400000,389,14010000711766535,,,0,3014010000313553233,24306
9011001001400000,389,14010000711766562,,,0,3014010000313553233,24308
9011001001400000,389,14010000711766643,,,0,3014010000313553233,24314
9011001001400000,389,14010000711766778,,,0,3014010000313553233,24324
9011001001400000,389,14010000711766805,,,0,3014010000313553233,24326
9011001001400000,389,14010000711766913,,,0,3014010000313553233,24334
9011001001400000,389,14010000711767210,,,0,3014010000313553233,24356
9011001001400000,389,14010000711767372,,,0,3014010000313553233,24368
9011001001400000,389,14010000711767399,,,0,3014010000313553233,24370
9011001001400000,389,14010000711767480,,,0,3014010000313553233,24376
9011001001400000,412,14010000711581435,,,0,3014010000313553233,20295
9011001001400000,412,14010000711581563,,,0,3014010000313553233,20342
9011001001400000,412,14010000711581627,,,0,3014010000313553233,20358
9011001001400000,412,14010000711581691,,,0,3014010000313553233,20374
9011001001400000,412,14010000711581723,,,0,3014010000313553233,20382
9011001001400000,412,14010000711581755,,,0,3014010000313553233,20390
9011001001400000,412,14010000711581819,,,0,3014010000313553233,20406
9011001001400000,412,14010000711581851,,,0,3014010000313553233,20414
9011001001400000,412,14010000711582107,,,0,3014010000313553233,20478
9011001001400000,412,14010000711582203,,,0,3014010000313553233,20502
9011001001400000,412,14010000711582960,,,0,3014010000313553233,20830
9011001001400000,412,14010000711583028,,,0,3014010000313553233,20857
9011001001400000,412,14010000711583060,,,0,3014010000313553233,20866
9011001001400000,412,14010000711583124,,,0,3014010000313553233,20886
9011001001400000,412,14010000711583439,,,0,3014010000313553233,21002
9011001001400000,412,14010000711765281,,,0,3014010000313553389,20622
9011001001400000,412,14010000711765449,,,0,3014010000313553389,20763
9011001001400000,389,14010000711766508,,,0,3014010000313553233,24304
9011001001400000,389,14010000711766589,,,0,3014010000313553233,24310
9011001001400000,389,14010000711766697,,,0,3014010000313553233,24318
9011001001400000,389,14010000711766832,,,0,3014010000313553233,24328
9011001001400000,389,14010000711766859,,,0,3014010000313553233,24330
9011001001400000,389,14010000711766886,,,0,3014010000313553233,24332
9011001001400000,389,14010000711767129,,,0,3014010000313553233,24350
9011001001400000,389,14010000711767156,,,0,3014010000313553233,24352
9011001001400000,389,14010000711767237,,,0,3014010000313553233,24358
9011001001400000,389,14010000711767291,,,0,3014010000313553233,24362
9011001001400000,389,14010000732436506,,,0,3014010000537088445,24269
9011001001400000,389,14010000732436568,,,0,3014010000537088445,24270
9011001001400000,385,14010100702492057,,,0,3014010000537088445,26283
9011001001400000,385,14010100702492181,,,0,3014010000537088445,26284
9011001001400000,385,14010100702492553,,,0,3014010000537088445,26287
9011001001400000,385,14010100702492801,,,0,3014010000537088445,26289
9011001001400000,385,14010100702492925,,,0,3014010000537088445,26290
9011001001400000,385,14010100702490569,,,0,3014010000537088445,26271
9011001001400000,385,14010100702492305,,,0,3014010000537088445,26285
9011001001400000,385,14010100702493049,,,0,3014010000537088445,26291
9011001001400000,385,14010100702493173,,,0,3014010000537088445,26292
9011001001400000,385,14010100702494499,,,0,3014010000537088445,26306
9011001001400000,385,14010100702495179,,,0,3014010000537088445,26314
9011001001400000,385,14010100702495349,,,0,3014010000537088445,26316
9011001001400000,385,14010100702496199,,,0,3014010000537088445,26326
9011001001400000,385,14010100702493818,,,0,3014010000537088445,26298
9011001001400000,385,14010100702493988,,,0,3014010000537088445,26300
9011001001400000,385,14010100702494159,,,0,3014010000537088445,26302
9011001001400000,385,14010100702494329,,,0,3014010000537088445,26304
9011001001400000,385,14010100702494839,,,0,3014010000537088445,26310
9011001001400000,385,14010100702496029,,,0,3014010000537088445,26324
9011001001400000,385,14010100702493648,,,0,3014010000537088445,26296
9011001001400000,385,14010100702494669,,,0,3014010000537088445,26308
9011001001400000,385,14010100702495009,,,0,3014010000537088445,26312
9011001001400000,385,14010100702495519,,,0,3014010000537088445,26318
9011001001400000,385,14010100702495689,,,0,3014010000537088445,26320
9011001001400000,385,14010100702496879,,,0,3014010000537088445,26334
9011001001400000,385,14010100702497219,,,0,3014010000537088445,26338
9011001001400000,385,14010100702497389,,,0,3014010000537088445,26340
9011001001400000,385,14010100702497559,,,0,3014010000537088445,26342
9011001001400000,385,14010100702497729,,,0,3014010000537088445,26344
9011001001400000,385,14010100702498581,,,0,3014010000537088445,26354
9011001001400000,385,14010100702499091,,,0,3014010000537088445,26360
9011001001400000,385,14010100702499431,,,0,3014010000537088445,26364
9011001001400000,385,14010100702497900,,,0,3014010000537088445,26346
9011001001400000,385,14010100702498921,,,0,3014010000537088445,26358
9011001001400000,385,14010100702499941,,,0,3014010000537088445,26370
9011001001400000,385,14010100702500483,,,0,3014010000537088445,26376
9011001001400000,385,14010100702500632,,,0,3014010000537088445,26378
9011001001400000,385,14010100702500820,,,0,3014010000537088445,26382
9011001001400000,385,14010100702501320,,,0,3014010000537088445,26386
9011001001400000,385,14010100702498071,,,0,3014010000537088445,26348
9011001001400000,385,14010100702498241,,,0,3014010000537088445,26350
9011001001400000,385,14010100702500111,,,0,3014010000537088445,26372
9011001001400000,385,14010100702500695,,,0,3014010000537088445,26380
9011001001400000,414,14010100702508275,,,0,3014010000537088445,22039
9011001001400000,414,14010100702508537,,,0,3014010000537088445,22054
9011001001400000,414,14010100702508893,,,0,3014010000537088445,22089
9011001001400000,414,14010100702509043,,,0,3014010000537088445,22095
9011001001400000,414,14010100702509813,,,0,3014010000537088445,22129
9011001001400000,385,14010100702499601,,,0,3014010000537088445,26366
9011001001400000,385,14010100702501195,,,0,3014010000537088445,26385
9011001001400000,414,14010100702508006,,,0,3014010000560910965,22025
9011001001400000,414,14010100702508102,,,0,3014010000537088445,22031
9011001001400000,414,14010100702508808,,,0,3014010000537088445,22081
9011001001400000,414,14010100702509441,,,0,3014010000537088445,22114
9011001001400000,414,14010100702509689,,,0,3014010000537088445,22124
9011001001400000,414,14010100702510433,,,0,3014010000537088445,22149
9011001001400000,414,14010100702510805,,,0,3014010000537088445,22161
9011001001400000,414,14010100702513132,,,0,3014010000537088445,22247
9011001001400000,414,14010100702513325,,,0,3014010000537088445,22261
9011001001400000,414,14010100702513908,,,0,3014010000537088445,22301
9011001001400000,414,14010100702515098,,,0,3014010000537088445,22368
9011001001400000,414,14010100702516118,,,0,3014010000537088445,22416
9011001001400000,414,14010100702510681,,,0,3014010000537088445,22157
9011001001400000,414,14010100702510929,,,0,3014010000537088445,22165
9011001001400000,414,14010100702511053,,,0,3014010000537088445,22169
9011001001400000,414,14010100702511301,,,0,3014010000537088445,22177
9011001001400000,414,14010100702511921,,,0,3014010000537088445,22197
9011001001400000,414,14010100702512282,,,0,3014010000537088445,22210
9011001001400000,414,14010100702512911,,,0,3014010000537088445,22236
9011001001400000,414,14010100702513715,,,0,3014010000537088445,22288
9011001001400000,414,14010100702508661,,,0,3014010000537088445,22066
9011001001400000,414,14010100702509167,,,0,3014010000537088445,22102
9011001001400000,414,14010100702509565,,,0,3014010000537088445,22120
9011001001400000,414,14010100702509937,,,0,3014010000537088445,22133
9011001001400000,414,14010100702510061,,,0,3014010000537088445,22137
9011001001400000,414,14010100702510309,,,0,3014010000537088445,22145
9011001001400000,414,14010100702510557,,,0,3014010000537088445,22153
9011001001400000,414,14010100702511549,,,0,3014010000537088445,22185
9011001001400000,414,14010100702517138,,,0,3014010000537088445,22464
9011001001400000,414,14010100702517648,,,0,3014010000537088445,22488
9011001001400000,414,14010100702519911,,,0,3014010000537088445,22627
9011001001400000,414,14010100702520371,,,0,3014010000537088445,22652
9011001001400000,414,14010100702520510,,,0,3014010000537088445,22659
9011001001400000,414,14010100702521018,,,0,3014010000537088445,22682
9011001001400000,414,14010100702521416,,,0,3014010000537088445,22695
9011001001400000,414,14010100702521788,,,0,3014010000537088445,22707
9011001001400000,414,14010100702522036,,,0,3014010000537088445,22715
9011001001400000,414,14010100702514078,,,0,3014010000537088445,22313
9011001001400000,414,14010100702515268,,,0,3014010000537088445,22376
9011001001400000,414,14010100702515778,,,0,3014010000537088445,22400
9011001001400000,414,14010100702517308,,,0,3014010000537088445,22472
9011001001400000,414,14010100702517988,,,0,3014010000537088445,22504
9011001001400000,414,14010100702518158,,,0,3014010000537088445,22512
9011001001400000,414,14010100702518668,,,0,3014010000537088445,22546
9011001001400000,414,14010100702520137,,,0,3014010000537088445,22640
9011001001400000,414,14010100702520275,,,0,3014010000537088445,22647
9011001001400000,414,14010100702511673,,,0,3014010000537088445,22189
9011001001400000,414,14010100702512045,,,0,3014010000537088445,22201
9011001001400000,414,14010100702512361,,,0,3014010000537088445,22213
9011001001400000,414,14010100702512485,,,0,3014010000537088445,22217
9011001001400000,414,14010100702514248,,,0,3014010000537088445,22324
9011001001400000,414,14010100702514588,,,0,3014010000537088445,22344
9011001001400000,414,14010100702515608,,,0,3014010000537088445,22392
9011001001400000,414,14010100702516798,,,0,3014010000537088445,22448
9011001001400000,414,14010100702522160,,,0,3014010000537088445,22719
9011001001400000,414,14010100702522656,,,0,3014010000537088445,22735
9011001001400000,414,14010100702522780,,,0,3014010000537088445,22739
9011001001400000,414,14010100702523640,,,0,3014010000537088445,22767
9011001001400000,414,14010100702524483,,,0,3014010000537088445,22806
9011001001400000,414,14010100702525364,,,0,3014010000537088445,22869
9011001001400000,414,14010100702525534,,,0,3014010000537088445,22877
9011001001400000,414,14010100702520747,,,0,3014010000537088445,22671
9011001001400000,414,14010100702520869,,,0,3014010000537088445,22677
9011001001400000,414,14010100702521168,,,0,3014010000537088445,22687
9011001001400000,414,14010100702521912,,,0,3014010000537088445,22711
9011001001400000,414,14010100702523028,,,0,3014010000537088445,22747
9011001001400000,414,14010100702523152,,,0,3014010000537088445,22751
9011001001400000,414,14010100702523397,,,0,3014010000537088445,22759
9011001001400000,414,14010100702516968,,,0,3014010000537088445,22456
9011001001400000,414,14010100702518498,,,0,3014010000537088445,22532
9011001001400000,414,14010100702518838,,,0,3014010000537088445,22561
9011001001400000,414,14010100702519252,,,0,3014010000537088445,22589
9011001001400000,414,14010100702520632,,,0,3014010000537088445,22665
9011001001400000,385,14010100702528068,,,0,3014010000537088445,26413
9011001001400000,389,14010100702535160,,,0,3014010000537088445,24407
9011001001400000,389,14010100702535284,,,0,3014010000537088445,24408
9011001001400000,389,14010100702535532,,,0,3014010000537088445,24410
9011001001400000,389,14010100702535904,,,0,3014010000537088445,24413
9011001001400000,389,14010100702536276,,,0,3014010000537088445,24416
9011001001400000,389,14010100702536648,,,0,3014010000537088445,24419
9011001001400000,385,14010100702540445,,,0,3014010000313553149,26270
9011001001400000,385,14010100702540813,,,0,3014010000537088445,26274
9011001001400000,414,14010100702524850,,,0,3014010000537088445,22836
9011001001400000,414,14010100702525022,,,0,3014010000537088445,22849
9011001001400000,414,14010100702526044,,,0,3014010000537088445,22902
9011001001400000,414,14010100702526582,,,0,3014010000537088445,22930
9011001001400000,414,14010100702526768,,,0,3014010000537088445,22939
9011001001400000,414,14010100702527105,,,0,3014010000537088445,22954
9011001001400000,385,14010100702527227,,,0,3014010000537088445,26405
9011001001400000,385,14010100702527621,,,0,3014010000537088445,26409
9011001001400000,385,14010100702527861,,,0,3014010000537088445,26411
9011001001400000,385,14010100702528210,,,0,3014010000537088445,26415
9011001001400000,414,14010100702533463,,,0,3014010000313553149,22021
9011001001400000,389,14010100702534912,,,0,3014010000537088445,24404
9011001001400000,414,14010100702522284,,,0,3014010000537088445,22723
9011001001400000,414,14010100702522408,,,0,3014010000537088445,22727
9011001001400000,414,14010100702522904,,,0,3014010000537088445,22743
9011001001400000,414,14010100702523883,,,0,3014010000537088445,22775
9011001001400000,414,14010100702524089,,,0,3014010000537088445,22785
9011001001400000,414,14010100702525194,,,0,3014010000537088445,22861
9011001001400000,414,14010100702525704,,,0,3014010000537088445,22885
9011001001400000,414,14010100702525874,,,0,3014010000537088445,22894
9011001001400000,414,14010100702526214,,,0,3014010000537088445,22913
9011001001400000,389,14010100702536152,,,0,3014010000537088445,24415
9011001001400000,389,14010100702536896,,,0,3014010000537088445,24421
9011001001400000,389,14010100702537064,,,0,3014010000537088445,24423
9011001001400000,389,14010100702537179,,,0,3014010000537088445,24424
9011001001400000,389,14010100702537328,,,0,3014010000537088445,24425
9011001001400000,389,14010100702537672,,,0,3014010000537088445,24428
9011001001400000,385,14010100702540573,,,0,3014010000537088445,26272
9011001001400000,385,14010100702540693,,,0,3014010000537088445,26273
9011001001400000,385,14010100702542454,,,0,3014010000537088445,26387
9011001001400000,385,14010100702542814,,,0,3014010000537088445,26391
9011001001400000,385,14010100702543054,,,0,3014010000537088445,26393
9011001001400000,414,14010100702526384,,,0,3014010000537088445,22921
9011001001400000,414,14010100702526644,,,0,3014010000537088445,22933
9011001001400000,414,14010100702526892,,,0,3014010000537088445,22945
9011001001400000,385,14010100702527501,,,0,3014010000537088445,26408
9011001001400000,385,14010100702527741,,,0,3014010000537088445,26410
9011001001400000,389,14010100702535036,,,0,3014010000537088445,24405
9011001001400000,389,14010100702535408,,,0,3014010000537088445,24409
9011001001400000,389,14010100702535656,,,0,3014010000537088445,24411
9011001001400000,389,14010100702536028,,,0,3014010000537088445,24414
9011001001400000,389,14010100702536400,,,0,3014010000537088445,24417
9011001001400000,389,14010100702536772,,,0,3014010000537088445,24420
9011001001400000,389,14010100702537452,,,0,3014010000537088445,24426
9011001001400000,385,14010100702541053,,,0,3014010000537088445,26276
9011001001400000,385,14010100702541173,,,0,3014010000537088445,26277
9011001001400000,385,14010100702542574,,,0,3014010000537088445,26388
9011001001400000,385,14010100702542694,,,0,3014010000537088445,26390
9011001001400000,385,14010100702542934,,,0,3014010000537088445,26392
9011001001400000,385,14010100702543536,,,0,3014010000537088445,26398
9011001001400000,385,14010100702543776,,,0,3014010000537088445,26400
9011001001400000,385,14010100702544103,,,0,3014010000537088445,26403
9011001001400000,385,14010100702544192,,,0,3014010000537088445,26404
9011001001400000,385,14010100702543175,,,0,3014010000537088445,26394
9011001001400000,385,14010100702543415,,,0,3014010000537088445,26397
9011001001400000,385,14010100702543896,,,0,3014010000537088445,26401
9011001001400000,385,14010100702541293,,,0,3014010000537088445,26278
9011001001400000,385,14010100702541471,,,0,3014010000537088445,26280
9011001001400000,385,14010100702543295,,,0,3014010000537088445,26396
9011001001400000,414,14010100711581531,,,0,3014010000313553233,22331
9011001001400000,414,14010100711581691,,,0,3014010000313553233,22374
9011001001400000,414,14010100711581819,,,0,3014010000313553233,22406
9011001001400000,414,14010100711582233,,,0,3014010000313553233,22509
9011001001400000,414,14010100711582297,,,0,3014010000313553233,22529
9011001001400000,414,14010100711582329,,,0,3014010000313553233,22542
9011001001400000,414,14010100711583060,,,0,3014010000313553233,22866
9011001001400000,414,14010100711583156,,,0,3014010000313553233,22891
9011001001400000,414,14010100711583221,,,0,3014010000313553233,22909
9011001001400000,414,14010100711583255,,,0,3014010000313553233,22919
9011001001400000,414,14010100711583287,,,0,3014010000313553233,22926
9011001001400000,385,14010100711583439,,,0,3014010000313553233,26414
9011001001400000,414,14010100711581271,,,0,3014010000313553233,22254
9011001001400000,414,14010100711581435,,,0,3014010000313553233,22295
9011001001400000,414,14010100711581499,,,0,3014010000313553233,22319
9011001001400000,414,14010100711581595,,,0,3014010000313553233,22350
9011001001400000,414,14010100711581659,,,0,3014010000313553233,22366
9011001001400000,414,14010100711581723,,,0,3014010000313553233,22382
9011001001400000,414,14010100711581915,,,0,3014010000313553233,22430
9011001001400000,414,14010100711582107,,,0,3014010000313553233,22478
9011001001400000,414,14010100711582171,,,0,3014010000313553233,22494
9011001001400000,414,14010100711582361,,,0,3014010000313553233,22556
9011001001400000,414,14010100711582927,,,0,3014010000313553233,22815
9011001001400000,414,14010100711583124,,,0,3014010000313553233,22882
9011001001400000,414,14010100711764851,,,0,3014010000313553389,22221
9011001001400000,414,14010100711765157,,,0,3014010000313553389,22568
9011001001400000,414,14010100711765541,,,0,3014010000313553389,22791
9011001001400000,414,14010100711765571,,,0,3014010000313553389,22802
9011001001400000,385,14010100711766643,,,0,3014010000313553233,26313
9011001001400000,385,14010100711766805,,,0,3014010000313553233,26325
9011001001400000,385,14010100711766859,,,0,3014010000313553233,26329
9011001001400000,385,14010100711766913,,,0,3014010000313553233,26333
9011001001400000,385,14010100711766994,,,0,3014010000313553233,26339
9011001001400000,385,14010100711767426,,,0,3014010000313553233,26371
9011001001400000,385,14010100711767480,,,0,3014010000313553233,26375
9011001001400000,414,14010100711764882,,,0,3014010000313553389,22231
9011001001400000,414,14010100711765250,,,0,3014010000313553389,22609
9011001001400000,385,14010100711766400,,,0,3014010000313553233,26295
9011001001400000,385,14010100711766427,,,0,3014010000313553233,26297
9011001001400000,385,14010100711766454,,,0,3014010000313553233,26299
9011001001400000,385,14010100711766508,,,0,3014010000313553233,26303
9011001001400000,385,14010100711766751,,,0,3014010000313553233,26321
9011001001400000,385,14010100711766832,,,0,3014010000313553233,26327
9011001001400000,385,14010100711767021,,,0,3014010000313553233,26341
9011001001400000,385,14010100711767048,,,0,3014010000313553233,26343
9011001001400000,385,14010100711767075,,,0,3014010000313553233,26345
9011001001400000,385,14010100711767129,,,0,3014010000313553233,26349
9011001001400000,385,14010100711767237,,,0,3014010000313553233,26357
9011001001400000,385,14010100711767318,,,0,3014010000313553233,26363
9011001001400000,385,14010100711767345,,,0,3014010000313553233,26365
9011001001400000,385,14010100711767506,,,0,3014010000313553233,26377
9011001001400000,414,14010100711581627,,,0,3014010000313553233,22358
9011001001400000,414,14010100711581883,,,0,3014010000313553233,22422
9011001001400000,414,14010100711581979,,,0,3014010000313553233,22446
9011001001400000,414,14010100711582043,,,0,3014010000313553233,22462
9011001001400000,414,14010100711583028,,,0,3014010000313553233,22857
9011001001400000,414,14010100711765188,,,0,3014010000313553389,22582
9011001001400000,414,14010100711765219,,,0,3014010000313553389,22596
9011001001400000,414,14010100711765281,,,0,3014010000313553389,22622
9011001001400000,414,14010100711765449,,,0,3014010000313553389,22763
9011001001400000,414,14010100711765511,,,0,3014010000313553389,22781
9011001001400000,385,14010100711766481,,,0,3014010000313553233,26301
9011001001400000,385,14010100711766562,,,0,3014010000313553233,26307
9011001001400000,385,14010100711766589,,,0,3014010000313553233,26309
9011001001400000,385,14010100711766616,,,0,3014010000313553233,26311
9011001001400000,385,14010100711766670,,,0,3014010000313553233,26315
9011001001400000,385,14010100711766697,,,0,3014010000313553233,26317
9011001001400000,385,14010100711766886,,,0,3014010000313553233,26331
9011001001400000,385,14010100711767156,,,0,3014010000313553233,26351
9011001001400000,385,14010100711767183,,,0,3014010000313553233,26353
9011001001400000,385,14010100711767291,,,0,3014010000313553233,26361
9011001001400000,385,14010100702491933,,,0,3014010000537088445,26282
9011001001400000,385,14010100702492429,,,0,3014010000537088445,26286
9011001001400000,385,14010100702492677,,,0,3014010000537088445,26288
9011001001400000,385,14010100702493297,,,0,3014010000537088445,26293
9011001001400000,385,14010100702493478,,,0,3014010000537088445,26294
9011001001400000,385,14010100702495859,,,0,3014010000537088445,26322
9011001001400000,385,14010100702496369,,,0,3014010000537088445,26328
9011001001400000,385,14010100702496539,,,0,3014010000537088445,26330
9011001001400000,385,14010100702496709,,,0,3014010000537088445,26332
9011001001400000,385,14010100702497049,,,0,3014010000537088445,26336
9011001001400000,385,14010100702498411,,,0,3014010000537088445,26352
9011001001400000,385,14010100702498751,,,0,3014010000537088445,26356
9011001001400000,385,14010100702499261,,,0,3014010000537088445,26362
9011001001400000,385,14010100702499771,,,0,3014010000537088445,26368
9011001001400000,385,14010100702500283,,,0,3014010000537088445,26374
9011001001400000,385,14010100702500945,,,0,3014010000537088445,26383
9011001001400000,385,14010100702501070,,,0,3014010000537088445,26384
9011001001400000,414,14010100702508179,,,0,3014010000560910965,22035
9011001001400000,414,14010100702508393,,,0,3014010000537088445,22045
9011001001400000,414,14010100702509317,,,0,3014010000537088445,22109
9011001001400000,414,14010100702510185,,,0,3014010000537088445,22141
9011001001400000,414,14010100702511177,,,0,3014010000537088445,22173
9011001001400000,414,14010100702511425,,,0,3014010000537088445,22181
9011001001400000,414,14010100702511797,,,0,3014010000537088445,22193
9011001001400000,414,14010100702512158,,,0,3014010000537088445,22205
9011001001400000,414,14010100702512711,,,0,3014010000537088445,22227
9011001001400000,414,14010100702513520,,,0,3014010000537088445,22276
9011001001400000,414,14010100702514418,,,0,3014010000537088445,22335
9011001001400000,414,14010100702514758,,,0,3014010000537088445,22352
9011001001400000,414,14010100702514928,,,0,3014010000537088445,22360
9011001001400000,414,14010100702515438,,,0,3014010000537088445,22384
9011001001400000,414,14010100702515948,,,0,3014010000537088445,22408
9011001001400000,414,14010100702516288,,,0,3014010000537088445,22424
9011001001400000,414,14010100702516458,,,0,3014010000537088445,22432
9011001001400000,414,14010100702516628,,,0,3014010000537088445,22440
9011001001400000,414,14010100702517478,,,0,3014010000537088445,22480
9011001001400000,414,14010100702517818,,,0,3014010000537088445,22496
9011001001400000,414,14010100702518328,,,0,3014010000537088445,22521
9011001001400000,414,14010100702519034,,,0,3014010000537088445,22575
9011001001400000,414,14010100702519470,,,0,3014010000537088445,22602
9011001001400000,414,14010100702519688,,,0,3014010000537088445,22615
9011001001400000,414,14010100702520041,,,0,3014010000537088445,22634
9011001001400000,414,14010100702521292,,,0,3014010000537088445,22691
9011001001400000,414,14010100702521540,,,0,3014010000537088445,22699
9011001001400000,414,14010100702521664,,,0,3014010000537088445,22703
9011001001400000,414,14010100702522532,,,0,3014010000537088445,22731
9011001001400000,414,14010100702524286,,,0,3014010000537088445,22796
9011001001400000,414,14010100702524678,,,0,3014010000537088445,22821
9011001001400000,414,14010100702527015,,,0,3014010000537088445,22950
9011001001400000,385,14010100702527381,,,0,3014010000537088445,26406
9011001001400000,385,14010100702527981,,,0,3014010000537088445,26412
9011001001400000,385,14010100702528330,,,0,3014010000537088445,26416
9011001001400000,389,14010100702535780,,,0,3014010000537088445,24412
9011001001400000,389,14010100702536524,,,0,3014010000537088445,24418
9011001001400000,389,14010100702537576,,,0,3014010000537088445,24427
9011001001400000,385,14010100702540933,,,0,3014010000537088445,26275
9011001001400000,385,14010100702541382,,,0,3014010000537088445,26279
9011001001400000,385,14010100702541529,,,0,3014010000537088445,26281
9011001001400000,385,14010100702543656,,,0,3014010000537088445,26399
9011001001400000,385,14010100702543983,,,0,3014010000537088445,26402
9011001001400000,385,14010100732436568,,,0,3014010000537088445,26269
9011001001400000,385,14010100732436506,,,0,3014010000537088445,26268
9011001001400000,414,14010100711581215,,,0,3014010000313553233,22242
9011001001400000,414,14010100711581325,,,0,3014010000313553233,22267
9011001001400000,414,14010100711581379,,,0,3014010000313553233,22281
9011001001400000,414,14010100711581467,,,0,3014010000313553233,22307
9011001001400000,414,14010100711581563,,,0,3014010000313553233,22342
9011001001400000,414,14010100711581755,,,0,3014010000313553233,22390
9011001001400000,414,14010100711581787,,,0,3014010000313553233,22398
9011001001400000,414,14010100711581851,,,0,3014010000313553233,22414
9011001001400000,414,14010100711581947,,,0,3014010000313553233,22438
9011001001400000,414,14010100711582011,,,0,3014010000313553233,22454
9011001001400000,414,14010100711582075,,,0,3014010000313553233,22470
9011001001400000,414,14010100711582139,,,0,3014010000313553233,22486
9011001001400000,414,14010100711582203,,,0,3014010000313553233,22502
9011001001400000,414,14010100711582265,,,0,3014010000313553233,22518
9011001001400000,414,14010100711582960,,,0,3014010000313553233,22830
9011001001400000,414,14010100711582993,,,0,3014010000313553233,22843
9011001001400000,414,14010100711583092,,,0,3014010000313553233,22874
9011001001400000,414,14010100711583189,,,0,3014010000313553233,22899
9011001001400000,414,14010100711765418,,,0,3014010000313553389,22755
9011001001400000,414,14010100711765480,,,0,3014010000313553389,22771
9011001001400000,385,14010100711766535,,,0,3014010000313553233,26305
9011001001400000,385,14010100711766724,,,0,3014010000313553233,26319
9011001001400000,385,14010100711766778,,,0,3014010000313553233,26323
9011001001400000,385,14010100711766940,,,0,3014010000313553233,26335
9011001001400000,385,14010100711766967,,,0,3014010000313553233,26337
9011001001400000,385,14010100711767102,,,0,3014010000313553233,26347
9011001001400000,385,14010100711767210,,,0,3014010000313553233,26355
9011001001400000,385,14010100711767264,,,0,3014010000313553233,26359
9011001001400000,385,14010100711767372,,,0,3014010000313553233,26367
9011001001400000,385,14010100711767399,,,0,3014010000313553233,26369
9011001001400000,385,14010100711767453,,,0,3014010000313553233,26373
9011001001700000,389,14010000702395539,,,1,3014010000437235035,14210
9011001001700000,389,14010000702395993,,,1,3014010000437235035,14236
9011001001700000,389,14010000702396870,,,1,3014010000437235035,14270
9011001001700000,412,14010000702397526,,,1,3014010000437235035,10482
9011001001700000,412,14010000702397745,,,1,3014010000437235035,10494
9011001001700000,412,14010000702397964,,,1,3014010000437235035,10506
9011001001700000,412,14010000702398401,,,1,3014010000437235035,10523
9011001001700000,412,14010000702398622,,,1,3014010000437235035,10531
9011001001700000,412,14010000702398842,,,1,3014010000437235035,10539
9011001001700000,389,14010000702395312,,,1,3014010000437235035,14198
9011001001700000,412,14010000702397090,,,1,3014010000437235035,10458
9011001001700000,412,14010000702397308,,,1,3014010000437235035,10470
9011001001700000,412,14010000702399939,,,1,3014010000437235035,10579
9011001001700000,412,14010000702400820,,,1,3014010000437235035,10611
9011001001700000,389,14010000702401479,,,1,3014010000437235035,14438
9011001001700000,389,14010000702401698,,,1,3014010000437235035,14446
9011001001700000,389,14010000702401918,,,1,3014010000437235035,14454
9011001001700000,389,14010000702402137,,,1,3014010000437235035,14462
9011001001700000,389,14010000702402355,,,1,3014010000437235035,14470
9011001001700000,389,14010000702402573,,,1,3014010000437235035,14478
9011001001700000,389,14010000702403663,,,1,3014010000437235035,14518
9011001001700000,389,14010000702404317,,,1,3014010000437235035,14542
9011001001700000,389,14010000702405408,,,1,3014010000437235035,14582
9011001001700000,389,14010000702406282,,,1,3014010000437235035,14614
9011001001700000,389,14010000702407375,,,1,3014010000437235035,14654
9011001001700000,412,14010000702399281,,,1,3014010000437235035,10555
9011001001700000,412,14010000702399719,,,1,3014010000437235035,10571
9011001001700000,412,14010000702400161,,,1,3014010000437235035,10587
9011001001700000,412,14010000702401260,,,1,3014010000437235035,10627
9011001001700000,389,14010000702404753,,,1,3014010000437235035,14558
9011001001700000,412,14010000702423605,,,1,3014010000563704076,10134
9011001001700000,412,14010000702424133,,,1,3014010000437235035,10164
9011001001700000,412,14010000702424729,,,1,3014010000563704076,10190
9011001001700000,412,14010000702425225,,,1,3014010000563704076,10207
9011001001700000,412,14010000702426497,,,1,3014010000437235035,10258
9011001001700000,389,14010000702407157,,,1,3014010000437235035,14646
9011001001700000,412,14010000702425006,,,1,3014010000563704076,10199
9011001001700000,412,14010000702425739,,,1,3014010000563704076,10228
9011001001700000,412,14010000702426691,,,1,3014010000437235035,10266
9011001001700000,412,14010000702432943,,,1,3014010000437235035,10679
9011001001700000,412,14010000702433904,,,1,3014010000437235035,10721
9011001001700000,412,14010000702434432,,,1,3014010000437235035,10741
9011001001700000,412,14010000702435019,,,1,3014010000437235035,10765
9011001001700000,412,14010000702436407,,,1,3014010000437235035,10817
9011001001700000,412,14010000702436808,,,1,3014010000563704076,10833
9011001001700000,412,14010000702438167,,,1,3014010000437235035,10882
9011001001700000,412,14010000702438602,,,1,3014010000563704076,10897
9011001001700000,412,14010000702438790,,,1,3014010000563704076,10904
9011001001700000,412,14010000702439766,,,1,3014010000437235035,10942
9011001001700000,412,14010000702439984,,,1,3014010000437235035,10951
9011001001700000,412,14010000702442746,,,1,3014010000437235035,11072
9011001001700000,412,14010000702442966,,,1,3014010000437235035,11082
9011001001700000,412,14010000702443406,,,1,3014010000437235035,11100
9011001001700000,414,14010000702456564,,,1,3014010000437235035,13260
9011001001700000,412,14010000702430903,,,1,3014010000437235035,10426
9011001001700000,412,14010000702431069,,,1,3014010000437235035,10434
9011001001700000,412,14010000702432244,,,1,3014010000437235035,10651
9011001001700000,412,14010000702434803,,,1,3014010000437235035,10755
9011001001700000,414,14010000702456782,,,1,3014010000437235035,13269
9011001001700000,414,14010000702457445,,,1,3014010000437235035,13293
9011001001700000,414,14010000702457664,,,1,3014010000437235035,13301
9011001001700000,412,14010000702442527,,,1,3014010000437235035,11060
9011001001700000,412,14010000702443186,,,1,3014010000437235035,11090
9011001001700000,412,14010000702444066,,,1,3014010000437235035,11126
9011001001700000,414,14010000702455663,,,1,3014010000437235035,13197
9011001001700000,414,14010000702455881,,,1,3014010000437235035,13215
9011001001700000,414,14010000702456345,,,1,3014010000437235035,13245
9011001001700000,414,14010000702457002,,,1,3014010000437235035,13277
9011001001700000,389,14010000702396212,,,1,3014010000437235035,14246
9011001001700000,389,14010000702396430,,,1,3014010000437235035,14254
9011001001700000,389,14010000702396650,,,1,3014010000437235035,14262
9011001001700000,412,14010000702399062,,,1,3014010000437235035,10547
9011001001700000,412,14010000702399500,,,1,3014010000437235035,10563
9011001001700000,412,14010000702400380,,,1,3014010000437235035,10595
9011001001700000,412,14010000702400600,,,1,3014010000437235035,10603
9011001001700000,389,14010000702403009,,,1,3014010000437235035,14494
9011001001700000,389,14010000702403445,,,1,3014010000437235035,14510
9011001001700000,389,14010000702403881,,,1,3014010000437235035,14526
9011001001700000,389,14010000702404535,,,1,3014010000437235035,14550
9011001001700000,389,14010000702404971,,,1,3014010000437235035,14566
9011001001700000,389,14010000702405846,,,1,3014010000437235035,14598
9011001001700000,389,14010000702406064,,,1,3014010000437235035,14606
9011001001700000,389,14010000702407596,,,1,3014010000437235035,14662
9011001001700000,412,14010000702422860,,,1,3014010000563704076,10087
9011001001700000,412,14010000702423164,,,1,3014010000563704076,10110
9011001001700000,412,14010000702424434,,,1,3014010000437235035,10178
9011001001700000,412,14010000702427172,,,1,3014010000563704076,10284
9011001001700000,412,14010000702428066,,,1,3014010000563704076,10315
9011001001700000,412,14010000702428963,,,1,3014010000563704076,10345
9011001001700000,412,14010000702429345,,,1,3014010000437235035,10359
9011001001700000,412,14010000702429525,,,1,3014010000437235035,10367
9011001001700000,412,14010000702429901,,,1,3014010000563704076,10382
9011001001700000,412,14010000702430177,,,1,3014010000437235035,10396
9011001001700000,412,14010000702431184,,,1,3014010000563704076,10439
9011001001700000,412,14010000702431808,,,1,3014010000437235035,10635
9011001001700000,412,14010000702433174,,,1,3014010000437235035,10689
9011001001700000,412,14010000702434170,,,1,3014010000437235035,10731
9011001001700000,412,14010000702434620,,,1,3014010000437235035,10747
9011001001700000,412,14010000702435514,,,1,3014010000437235035,10785
9011001001700000,412,14010000702440651,,,1,3014010000563704076,10977
9011001001700000,412,14010000702441604,,,1,3014010000437235035,11015
9011001001700000,412,14010000702443846,,,1,3014010000437235035,11117
9011001001700000,414,14010000702456163,,,1,3014010000437235035,13232
9011001001700000,414,14010000702457223,,,1,3014010000437235035,13285
9011001001700000,389,14010000702395750,,,1,3014010000437235035,14223
9011001001700000,412,14010000702398182,,,1,3014010000437235035,10514
9011001001700000,412,14010000702401040,,,1,3014010000437235035,10619
9011001001700000,389,14010000702402791,,,1,3014010000437235035,14486
9011001001700000,389,14010000702403227,,,1,3014010000437235035,14502
9011001001700000,389,14010000702404099,,,1,3014010000437235035,14534
9011001001700000,389,14010000702405190,,,1,3014010000437235035,14574
9011001001700000,389,14010000702405628,,,1,3014010000437235035,14590
9011001001700000,389,14010000702406500,,,1,3014010000437235035,14622
9011001001700000,389,14010000702406718,,,1,3014010000437235035,14630
9011001001700000,389,14010000702406938,,,1,3014010000437235035,14638
9011001001700000,389,14010000702407816,,,1,3014010000437235035,14670
9011001001700000,412,14010000702422655,,,1,3014010000563704076,10068
9011001001700000,412,14010000702425456,,,1,3014010000563704076,10218
9011001001700000,412,14010000702425969,,,1,3014010000563704076,10238
9011001001700000,412,14010000702427659,,,1,3014010000437235035,10302
9011001001700000,412,14010000702428525,,,1,3014010000437235035,10330
9011001001700000,412,14010000702431268,,,1,3014010000437235035,10447
9011001001700000,412,14010000702432026,,,1,3014010000437235035,10643
9011001001700000,412,14010000702432463,,,1,3014010000437235035,10659
9011001001700000,412,14010000702432682,,,1,3014010000437235035,10668
9011001001700000,412,14010000702433501,,,1,3014010000437235035,10703
9011001001700000,412,14010000702435281,,,1,3014010000437235035,10774
9011001001700000,412,14010000702435989,,,1,3014010000563704076,10801
9011001001700000,412,14010000702437269,,,1,3014010000437235035,10851
9011001001700000,412,14010000702437707,,,1,3014010000563704076,10867
9011001001700000,412,14010000702439243,,,1,3014010000437235035,10918
9011001001700000,412,14010000702440279,,,1,3014010000437235035,10961
9011001001700000,412,14010000702440911,,,1,3014010000437235035,10989
9011001001700000,412,14010000702442308,,,1,3014010000437235035,11047
9011001001700000,412,14010000702443625,,,1,3014010000437235035,11109
9011001001700000,414,14010000702457883,,,1,3014010000437235035,13309
9011001001700000,414,14010000702458064,,,1,3014010000437235035,13318
9011001001700000,389,14010000705745737,,,1,3014010000563704076,14066
9011001001700000,389,14010000705745887,,,1,3014010000563704076,14080
9011001001700000,389,14010000705746246,,,1,3014010000563704076,14103
9011001001700000,412,14010000711572019,,,1,3014010000437235479,10375
9011001001700000,412,14010000711572057,,,1,3014010000437235479,10391
9011001001700000,412,14010000711574430,,,1,3014010000437235479,11027
9011001001700000,412,14010000711574885,,,1,3014010000437234967,11142
9011001001700000,412,14010000711575060,,,1,3014010000437234967,11170
9011001001700000,412,14010000711575119,,,1,3014010000437234967,11180
9011001001700000,414,14010000711641899,,,1,3014010000437234967,13387
9011001001700000,389,14010000711647862,,,1,3014010000437234967,14686
9011001001700000,389,14010000711648208,,,1,3014010000437234967,14745
9011001001700000,389,14010000711648266,,,1,3014010000437234967,14755
9011001001700000,389,14010000711648498,,,1,3014010000437234967,14798
9011001001700000,389,14010000711648672,,,1,3014010000437234967,14828
9011001001700000,389,14010000711648730,,,1,3014010000437234967,14838
9011001001700000,389,14010000711648846,,,1,3014010000437234967,14858
9011001001700000,412,14010000711571651,,,1,3014010000437235479,10274
9011001001700000,412,14010000711571763,,,1,3014010000437235479,10308
9011001001700000,412,14010000711573729,,,1,3014010000437235479,10826
9011001001700000,412,14010000711573843,,,1,3014010000437235479,10858
9011001001700000,412,14010000711573955,,,1,3014010000437235479,10889
9011001001700000,412,14010000711574100,,,1,3014010000437235479,10925
9011001001700000,412,14010000711574284,,,1,3014010000437235479,10984
9011001001700000,414,14010000711641827,,,1,3014010000437234967,13355
9011001001700000,414,14010000711641862,,,1,3014010000437234967,13377
9011001001700000,389,14010000711646226,,,1,3014010000437234967,14177
9011001001700000,389,14010000711648034,,,1,3014010000437234967,14712
9011001001700000,389,14010000711648614,,,1,3014010000437234967,14818
9011001001700000,412,14010000711760250,,,1,3014010000437235303,10352
9011001001700000,412,14010000711760599,,,1,3014010000437235303,10715
9011001001700000,412,14010000711760760,,,1,3014010000437235303,10844
9011001001700000,412,14010000711760936,,,1,3014010000437235303,10934
9011001001700000,412,14010000711760996,,,1,3014010000437235303,10971
9011001001700000,389,14010000711648904,,,1,3014010000437234967,14869
9011001001700000,412,14010000711759890,,,1,3014010000437235303,10049
9011001001700000,412,14010000711759963,,,1,3014010000437235303,10147
9011001001700000,412,14010000711760130,,,1,3014010000437235303,10293
9011001001700000,412,14010000711760190,,,1,3014010000437235303,10323
9011001001700000,412,14010000711761103,,,1,3014010000437235303,11022
9011001001700000,389,14010000711914314,,,1,3014010000437234967,14152
9011001001700000,412,14010000711916920,,,1,3014010000315141809,11459
9011001001700000,412,14010000711573620,,,1,3014010000437235479,10793
9011001001700000,412,14010000711574320,,,1,3014010000437235479,10997
9011001001700000,412,14010000711574943,,,1,3014010000437234967,11150
9011001001700000,389,14010000711647920,,,1,3014010000437234967,14695
9011001001700000,389,14010000711648092,,,1,3014010000437234967,14724
9011001001700000,389,14010000711648150,,,1,3014010000437234967,14735
9011001001700000,389,14010000711648440,,,1,3014010000437234967,14787
9011001001700000,389,14010000711648556,,,1,3014010000437234967,14808
9011001001700000,389,14010000711648788,,,1,3014010000437234967,14848
9011001001700000,412,14010000711760321,,,1,3014010000437235303,10407
9011001001700000,412,14010000711760701,,,1,3014010000437235303,10809
9011001001700000,412,14010000711760885,,,1,3014010000437235303,10913
9011001001700000,412,14010000711761055,,,1,3014010000437235303,11006
9011001001700000,412,14010000711571874,,,1,3014010000437235479,10337
9011001001700000,412,14010000711574826,,,1,3014010000437234967,11134
9011001001700000,412,14010000711575001,,,1,3014010000437234967,11159
9011001001700000,414,14010000711641790,,,1,3014010000437234967,13326
9011001001700000,414,14010000711641935,,,1,3014010000437234967,13395
9011001001700000,389,14010000711646167,,,1,3014010000437234967,14163
9011001001700000,389,14010000711647803,,,1,3014010000437235715,14678
9011001001700000,389,14010000711647977,,,1,3014010000437234967,14703
9011001001700000,389,14010000711648324,,,1,3014010000437234967,14766
9011001001700000,389,14010000711648382,,,1,3014010000437234967,14777
9011001001700000,412,14010000711760062,,,1,3014010000437235303,10247
9011001001700000,412,14010000711760363,,,1,3014010000437235303,10417
9011001001700000,412,14010000711760819,,,1,3014010000437235303,10875
9011001001700000,412,14010000711761148,,,1,3014010000437235303,11039
9011001001700000,389,14010000711914249,,,1,3014010000437234967,14137
9011001001700000,412,14010000722686956,,,1,3014010000437235303,11334
9011001001700000,412,14010000722687068,,,1,3014010000315141809,11465
9011001001700000,389,14010000728217172,,,1,3014010000563704076,14093
9011001001700000,389,14010000728217482,,,1,3014010000563704076,14113
9011001001700000,412,14010000732404425,,,1,3014010000437234967,11248
9011001001700000,414,14010000732409785,,,1,3014010000437235479,13436
9011001001700000,412,14010000732404622,,,1,3014010000437235479,11296
9011001001700000,389,14010000732413176,,,1,3014010000437235479,14039
9011001001700000,389,14010000732413475,,,1,3014010000563704076,14123
9011001001700000,412,14010000732404327,,,1,3014010000437234967,11208
9011001001700000,412,14010000732404458,,,1,3014010000437234967,11264
9011001001700000,412,14010000732404757,,,1,3014010000315141809,11462
9011001001700000,414,14010000732409340,,,1,3014010000437235479,13405
9011001001700000,414,14010000732409489,,,1,3014010000437235479,13415
9011001001700000,414,14010000732409638,,,1,3014010000437235479,13425
9011001001700000,385,14010000732418441,,,1,3014010000437235479,16858
9011001001700000,412,14010000732404267,,,1,3014010000437234967,11191
9011001001700000,412,14010000732404391,,,1,3014010000437234967,11231
9011001001700000,412,14010000732404521,,,1,3014010000437234967,11276
9011001001700000,412,14010000732404584,,,1,3014010000437234967,11286
9011001001700000,389,14010000732413011,,,1,3014010000437235479,14019
9011001001700000,385,14010000732418546,,,1,3014010000437234967,16875
9011001001700000,385,14010000732418744,,,1,3014010000315141809,16983
9011001001700000,385,14010100702395750,,,1,3014010000437235035,16223
9011001001700000,385,14010100702396430,,,1,3014010000437235035,16254
9011001001700000,414,14010100702398622,,,1,3014010000437235035,12530
9011001001700000,414,14010100702399062,,,1,3014010000437235035,12546
9011001001700000,414,14010100702399500,,,1,3014010000437235035,12562
9011001001700000,414,14010100702400600,,,1,3014010000437235035,12602
9011001001700000,414,14010100702400820,,,1,3014010000437235035,12610
9011001001700000,414,14010100702401040,,,1,3014010000437235035,12618
9011001001700000,385,14010100702395539,,,1,3014010000437235035,16210
9011001001700000,385,14010100702396650,,,1,3014010000437235035,16262
9011001001700000,414,14010100702397090,,,1,3014010000437235035,12457
9011001001700000,414,14010100702397308,,,1,3014010000437235035,12469
9011001001700000,414,14010100702397526,,,1,3014010000437235035,12481
9011001001700000,414,14010100702398182,,,1,3014010000437235035,12513
9011001001700000,414,14010100702399719,,,1,3014010000437235035,12570
9011001001700000,385,14010100702401479,,,1,3014010000437235035,16438
9011001001700000,385,14010100702401698,,,1,3014010000437235035,16446
9011001001700000,385,14010100702401918,,,1,3014010000437235035,16454
9011001001700000,385,14010100702402355,,,1,3014010000437235035,16470
9011001001700000,385,14010100702395312,,,1,3014010000437235035,16198
9011001001700000,385,14010100702395993,,,1,3014010000437235035,16236
9011001001700000,385,14010100702396870,,,1,3014010000437235035,16270
9011001001700000,414,14010100702398842,,,1,3014010000437235035,12538
9011001001700000,414,14010100702400161,,,1,3014010000437235035,12586
9011001001700000,414,14010100702400380,,,1,3014010000437235035,12594
9011001001700000,385,14010100702402137,,,1,3014010000437235035,16462
9011001001700000,385,14010100702402573,,,1,3014010000437235035,16478
9011001001700000,385,14010100702402791,,,1,3014010000437235035,16486
9011001001700000,385,14010100702403445,,,1,3014010000437235035,16510
9011001001700000,385,14010100702404317,,,1,3014010000437235035,16542
9011001001700000,385,14010100702404535,,,1,3014010000437235035,16550
9011001001700000,385,14010100702404753,,,1,3014010000437235035,16558
9011001001700000,414,14010100702401260,,,1,3014010000437235035,12626
9011001001700000,385,14010100702404099,,,1,3014010000437235035,16534
9011001001700000,385,14010100702404971,,,1,3014010000437235035,16566
9011001001700000,385,14010100702405628,,,1,3014010000437235035,16590
9011001001700000,385,14010100702403227,,,1,3014010000437235035,16502
9011001001700000,385,14010100702403881,,,1,3014010000437235035,16526
9011001001700000,385,14010100702405190,,,1,3014010000437235035,16574
9011001001700000,385,14010100702406282,,,1,3014010000437235035,16614
9011001001700000,385,14010100702406500,,,1,3014010000437235035,16622
9011001001700000,385,14010100702407157,,,1,3014010000437235035,16646
9011001001700000,385,14010100702407375,,,1,3014010000437235035,16654
9011001001700000,385,14010100702407596,,,1,3014010000437235035,16662
9011001001700000,414,14010100702423605,,,1,3014010000563704076,12133
9011001001700000,414,14010100702425969,,,1,3014010000563704076,12237
9011001001700000,385,14010100702405846,,,1,3014010000437235035,16598
9011001001700000,385,14010100702406064,,,1,3014010000437235035,16606
9011001001700000,385,14010100702407816,,,1,3014010000437235035,16670
9011001001700000,414,14010100702423164,,,1,3014010000563704076,12109
9011001001700000,414,14010100702424729,,,1,3014010000563704076,12189
9011001001700000,414,14010100702425006,,,1,3014010000563704076,12198
9011001001700000,414,14010100702422860,,,1,3014010000563704076,12086
9011001001700000,414,14010100702424434,,,1,3014010000437235035,12177
9011001001700000,414,14010100702427172,,,1,3014010000563704076,12283
9011001001700000,414,14010100702427659,,,1,3014010000437235035,12301
9011001001700000,414,14010100702428066,,,1,3014010000563704076,12314
9011001001700000,414,14010100702430177,,,1,3014010000437235035,12395
9011001001700000,414,14010100702430903,,,1,3014010000437235035,12425
9011001001700000,414,14010100702432244,,,1,3014010000437235035,12650
9011001001700000,414,14010100702432682,,,1,3014010000437235035,12667
9011001001700000,414,14010100702425225,,,1,3014010000563704076,12206
9011001001700000,414,14010100702425739,,,1,3014010000563704076,12227
9011001001700000,414,14010100702426497,,,1,3014010000437235035,12257
9011001001700000,414,14010100702428525,,,1,3014010000437235035,12329
9011001001700000,414,14010100702431808,,,1,3014010000437235035,12634
9011001001700000,414,14010100702432026,,,1,3014010000437235035,12642
9011001001700000,414,14010100702429901,,,1,3014010000563704076,12381
9011001001700000,414,14010100702431069,,,1,3014010000437235035,12433
9011001001700000,414,14010100702431268,,,1,3014010000437235035,12446
9011001001700000,414,14010100702432463,,,1,3014010000437235035,12658
9011001001700000,414,14010100702432943,,,1,3014010000437235035,12678
9011001001700000,414,14010100702433501,,,1,3014010000437235035,12702
9011001001700000,414,14010100702434432,,,1,3014010000437235035,12740
9011001001700000,414,14010100702434620,,,1,3014010000437235035,12746
9011001001700000,414,14010100702433904,,,1,3014010000437235035,12720
9011001001700000,414,14010100702434803,,,1,3014010000437235035,12754
9011001001700000,414,14010100702435019,,,1,3014010000437235035,12764
9011001001700000,414,14010100702435989,,,1,3014010000563704076,12800
9011001001700000,414,14010100702438602,,,1,3014010000563704076,12896
9011001001700000,414,14010100702435281,,,1,3014010000437235035,12773
9011001001700000,414,14010100702435514,,,1,3014010000437235035,12784
9011001001700000,414,14010100702436407,,,1,3014010000437235035,12816
9011001001700000,414,14010100702437707,,,1,3014010000563704076,12866
9011001001700000,414,14010100702437269,,,1,3014010000437235035,12850
9011001001700000,414,14010100702438167,,,1,3014010000437235035,12881
9011001001700000,414,14010100702438790,,,1,3014010000563704076,12903
9011001001700000,414,14010100702440651,,,1,3014010000563704076,12976
9011001001700000,414,14010100702441604,,,1,3014010000437235035,13014
9011001001700000,414,14010100702439766,,,1,3014010000437235035,12941
9011001001700000,414,14010100702440279,,,1,3014010000437235035,12960
9011001001700000,414,14010100702443846,,,1,3014010000437235035,13116
9011001001700000,389,14010100702455663,,,1,3014010000437235035,14883
9011001001700000,389,14010100702456345,,,1,3014010000437235035,14930
9011001001700000,389,14010100702456564,,,1,3014010000437235035,14939
9011001001700000,389,14010100702457002,,,1,3014010000437235035,14955
9011001001700000,414,14010100702439243,,,1,3014010000437235035,12917
9011001001700000,414,14010100702439984,,,1,3014010000437235035,12950
9011001001700000,414,14010100702440911,,,1,3014010000437235035,12988
9011001001700000,414,14010100702442308,,,1,3014010000437235035,13046
9011001001700000,414,14010100702442527,,,1,3014010000437235035,13059
9011001001700000,414,14010100702442746,,,1,3014010000437235035,13071
9011001001700000,414,14010100702442966,,,1,3014010000437235035,13081
9011001001700000,414,14010100702443625,,,1,3014010000437235035,13108
9011001001700000,389,14010100702456782,,,1,3014010000437235035,14947
9011001001700000,389,14010100702457223,,,1,3014010000437235035,14963
9011001001700000,389,14010100702457445,,,1,3014010000437235035,14971
9011001001700000,389,14010100702457664,,,1,3014010000437235035,14979
9011001001700000,389,14010100702458064,,,1,3014010000437235035,14996
9011001001700000,385,14010100705745887,,,1,3014010000563704076,16080
9011001001700000,385,14010100705746246,,,1,3014010000563704076,16103
9011001001700000,385,14010100702396212,,,1,3014010000437235035,16246
9011001001700000,414,14010100702397745,,,1,3014010000437235035,12493
9011001001700000,414,14010100702397964,,,1,3014010000437235035,12505
9011001001700000,414,14010100702398401,,,1,3014010000437235035,12522
9011001001700000,414,14010100702399281,,,1,3014010000437235035,12554
9011001001700000,414,14010100702399939,,,1,3014010000437235035,12578
9011001001700000,385,14010100702403009,,,1,3014010000437235035,16494
9011001001700000,385,14010100702403663,,,1,3014010000437235035,16518
9011001001700000,385,14010100702405408,,,1,3014010000437235035,16582
9011001001700000,385,14010100702406718,,,1,3014010000437235035,16630
9011001001700000,385,14010100702406938,,,1,3014010000437235035,16638
9011001001700000,414,14010100702422655,,,1,3014010000563704076,12067
9011001001700000,414,14010100702424133,,,1,3014010000437235035,12163
9011001001700000,414,14010100702425456,,,1,3014010000563704076,12217
9011001001700000,414,14010100702426691,,,1,3014010000437235035,12265
9011001001700000,414,14010100711573620,,,1,3014010000437235479,12792
9011001001700000,414,14010100711575060,,,1,3014010000437234967,13169
9011001001700000,414,14010100711575119,,,1,3014010000437234967,13178
9011001001700000,385,14010100711647803,,,1,3014010000437235715,16678
9011001001700000,385,14010100711648208,,,1,3014010000437234967,16745
9011001001700000,414,14010100702428963,,,1,3014010000563704076,12344
9011001001700000,414,14010100702429345,,,1,3014010000437235035,12358
9011001001700000,414,14010100702429525,,,1,3014010000437235035,12366
9011001001700000,414,14010100702431184,,,1,3014010000563704076,12438
9011001001700000,414,14010100702433174,,,1,3014010000437235035,12688
9011001001700000,414,14010100702434170,,,1,3014010000437235035,12730
9011001001700000,414,14010100711571651,,,1,3014010000437235479,12273
9011001001700000,414,14010100711571763,,,1,3014010000437235479,12307
9011001001700000,414,14010100711572019,,,1,3014010000437235479,12374
9011001001700000,414,14010100711573843,,,1,3014010000437235479,12857
9011001001700000,414,14010100711573955,,,1,3014010000437235479,12888
9011001001700000,414,14010100711574100,,,1,3014010000437235479,12924
9011001001700000,414,14010100711574284,,,1,3014010000437235479,12983
9011001001700000,414,14010100711574943,,,1,3014010000437234967,13149
9011001001700000,414,14010100702436808,,,1,3014010000563704076,12832
9011001001700000,414,14010100702443186,,,1,3014010000437235035,13089
9011001001700000,389,14010100711641827,,,1,3014010000437234967,15028
9011001001700000,389,14010100711641862,,,1,3014010000437234967,15049
9011001001700000,385,14010100711648034,,,1,3014010000437234967,16713
9011001001700000,385,14010100711648092,,,1,3014010000437234967,16724
9011001001700000,385,14010100711648266,,,1,3014010000437234967,16755
9011001001700000,385,14010100711648324,,,1,3014010000437234967,16765
9011001001700000,385,14010100711648382,,,1,3014010000437234967,16777
9011001001700000,385,14010100711648614,,,1,3014010000437234967,16818
9011001001700000,385,14010100711648730,,,1,3014010000437234967,16838
9011001001700000,385,14010100711648904,,,1,3014010000437234967,16868
9011001001700000,414,14010100711760130,,,1,3014010000437235303,12292
9011001001700000,414,14010100711760250,,,1,3014010000437235303,12351
9011001001700000,414,14010100711760321,,,1,3014010000437235303,12406
9011001001700000,414,14010100711760760,,,1,3014010000437235303,12843
9011001001700000,414,14010100711761103,,,1,3014010000437235303,13021
9011001001700000,385,14010100711648440,,,1,3014010000437234967,16787
9011001001700000,385,14010100711648498,,,1,3014010000437234967,16798
9011001001700000,385,14010100711648556,,,1,3014010000437234967,16808
9011001001700000,385,14010100711648788,,,1,3014010000437234967,16848
9011001001700000,414,14010100711760599,,,1,3014010000437235303,12714
9011001001700000,414,14010100711760701,,,1,3014010000437235303,12808
9011001001700000,414,14010100711760819,,,1,3014010000437235303,12874
9011001001700000,414,14010100711760885,,,1,3014010000437235303,12912
9011001001700000,414,14010100711571874,,,1,3014010000437235479,12336
9011001001700000,414,14010100711572057,,,1,3014010000437235479,12390
9011001001700000,414,14010100711573729,,,1,3014010000437235479,12825
9011001001700000,414,14010100702443406,,,1,3014010000437235035,13099
9011001001700000,414,14010100702444066,,,1,3014010000437235035,13125
9011001001700000,389,14010100702455881,,,1,3014010000437235035,14899
9011001001700000,389,14010100702456163,,,1,3014010000437235035,14917
9011001001700000,389,14010100702457883,,,1,3014010000437235035,14987
9011001001700000,414,14010100711574320,,,1,3014010000437235479,12996
9011001001700000,414,14010100711574430,,,1,3014010000437235479,13026
9011001001700000,414,14010100711575001,,,1,3014010000437234967,13158
9011001001700000,389,14010100711641899,,,1,3014010000437234967,15058
9011001001700000,385,14010100711647862,,,1,3014010000437234967,16686
9011001001700000,385,14010100711647920,,,1,3014010000437234967,16695
9011001001700000,385,14010100711647977,,,1,3014010000437234967,16702
9011001001700000,414,14010100711760190,,,1,3014010000437235303,12322
9011001001700000,414,14010100711760936,,,1,3014010000437235303,12933
9011001001700000,414,14010100711761148,,,1,3014010000437235303,13038
9011001001700000,385,14010100722686956,,,1,3014010000437235303,17009
9011001001700000,385,14010100722687068,,,1,3014010000315141809,17020
9011001001700000,385,14010100728217172,,,1,3014010000563704076,16093
9011001001700000,385,14010100732404425,,,1,3014010000437234967,16926
9011001001700000,385,14010100732404521,,,1,3014010000437234967,16951
9011001001700000,389,14010100732409638,,,1,3014010000437235479,15096
9011001001700000,385,14010100732413176,,,1,3014010000437235479,16039
9011001001700000,385,14010100732413475,,,1,3014010000563704076,16123
9011001001700000,385,14010100732404391,,,1,3014010000437234967,16906
9011001001700000,385,14010100732404458,,,1,3014010000437234967,16940
9011001001700000,385,14010100732404584,,,1,3014010000437234967,16961
9011001001700000,385,14010100732404622,,,1,3014010000437235479,16971
9011001001700000,385,14010100732404757,,,1,3014010000315141809,16991
9011001001700000,389,14010100732409489,,,1,3014010000437235479,15086
9011001001700000,385,14010100732413011,,,1,3014010000437235479,16019
9011001001700000,385,14010100705745737,,,1,3014010000563704076,16066
9011001001700000,389,14010200702397090,,,1,3014010000437235035,14278
9011001001700000,389,14010200702397308,,,1,3014010000437235035,14286
9011001001700000,389,14010200702398622,,,1,3014010000437235035,14334
9011001001700000,389,14010200702399719,,,1,3014010000437235035,14374
9011001001700000,389,14010200702400820,,,1,3014010000437235035,14414
9011001001700000,389,14010200702401260,,,1,3014010000437235035,14430
9011001001700000,414,14010100711574826,,,1,3014010000437234967,13133
9011001001700000,414,14010100711574885,,,1,3014010000437234967,13141
9011001001700000,389,14010200702397745,,,1,3014010000437235035,14302
9011001001700000,389,14010200702398401,,,1,3014010000437235035,14326
9011001001700000,389,14010200702398842,,,1,3014010000437235035,14342
9011001001700000,389,14010200702399062,,,1,3014010000437235035,14350
9011001001700000,389,14010200702400380,,,1,3014010000437235035,14398
9011001001700000,389,14010200702400600,,,1,3014010000437235035,14406
9011001001700000,389,14010100711641790,,,1,3014010000437234967,15003
9011001001700000,389,14010100711641935,,,1,3014010000437234967,15066
9011001001700000,385,14010100711646167,,,1,3014010000437234967,16163
9011001001700000,385,14010100711646226,,,1,3014010000437234967,16177
9011001001700000,385,14010100711648150,,,1,3014010000437234967,16735
9011001001700000,385,14010100711648672,,,1,3014010000437234967,16828
9011001001700000,414,14010100711759890,,,1,3014010000437235303,12048
9011001001700000,414,14010100711759963,,,1,3014010000437235303,12146
9011001001700000,414,14010100711760062,,,1,3014010000437235303,12246
9011001001700000,414,14010100711760363,,,1,3014010000437235303,12416
9011001001700000,414,14010100711760996,,,1,3014010000437235303,12970
9011001001700000,414,14010100711761055,,,1,3014010000437235303,13005
9011001001700000,385,14010100711914249,,,1,3014010000437234967,16137
9011001001700000,385,14010100711914314,,,1,3014010000437234967,16152
9011001001700000,385,14010300702397308,,,1,3014010000437235035,16286
9011001001700000,385,14010300702398182,,,1,3014010000437235035,16318
9011001001700000,385,14010300702398622,,,1,3014010000437235035,16334
9011001001700000,385,14010300702400161,,,1,3014010000437235035,16390
9011001001700000,385,14010300702400380,,,1,3014010000437235035,16398
9011001001700000,385,14010300702400600,,,1,3014010000437235035,16406
9011001001700000,385,14010300702400820,,,1,3014010000437235035,16414
9011001001700000,385,14010300702398401,,,1,3014010000437235035,16326
9011001001700000,385,14010300702398842,,,1,3014010000437235035,16342
9011001001700000,385,14010300702399281,,,1,3014010000437235035,16358
9011001001700000,385,14010300702397526,,,1,3014010000437235035,16294
9011001001700000,385,14010300702397964,,,1,3014010000437235035,16310
9011001001700000,385,14010300702401040,,,1,3014010000437235035,16422
9011001001700000,385,14010300702399500,,,1,3014010000437235035,16366
9011001001700000,385,14010300702399719,,,1,3014010000437235035,16374
9011001001700000,385,14010300702401260,,,1,3014010000437235035,16430
9011001001700000,385,14010100728217482,,,1,3014010000563704076,16113
9011001001700000,385,14010100732404327,,,1,3014010000437234967,16888
9011001001700000,389,14010100732409340,,,1,3014010000437235479,15076
9011001001700000,389,14010100732409785,,,1,3014010000437235479,15107
9011001001700000,389,14010200702397526,,,1,3014010000437235035,14294
9011001001700000,389,14010200702397964,,,1,3014010000437235035,14310
9011001001700000,389,14010200702398182,,,1,3014010000437235035,14318
9011001001700000,389,14010200702399281,,,1,3014010000437235035,14358
9011001001700000,389,14010200702399500,,,1,3014010000437235035,14366
9011001001700000,389,14010200702399939,,,1,3014010000437235035,14382
9011001001700000,389,14010200702400161,,,1,3014010000437235035,14390
9011001001700000,389,14010200702401040,,,1,3014010000437235035,14422
9011001001700000,385,14010300702397090,,,1,3014010000437235035,16278
9011001001700000,385,14010300702397745,,,1,3014010000437235035,16302
9011001001700000,385,14010300702399062,,,1,3014010000437235035,16350
9011001001700000,385,14010300702399939,,,1,3014010000437235035,16382
9011001001700000,412,14010000702396715,,,0,3014010000537447905,10440
9011001001700000,412,14010000702397810,,,0,3014010000537447905,10500
9011001001700000,412,14010000702398468,,,0,3014010000537447905,10525
9011001001700000,389,14010000702396058,,,0,3014010000537447905,14239
9011001001700000,412,14010000702397373,,,0,3014010000537447905,10476
9011001001700000,412,14010000702398688,,,0,3014010000537447905,10533
9011001001700000,412,14010000702398908,,,0,3014010000537447905,10541
9011001001700000,412,14010000702399346,,,0,3014010000537447905,10557
9011001001700000,412,14010000702399785,,,0,3014010000537447905,10573
9011001001700000,412,14010000702400667,,,0,3014010000537447905,10605
9011001001700000,412,14010000702400886,,,0,3014010000537447905,10613
9011001001700000,412,14010000702401107,,,0,3014010000537447905,10622
9011001001700000,389,14010000702401764,,,0,3014010000537447905,14448
9011001001700000,389,14010000702402638,,,0,3014010000537447905,14480
9011001001700000,389,14010000702403510,,,0,3014010000537447905,14512
9011001001700000,389,14010000702404818,,,0,3014010000537447905,14560
9011001001700000,389,14010000702405255,,,0,3014010000537447905,14576
9011001001700000,389,14010000702405474,,,0,3014010000537447905,14584
9011001001700000,389,14010000702407004,,,0,3014010000537447905,14640
9011001001700000,389,14010000702407222,,,0,3014010000537447905,14648
9011001001700000,389,14010000702402856,,,0,3014010000537447905,14488
9011001001700000,389,14010000702403728,,,0,3014010000537447905,14520
9011001001700000,389,14010000702404382,,,0,3014010000537447905,14544
9011001001700000,389,14010000702405693,,,0,3014010000537447905,14592
9011001001700000,412,14010000702424578,,,0,3014010000563704170,10183
9011001001700000,412,14010000702424933,,,0,3014010000537447905,10195
9011001001700000,412,14010000702426349,,,0,3014010000548620112,10251
9011001001700000,412,14010000702426729,,,0,3014010000548620112,10267
9011001001700000,389,14010000702407441,,,0,3014010000537447905,14656
9011001001700000,389,14010000702407882,,,0,3014010000537447905,14672
9011001001700000,389,14010000702408102,,,0,3014010000537447905,14680
9011001001700000,389,14010000702408312,,,0,3014010000537447905,14688
9011001001700000,385,14010000702411980,,,0,3014010000563704123,16874
9011001001700000,412,14010000702422731,,,0,3014010000574329696,10074
9011001001700000,412,14010000702423122,,,0,3014010000548620112,10106
9011001001700000,412,14010000702423386,,,0,3014010000563704123,10120
9011001001700000,412,14010000702426051,,,0,3014010000548620112,10241
9011001001700000,412,14010000702426390,,,0,3014010000563704123,10252
9011001001700000,412,14010000702427210,,,0,3014010000548620112,10285
9011001001700000,412,14010000702428595,,,0,3014010000563704170,10333
9011001001700000,412,14010000702429040,,,0,3014010000537447905,10347
9011001001700000,412,14010000702429716,,,0,3014010000563704123,10373
9011001001700000,412,14010000702429930,,,0,3014010000563704170,10383
9011001001700000,412,14010000702430219,,,0,3014010000563704123,10395
9011001001700000,412,14010000702431685,,,0,3014010000537447905,10629
9011001001700000,412,14010000702432832,,,0,3014010000537447905,10673
9011001001700000,412,14010000702433318,,,0,3014010000548620112,10693
9011001001700000,412,14010000702433351,,,0,3014010000537447905,10696
9011001001700000,412,14010000702434737,,,0,3014010000563704123,10752
9011001001700000,412,14010000702435481,,,0,3014010000563704123,10783
9011001001700000,412,14010000702437748,,,0,3014010000563704123,10868
9011001001700000,412,14010000702439089,,,0,3014010000563704170,10914
9011001001700000,412,14010000702439863,,,0,3014010000563704170,10945
9011001001700000,412,14010000702440122,,,0,3014010000563704170,10956
9011001001700000,412,14010000702441932,,,0,3014010000537447905,11028
9011001001700000,412,14010000702442373,,,0,3014010000537447905,11053
9011001001700000,412,14010000702443032,,,0,3014010000537447905,11084
9011001001700000,412,14010000702444348,,,0,3014010000563704123,11136
9011001001700000,412,14010000702444555,,,0,3014010000563704123,11144
9011001001700000,414,14010000702455954,,,0,3014010000563704170,13221
9011001001700000,412,14010000702427243,,,0,3014010000537447905,10286
9011001001700000,412,14010000702428107,,,0,3014010000563704123,10316
9011001001700000,412,14010000702429407,,,0,3014010000563704170,10362
9011001001700000,412,14010000702430112,,,0,3014010000563704170,10393
9011001001700000,412,14010000702432572,,,0,3014010000537447905,10663
9011001001700000,412,14010000702433837,,,0,3014010000563704123,10718
9011001001700000,412,14010000702434586,,,0,3014010000537447905,10746
9011001001700000,412,14010000702434985,,,0,3014010000537447905,10764
9011001001700000,414,14010000702456969,,,0,3014010000563704123,13276
9011001001700000,414,14010000702457190,,,0,3014010000563704123,13284
9011001001700000,414,14010000702459133,,,0,3014010000537713867,13396
9011001001700000,389,14010000702464133,,,0,3014010000537713867,14737
9011001001700000,389,14010000702464929,,,0,3014010000537713867,14800
9011001001700000,389,14010000702465083,,,0,3014010000537713867,14810
9011001001700000,389,14010000702465237,,,0,3014010000537713867,14820
9011001001700000,389,14010000702465390,,,0,3014010000537713867,14830
9011001001700000,389,14010000702465543,,,0,3014010000537713867,14840
9011001001700000,389,14010000702465697,,,0,3014010000537713867,14850
9011001001700000,412,14010000702435212,,,0,3014010000563704123,10771
9011001001700000,412,14010000702436841,,,0,3014010000537447905,10835
9011001001700000,412,14010000702436882,,,0,3014010000563704123,10836
9011001001700000,412,14010000702439022,,,0,3014010000548620112,10911
9011001001700000,412,14010000702439541,,,0,3014010000537447905,10929
9011001001700000,412,14010000702441061,,,0,3014010000563704170,10995
9011001001700000,412,14010000702441281,,,0,3014010000563704170,11004
9011001001700000,412,14010000702441384,,,0,3014010000537447905,11009
9011001001700000,412,14010000702442592,,,0,3014010000537447905,11064
9011001001700000,412,14010000702442812,,,0,3014010000537447905,11075
9011001001700000,412,14010000702443912,,,0,3014010000537447905,11120
9011001001700000,412,14010000702444382,,,0,3014010000537447905,11137
9011001001700000,412,14010000702445102,,,0,3014010000563704123,11172
9011001001700000,414,14010000702456312,,,0,3014010000563704123,13244
9011001001700000,414,14010000702456531,,,0,3014010000563704123,13258
9011001001700000,414,14010000702456749,,,0,3014010000563704123,13268
9011001001700000,414,14010000702458491,,,0,3014010000537713867,13356
9011001001700000,414,14010000702458705,,,0,3014010000537713867,13378
9011001001700000,414,14010000702459335,,,0,3014010000537713867,13404
9011001001700000,389,14010000702464467,,,0,3014010000537713867,14768
9011001001700000,389,14010000702464776,,,0,3014010000537713867,14789
9011001001700000,389,14010000702466093,,,0,3014010000537713867,14872
9011001001700000,389,14010000702466214,,,0,3014010000537713867,14896
9011001001700000,389,14010000702395563,,,0,3014010000537713867,14213
9011001001700000,389,14010000702395628,,,0,3014010000537447905,14217
9011001001700000,389,14010000702395774,,,0,3014010000537713867,14225
9011001001700000,389,14010000702396277,,,0,3014010000537447905,14248
9011001001700000,389,14010000702396495,,,0,3014010000537447905,14256
9011001001700000,412,14010000702397155,,,0,3014010000537447905,10462
9011001001700000,389,14010000702397591,,,0,3014010000537447905,14296
9011001001700000,412,14010000702398029,,,0,3014010000537447905,10508
9011001001700000,412,14010000702398248,,,0,3014010000537447905,10516
9011001001700000,412,14010000702400006,,,0,3014010000537447905,10581
9011001001700000,412,14010000702400446,,,0,3014010000537447905,10597
9011001001700000,389,14010000702401325,,,0,3014010000537447905,14432
9011001001700000,389,14010000702401545,,,0,3014010000537447905,14440
9011001001700000,389,14010000702403292,,,0,3014010000537447905,14504
9011001001700000,389,14010000702403946,,,0,3014010000537447905,14528
9011001001700000,389,14010000702404164,,,0,3014010000537447905,14536
9011001001700000,389,14010000702404600,,,0,3014010000537447905,14552
9011001001700000,389,14010000702406347,,,0,3014010000537447905,14616
9011001001700000,389,14010000702407662,,,0,3014010000537447905,14664
9011001001700000,389,14010000702408836,,,0,3014010000537713867,14716
9011001001700000,412,14010000702422384,,,0,3014010000563704123,10032
9011001001700000,412,14010000702423021,,,0,3014010000537447905,10097
9011001001700000,412,14010000702425108,,,0,3014010000537447905,10204
9011001001700000,412,14010000702425698,,,0,3014010000563704170,10227
9011001001700000,412,14010000702426121,,,0,3014010000537447905,10244
9011001001700000,412,14010000702427700,,,0,3014010000563704123,10303
9011001001700000,412,14010000702427925,,,0,3014010000537447905,10310
9011001001700000,412,14010000702429634,,,0,3014010000563704170,10371
9011001001700000,412,14010000702431384,,,0,3014010000563704170,10498
9011001001700000,412,14010000702431873,,,0,3014010000537447905,10637
9011001001700000,412,14010000702432091,,,0,3014010000537447905,10645
9011001001700000,412,14010000702432309,,,0,3014010000537447905,10653
9011001001700000,412,14010000702433424,,,0,3014010000563704170,10698
9011001001700000,412,14010000702433641,,,0,3014010000537447905,10710
9011001001700000,412,14010000702434253,,,0,3014010000548620112,10733
9011001001700000,412,14010000702434952,,,0,3014010000563704123,10762
9011001001700000,412,14010000702435547,,,0,3014010000537447905,10784
9011001001700000,412,14010000702436030,,,0,3014010000563704123,10804
9011001001700000,412,14010000702436253,,,0,3014010000563704123,10810
9011001001700000,412,14010000702437307,,,0,3014010000548620112,10852
9011001001700000,412,14010000702438234,,,0,3014010000563704170,10885
9011001001700000,412,14010000702438643,,,0,3014010000563704123,10898
9011001001700000,412,14010000702442155,,,0,3014010000537447905,11040
9011001001700000,412,14010000702443472,,,0,3014010000537447905,11103
9011001001700000,412,14010000702444902,,,0,3014010000563704123,11161
9011001001700000,414,14010000702455848,,,0,3014010000563704123,13213
9011001001700000,414,14010000702456130,,,0,3014010000563704123,13231
9011001001700000,414,14010000702457412,,,0,3014010000563704123,13292
9011001001700000,414,14010000702457850,,,0,3014010000563704123,13308
9011001001700000,414,14010000702458919,,,0,3014010000537713867,13388
9011001001700000,389,14010000702464008,,,0,3014010000537713867,14726
9011001001700000,412,14010000702396935,,,0,3014010000537447905,10451
9011001001700000,412,14010000702399128,,,0,3014010000537447905,10549
9011001001700000,412,14010000702399565,,,0,3014010000537447905,10565
9011001001700000,412,14010000702400227,,,0,3014010000537447905,10589
9011001001700000,389,14010000702401983,,,0,3014010000537447905,14456
9011001001700000,389,14010000702402202,,,0,3014010000537447905,14464
9011001001700000,389,14010000702402420,,,0,3014010000537447905,14472
9011001001700000,389,14010000702403074,,,0,3014010000537447905,14496
9011001001700000,389,14010000702405036,,,0,3014010000537447905,14568
9011001001700000,389,14010000702405911,,,0,3014010000537447905,14600
9011001001700000,389,14010000702406129,,,0,3014010000537447905,14608
9011001001700000,389,14010000702406565,,,0,3014010000537447905,14624
9011001001700000,389,14010000702406784,,,0,3014010000537447905,14632
9011001001700000,412,14010000702413232,,,0,3014010000563704123,11288
9011001001700000,412,14010000702422715,,,0,3014010000537447905,10072
9011001001700000,412,14010000702423872,,,0,3014010000574329743,10149
9011001001700000,412,14010000702423977,,,0,3014010000574329872,10154
9011001001700000,412,14010000702424611,,,0,3014010000537447905,10184
9011001001700000,412,14010000702425521,,,0,3014010000563704170,10220
9011001001700000,412,14010000702425559,,,0,3014010000548620112,10222
9011001001700000,412,14010000702425669,,,0,3014010000537447905,10226
9011001001700000,412,14010000702427439,,,0,3014010000548620112,10294
9011001001700000,412,14010000702428371,,,0,3014010000563704123,10325
9011001001700000,412,14010000702430560,,,0,3014010000563704170,10413
9011001001700000,412,14010000702430826,,,0,3014010000548620112,10424
9011001001700000,412,14010000702431001,,,0,3014010000563704170,10430
9011001001700000,412,14010000702433204,,,0,3014010000563704170,10690
9011001001700000,412,14010000702433542,,,0,3014010000563704123,10705
9011001001700000,412,14010000702434770,,,0,3014010000537447905,10754
9011001001700000,412,14010000702435700,,,0,3014010000563704123,10790
9011001001700000,412,14010000702437336,,,0,3014010000563704170,10854
9011001001700000,412,14010000702437781,,,0,3014010000537447905,10869
9011001001700000,412,14010000702438205,,,0,3014010000548620112,10883
9011001001700000,412,14010000702438676,,,0,3014010000537447905,10899
9011001001700000,412,14010000702440340,,,0,3014010000563704170,10966
9011001001700000,412,14010000702440565,,,0,3014010000563704170,10974
9011001001700000,412,14010000702440834,,,0,3014010000563704170,10985
9011001001700000,412,14010000702441457,,,0,3014010000563704170,11011
9011001001700000,412,14010000702441539,,,0,3014010000548620112,11013
9011001001700000,412,14010000702443252,,,0,3014010000537447905,11093
9011001001700000,412,14010000702443691,,,0,3014010000537447905,11111
9011001001700000,412,14010000702444131,,,0,3014010000537447905,11128
9011001001700000,412,14010000702444729,,,0,3014010000563704123,11152
9011001001700000,414,14010000702455807,,,0,3014010000537713867,13212
9011001001700000,414,14010000702457631,,,0,3014010000563704123,13300
9011001001700000,389,14010000702464259,,,0,3014010000537713867,14747
9011001001700000,389,14010000702464343,,,0,3014010000537713867,14757
9011001001700000,389,14010000702464622,,,0,3014010000537713867,14779
9011001001700000,389,14010000702465852,,,0,3014010000537713867,14860
9011001001700000,389,14010000702466181,,,0,3014010000537713867,14881
9011001001700000,412,14010000705740114,,,0,3014010000537713867,11320
9011001001700000,389,14010000705745505,,,0,3014010000563704123,14041
9011001001700000,389,14010000705745661,,,0,3014010000563704123,14059
9011001001700000,389,14010000705745828,,,0,3014010000563704123,14074
9011001001700000,389,14010000705747158,,,0,3014010000537713867,14190
9011001001700000,389,14010000705747299,,,0,3014010000574329872,14230
9011001001700000,412,14010000705740309,,,0,3014010000537713867,11348
9011001001700000,412,14010000705740356,,,0,3014010000574329696,11368
9011001001700000,389,14010000705746563,,,0,3014010000563704123,14120
9011001001700000,389,14010000705747027,,,0,3014010000537713867,14157
9011001001700000,412,14010000705739008,,,0,3014010000563704123,11212
9011001001700000,412,14010000705739231,,,0,3014010000563704123,11250
9011001001700000,412,14010000705739375,,,0,3014010000563704123,11266
9011001001700000,412,14010000705739540,,,0,3014010000563704123,11278
9011001001700000,389,14010000705746188,,,0,3014010000563704123,14099
9011001001700000,389,14010000705746366,,,0,3014010000563704123,14109
9011001001700000,412,14010000705739107,,,0,3014010000563704123,11233
9011001001700000,389,14010000705746008,,,0,3014010000563704123,14089
9011001001700000,389,14010000705747122,,,0,3014010000537713867,14172
9011001001700000,389,14010000732413096,,,0,3014010000563704123,14031
9011001001700000,385,14010000732417244,,,0,3014010000563704123,16033
9011001001700000,412,14010000732404244,,,0,3014010000563704123,11190
9011001001700000,414,14010000732409305,,,0,3014010000563704123,13399
9011001001700000,414,14010000732409425,,,0,3014010000563704123,13409
9011001001700000,414,14010000732409574,,,0,3014010000563704123,13419
9011001001700000,414,14010000732409723,,,0,3014010000563704123,13429
9011001001700000,389,14010000732412963,,,0,3014010000563704123,14012
9011001001700000,385,14010000732418579,,,0,3014010000563704170,16882
9011001001700000,385,14010100702395563,,,0,3014010000537713867,16213
9011001001700000,385,14010100702396495,,,0,3014010000537447905,16256
9011001001700000,414,14010100702400886,,,0,3014010000537447905,12612
9011001001700000,385,14010100702396277,,,0,3014010000537447905,16248
9011001001700000,414,14010100702398248,,,0,3014010000537447905,12515
9011001001700000,414,14010100702398468,,,0,3014010000537447905,12524
9011001001700000,414,14010100702398688,,,0,3014010000537447905,12532
9011001001700000,414,14010100702399346,,,0,3014010000537447905,12556
9011001001700000,414,14010100702399785,,,0,3014010000537447905,12572
9011001001700000,414,14010100702400006,,,0,3014010000537447905,12580
9011001001700000,414,14010100702400667,,,0,3014010000537447905,12604
9011001001700000,385,14010100702401545,,,0,3014010000537447905,16440
9011001001700000,385,14010100702401764,,,0,3014010000537447905,16448
9011001001700000,385,14010100702402420,,,0,3014010000537447905,16472
9011001001700000,385,14010100702395628,,,0,3014010000537447905,16217
9011001001700000,414,14010100702396715,,,0,3014010000537447905,12439
9011001001700000,414,14010100702396935,,,0,3014010000537447905,12450
9011001001700000,414,14010100702397155,,,0,3014010000537447905,12461
9011001001700000,414,14010100702397810,,,0,3014010000537447905,12499
9011001001700000,414,14010100702398029,,,0,3014010000537447905,12507
9011001001700000,414,14010100702399128,,,0,3014010000537447905,12548
9011001001700000,414,14010100702400446,,,0,3014010000537447905,12596
9011001001700000,385,14010100702402202,,,0,3014010000537447905,16464
9011001001700000,385,14010100702402638,,,0,3014010000537447905,16480
9011001001700000,385,14010100702403292,,,0,3014010000537447905,16504
9011001001700000,385,14010100702403946,,,0,3014010000537447905,16528
9011001001700000,385,14010100702404164,,,0,3014010000537447905,16536
9011001001700000,385,14010100702404382,,,0,3014010000537447905,16544
9011001001700000,385,14010100702405255,,,0,3014010000537447905,16576
9011001001700000,414,14010100702401107,,,0,3014010000537447905,12621
9011001001700000,385,14010100702401325,,,0,3014010000537447905,16432
9011001001700000,385,14010100702402856,,,0,3014010000537447905,16488
9011001001700000,385,14010100702403510,,,0,3014010000537447905,16512
9011001001700000,385,14010100702404600,,,0,3014010000537447905,16552
9011001001700000,385,14010100702406129,,,0,3014010000537447905,16608
9011001001700000,385,14010100702406784,,,0,3014010000537447905,16632
9011001001700000,385,14010100702407441,,,0,3014010000537447905,16656
9011001001700000,385,14010100702407662,,,0,3014010000537447905,16664
9011001001700000,414,14010100702422384,,,0,3014010000563704123,12031
9011001001700000,385,14010100702407004,,,0,3014010000537447905,16640
9011001001700000,385,14010100702408312,,,0,3014010000537447905,16688
9011001001700000,385,14010100702408836,,,0,3014010000537713867,16715
9011001001700000,414,14010100702422731,,,0,3014010000574329696,12073
9011001001700000,414,14010100702423122,,,0,3014010000548620112,12105
9011001001700000,414,14010100702425559,,,0,3014010000548620112,12221
9011001001700000,414,14010100702426051,,,0,3014010000548620112,12240
9011001001700000,385,14010100702405474,,,0,3014010000537447905,16584
9011001001700000,385,14010100702408102,,,0,3014010000537447905,16680
9011001001700000,414,14010100702423021,,,0,3014010000537447905,12096
9011001001700000,414,14010100702423977,,,0,3014010000574329872,12153
9011001001700000,414,14010100702424578,,,0,3014010000563704170,12182
9011001001700000,414,14010100702423386,,,0,3014010000563704123,12119
9011001001700000,414,14010100702424611,,,0,3014010000537447905,12183
9011001001700000,414,14010100702424933,,,0,3014010000537447905,12195
9011001001700000,414,14010100702425108,,,0,3014010000537447905,12203
9011001001700000,414,14010100702426121,,,0,3014010000537447905,12243
9011001001700000,414,14010100702427700,,,0,3014010000563704123,12302
9011001001700000,414,14010100702428107,,,0,3014010000563704123,12315
9011001001700000,414,14010100702428371,,,0,3014010000563704123,12324
9011001001700000,414,14010100702429040,,,0,3014010000537447905,12346
9011001001700000,414,14010100702429634,,,0,3014010000563704170,12370
9011001001700000,414,14010100702431001,,,0,3014010000563704170,12429
9011001001700000,414,14010100702431384,,,0,3014010000563704170,12497
9011001001700000,414,14010100702432091,,,0,3014010000537447905,12644
9011001001700000,414,14010100702432572,,,0,3014010000537447905,12662
9011001001700000,414,14010100702425521,,,0,3014010000563704170,12219
9011001001700000,414,14010100702425698,,,0,3014010000563704170,12226
9011001001700000,414,14010100702426729,,,0,3014010000548620112,12266
9011001001700000,414,14010100702429716,,,0,3014010000563704123,12372
9011001001700000,414,14010100702429930,,,0,3014010000563704170,12382
9011001001700000,414,14010100702431685,,,0,3014010000537447905,12628
9011001001700000,414,14010100702430826,,,0,3014010000548620112,12423
9011001001700000,414,14010100702432832,,,0,3014010000537447905,12672
9011001001700000,414,14010100702434586,,,0,3014010000537447905,12745
9011001001700000,414,14010100702434985,,,0,3014010000537447905,12763
9011001001700000,414,14010100702435212,,,0,3014010000563704123,12770
9011001001700000,414,14010100702433351,,,0,3014010000537447905,12695
9011001001700000,414,14010100702433424,,,0,3014010000563704170,12697
9011001001700000,414,14010100702433837,,,0,3014010000563704123,12717
9011001001700000,414,14010100702434253,,,0,3014010000548620112,12732
9011001001700000,414,14010100702436253,,,0,3014010000563704123,12809
9011001001700000,414,14010100702437307,,,0,3014010000548620112,12851
9011001001700000,414,14010100702437748,,,0,3014010000563704123,12867
9011001001700000,414,14010100702438676,,,0,3014010000537447905,12898
9011001001700000,414,14010100702432309,,,0,3014010000537447905,12652
9011001001700000,414,14010100702433318,,,0,3014010000548620112,12692
9011001001700000,414,14010100702433542,,,0,3014010000563704123,12704
9011001001700000,414,14010100702433641,,,0,3014010000537447905,12709
9011001001700000,414,14010100702435481,,,0,3014010000563704123,12782
9011001001700000,414,14010100702435700,,,0,3014010000563704123,12789
9011001001700000,414,14010100702436841,,,0,3014010000537447905,12835
9011001001700000,414,14010100702437336,,,0,3014010000563704170,12853
9011001001700000,414,14010100702438234,,,0,3014010000563704170,12884
9011001001700000,414,14010100702436030,,,0,3014010000563704123,12803
9011001001700000,414,14010100702436882,,,0,3014010000563704123,12834
9011001001700000,414,14010100702437781,,,0,3014010000537447905,12868
9011001001700000,414,14010100702438205,,,0,3014010000548620112,12882
9011001001700000,414,14010100702438643,,,0,3014010000563704123,12897
9011001001700000,414,14010100702439022,,,0,3014010000548620112,12910
9011001001700000,414,14010100702439089,,,0,3014010000563704170,12913
9011001001700000,414,14010100702439541,,,0,3014010000537447905,12928
9011001001700000,414,14010100702440834,,,0,3014010000563704170,12984
9011001001700000,414,14010100702441061,,,0,3014010000563704170,12994
9011001001700000,414,14010100702441539,,,0,3014010000548620112,13012
9011001001700000,414,14010100702441281,,,0,3014010000563704170,13003
9011001001700000,414,14010100702441384,,,0,3014010000537447905,13008
9011001001700000,414,14010100702443032,,,0,3014010000537447905,13083
9011001001700000,414,14010100702443472,,,0,3014010000537447905,13102
9011001001700000,414,14010100702444131,,,0,3014010000537447905,13127
9011001001700000,414,14010100702444729,,,0,3014010000563704123,13151
9011001001700000,389,14010100702456130,,,0,3014010000563704123,14915
9011001001700000,389,14010100702456749,,,0,3014010000563704123,14946
9011001001700000,414,14010100702440565,,,0,3014010000563704170,12973
9011001001700000,414,14010100702441457,,,0,3014010000563704170,13010
9011001001700000,414,14010100702441932,,,0,3014010000537447905,13027
9011001001700000,414,14010100702442373,,,0,3014010000537447905,13052
9011001001700000,414,14010100702444382,,,0,3014010000537447905,13136
9011001001700000,414,14010100702444555,,,0,3014010000563704123,13143
9011001001700000,414,14010100702444902,,,0,3014010000563704123,13160
9011001001700000,389,14010100702455954,,,0,3014010000563704170,14904
9011001001700000,389,14010100702457190,,,0,3014010000563704123,14962
9011001001700000,414,14010100702442155,,,0,3014010000537447905,13039
9011001001700000,414,14010100702442592,,,0,3014010000537447905,13063
9011001001700000,414,14010100702442812,,,0,3014010000537447905,13074
9011001001700000,414,14010100702443691,,,0,3014010000537447905,13110
9011001001700000,389,14010100702456312,,,0,3014010000563704123,14928
9011001001700000,389,14010100702456531,,,0,3014010000563704123,14938
9011001001700000,389,14010100702456969,,,0,3014010000563704123,14954
9011001001700000,389,14010100702457631,,,0,3014010000563704123,14978
9011001001700000,389,14010100702458491,,,0,3014010000537713867,15030
9011001001700000,389,14010100702459335,,,0,3014010000537713867,15075
9011001001700000,385,14010100702464622,,,0,3014010000537713867,16779
9011001001700000,385,14010100702465390,,,0,3014010000537713867,16830
9011001001700000,385,14010100702465543,,,0,3014010000537713867,16840
9011001001700000,385,14010100702466093,,,0,3014010000537713867,16871
9011001001700000,385,14010100702464008,,,0,3014010000537713867,16726
9011001001700000,385,14010100702464133,,,0,3014010000537713867,16737
9011001001700000,385,14010100702464259,,,0,3014010000537713867,16747
9011001001700000,385,14010100702464929,,,0,3014010000537713867,16800
9011001001700000,385,14010100702465083,,,0,3014010000537713867,16810
9011001001700000,385,14010100702465237,,,0,3014010000537713867,16820
9011001001700000,385,14010100702465697,,,0,3014010000537713867,16850
9011001001700000,389,14010100702457412,,,0,3014010000563704123,14970
9011001001700000,389,14010100702459133,,,0,3014010000537713867,15067
9011001001700000,385,14010100702464343,,,0,3014010000537713867,16757
9011001001700000,385,14010100702464776,,,0,3014010000537713867,16789
9011001001700000,385,14010100702465852,,,0,3014010000537713867,16860
9011001001700000,385,14010100702466181,,,0,3014010000537713867,16880
9011001001700000,385,14010100705739107,,,0,3014010000563704123,16909
9011001001700000,385,14010100705739540,,,0,3014010000563704123,16953
9011001001700000,385,14010100705740114,,,0,3014010000537713867,16995
9011001001700000,385,14010100705745505,,,0,3014010000563704123,16041
9011001001700000,385,14010100705745661,,,0,3014010000563704123,16059
9011001001700000,385,14010100705746563,,,0,3014010000563704123,16120
9011001001700000,385,14010100705747122,,,0,3014010000537713867,16172
9011001001700000,385,14010100705747299,,,0,3014010000574329872,16230
9011001001700000,385,14010100705740309,,,0,3014010000537713867,17023
9011001001700000,385,14010100705740356,,,0,3014010000574329696,17043
9011001001700000,385,14010100705745828,,,0,3014010000563704123,16074
9011001001700000,385,14010100705746008,,,0,3014010000563704123,16089
9011001001700000,385,14010100705747158,,,0,3014010000537713867,16190
9011001001700000,385,14010100705739008,,,0,3014010000563704123,16892
9011001001700000,385,14010100705739231,,,0,3014010000563704123,16928
9011001001700000,385,14010100702395774,,,0,3014010000537713867,16225
9011001001700000,385,14010100702396058,,,0,3014010000537447905,16239
9011001001700000,414,14010100702397373,,,0,3014010000537447905,12475
9011001001700000,385,14010100702397591,,,0,3014010000537447905,16296
9011001001700000,414,14010100702398908,,,0,3014010000537447905,12540
9011001001700000,414,14010100702399565,,,0,3014010000537447905,12564
9011001001700000,414,14010100702400227,,,0,3014010000537447905,12588
9011001001700000,385,14010100702401983,,,0,3014010000537447905,16456
9011001001700000,385,14010100702403074,,,0,3014010000537447905,16496
9011001001700000,385,14010100702403728,,,0,3014010000537447905,16520
9011001001700000,385,14010100702404818,,,0,3014010000537447905,16560
9011001001700000,385,14010100702405036,,,0,3014010000537447905,16568
9011001001700000,385,14010100702405693,,,0,3014010000537447905,16592
9011001001700000,385,14010100702405911,,,0,3014010000537447905,16600
9011001001700000,385,14010100702406347,,,0,3014010000537447905,16616
9011001001700000,385,14010100702406565,,,0,3014010000537447905,16624
9011001001700000,385,14010100702407222,,,0,3014010000537447905,16648
9011001001700000,385,14010100702407882,,,0,3014010000537447905,16672
9011001001700000,385,14010100702413232,,,0,3014010000563704123,16963
9011001001700000,414,14010100702422715,,,0,3014010000537447905,12072
9011001001700000,414,14010100702423872,,,0,3014010000574329743,12148
9011001001700000,414,14010100702425669,,,0,3014010000537447905,12225
9011001001700000,414,14010100702426349,,,0,3014010000548620112,12250
9011001001700000,414,14010100702426390,,,0,3014010000563704123,12251
9011001001700000,414,14010100702427210,,,0,3014010000548620112,12284
9011001001700000,414,14010100702427243,,,0,3014010000537447905,12285
9011001001700000,414,14010100702427439,,,0,3014010000548620112,12293
9011001001700000,414,14010100702427925,,,0,3014010000537447905,12309
9011001001700000,414,14010100702428595,,,0,3014010000563704170,12332
9011001001700000,414,14010100702429407,,,0,3014010000563704170,12361
9011001001700000,414,14010100702430112,,,0,3014010000563704170,12392
9011001001700000,414,14010100702430219,,,0,3014010000563704123,12394
9011001001700000,414,14010100702430560,,,0,3014010000563704170,12412
9011001001700000,414,14010100702431873,,,0,3014010000537447905,12636
9011001001700000,414,14010100702433204,,,0,3014010000563704170,12689
9011001001700000,414,14010100702434737,,,0,3014010000563704123,12751
9011001001700000,414,14010100702434770,,,0,3014010000537447905,12753
9011001001700000,414,14010100702434952,,,0,3014010000563704123,12761
9011001001700000,414,14010100702435547,,,0,3014010000537447905,12783
9011001001700000,414,14010100702439863,,,0,3014010000563704170,12944
9011001001700000,414,14010100702440122,,,0,3014010000563704170,12955
9011001001700000,414,14010100702440340,,,0,3014010000563704170,12965
9011001001700000,414,14010100702443252,,,0,3014010000537447905,13092
9011001001700000,414,14010100702443912,,,0,3014010000537447905,13119
9011001001700000,414,14010100702444348,,,0,3014010000563704123,13135
9011001001700000,414,14010100702445102,,,0,3014010000563704123,13171
9011001001700000,389,14010100702455848,,,0,3014010000563704123,14898
9011001001700000,389,14010100702457850,,,0,3014010000563704123,14986
9011001001700000,389,14010100702458705,,,0,3014010000537713867,15050
9011001001700000,389,14010100702458919,,,0,3014010000537713867,15059
9011001001700000,385,14010100702464467,,,0,3014010000537713867,16767
9011001001700000,389,14010100732409305,,,0,3014010000563704123,15070
9011001001700000,389,14010100732409425,,,0,3014010000563704123,15080
9011001001700000,385,14010100732412963,,,0,3014010000563704123,16012
9011001001700000,389,14010100732409574,,,0,3014010000563704123,15090
9011001001700000,389,14010100732409723,,,0,3014010000563704123,15100
9011001001700000,385,14010100705739375,,,0,3014010000563704123,16942
9011001001700000,385,14010100705746188,,,0,3014010000563704123,16099
9011001001700000,385,14010100705746366,,,0,3014010000563704123,16109
9011001001700000,385,14010100705747027,,,0,3014010000537713867,16157
9011001001700000,389,14010200702398468,,,0,3014010000537447905,14328
9011001001700000,389,14010200702399785,,,0,3014010000537447905,14376
9011001001700000,389,14010200702400446,,,0,3014010000537447905,14400
9011001001700000,389,14010200702400667,,,0,3014010000537447905,14408
9011001001700000,389,14010200702397373,,,0,3014010000537447905,14288
9011001001700000,389,14010200702399346,,,0,3014010000537447905,14360
9011001001700000,389,14010200702399565,,,0,3014010000537447905,14368
9011001001700000,389,14010200702400886,,,0,3014010000537447905,14416
9011001001700000,389,14010200702396715,,,0,3014010000537447905,14264
9011001001700000,389,14010200702396935,,,0,3014010000537447905,14272
9011001001700000,389,14010200702397155,,,0,3014010000537447905,14280
9011001001700000,389,14010200702397810,,,0,3014010000537447905,14304
9011001001700000,389,14010200702398248,,,0,3014010000537447905,14320
9011001001700000,389,14010200702398688,,,0,3014010000537447905,14336
9011001001700000,389,14010200702399128,,,0,3014010000537447905,14352
9011001001700000,389,14010200702400227,,,0,3014010000537447905,14392
9011001001700000,385,14010300702396715,,,0,3014010000537447905,16264
9011001001700000,385,14010300702396935,,,0,3014010000537447905,16272
9011001001700000,385,14010300702397810,,,0,3014010000537447905,16304
9011001001700000,385,14010300702399128,,,0,3014010000537447905,16352
9011001001700000,385,14010300702399346,,,0,3014010000537447905,16360
9011001001700000,385,14010300702400006,,,0,3014010000537447905,16384
9011001001700000,385,14010300702400227,,,0,3014010000537447905,16392
9011001001700000,385,14010300702400667,,,0,3014010000537447905,16408
9011001001700000,385,14010300702397155,,,0,3014010000537447905,16280
9011001001700000,385,14010300702398029,,,0,3014010000537447905,16312
9011001001700000,385,14010300702398908,,,0,3014010000537447905,16344
9011001001700000,385,14010300702398468,,,0,3014010000537447905,16328
9011001001700000,385,14010300702399785,,,0,3014010000537447905,16376
9011001001700000,385,14010300702400446,,,0,3014010000537447905,16400
9011001001700000,385,14010300702401107,,,0,3014010000537447905,16424
9011001001700000,385,14010300702399565,,,0,3014010000537447905,16368
9011001001700000,389,14010200702398029,,,0,3014010000537447905,14312
9011001001700000,389,14010200702398908,,,0,3014010000537447905,14344
9011001001700000,389,14010200702400006,,,0,3014010000537447905,14384
9011001001700000,389,14010200702401107,,,0,3014010000537447905,14424
9011001001700000,385,14010300702397373,,,0,3014010000537447905,16288
9011001001700000,385,14010300702398248,,,0,3014010000537447905,16320
9011001001700000,385,14010300702398688,,,0,3014010000537447905,16336
9011001001700000,385,14010300702400886,,,0,3014010000537447905,16416
9011001001800000,412,14010000702423065,,,1,3014010000537448033,10099
9011001001800000,412,14010000702425261,,,1,3014010000437235214,10208
9011001001800000,412,14010000702413971,,,1,3014010000537448033,11347
9011001001800000,412,14010000702423345,,,1,3014010000537448033,10117
9011001001800000,412,14010000702424177,,,1,3014010000537448033,10166
9011001001800000,412,14010000702425492,,,1,3014010000437235214,10219
9011001001800000,412,14010000702429084,,,1,3014010000537448033,10348
9011001001800000,412,14010000702429492,,,1,3014010000437235074,10364
9011001001800000,412,14010000702430018,,,1,3014010000537448033,10386
9011001001800000,412,14010000702435398,,,1,3014010000437235074,10779
9011001001800000,412,14010000702436294,,,1,3014010000437235074,10814
9011001001800000,412,14010000702437372,,,1,3014010000437235214,10855
9011001001800000,412,14010000702440093,,,1,3014010000437235074,10953
9011001001800000,412,14010000702440731,,,1,3014010000537448033,10979
9011001001800000,412,14010000702427513,,,1,3014010000437235074,10297
9011001001800000,412,14010000702429675,,,1,3014010000437235074,10372
9011001001800000,412,14010000702429818,,,1,3014010000437235214,10379
9011001001800000,412,14010000702430264,,,1,3014010000537448033,10397
9011001001800000,414,14010000702459211,,,1,3014010000537448033,13398
9011001001800000,389,14010000702466464,,,1,3014010000437235214,15000
9011001001800000,412,14010000702435659,,,1,3014010000437235214,10788
9011001001800000,412,14010000702436106,,,1,3014010000537448033,10806
9011001001800000,412,14010000702436443,,,1,3014010000437235214,10820
9011001001800000,412,14010000702437111,,,1,3014010000437235074,10846
9011001001800000,412,14010000702438009,,,1,3014010000437235074,10877
9011001001800000,412,14010000702440210,,,1,3014010000537448033,10958
9011001001800000,412,14010000702440421,,,1,3014010000437235214,10968
9011001001800000,412,14010000702441640,,,1,3014010000437235214,11017
9011001001800000,414,14010000702458361,,,1,3014010000537448033,13338
9011001001800000,414,14010000702458573,,,1,3014010000537448033,13367
9011001001800000,414,14010000702458787,,,1,3014010000537448033,13381
9011001001800000,414,14010000702459001,,,1,3014010000537448033,13390
9011001001800000,412,14010000702423649,,,1,3014010000537448033,10137
9011001001800000,412,14010000702423944,,,1,3014010000537448033,10151
9011001001800000,412,14010000702424519,,,1,3014010000537448033,10180
9011001001800000,412,14010000702424812,,,1,3014010000437235074,10192
9011001001800000,412,14010000702425043,,,1,3014010000437235214,10200
9011001001800000,412,14010000702426431,,,1,3014010000437235074,10254
9011001001800000,412,14010000702426573,,,1,3014010000537448033,10260
9011001001800000,412,14010000702426834,,,1,3014010000437235214,10271
9011001001800000,412,14010000702427287,,,1,3014010000537448033,10288
9011001001800000,412,14010000702427777,,,1,3014010000437235214,10305
9011001001800000,412,14010000702428412,,,1,3014010000437235074,10326
9011001001800000,412,14010000702428631,,,1,3014010000437235214,10334
9011001001800000,412,14010000702430412,,,1,3014010000437235214,10405
9011001001800000,412,14010000702438270,,,1,3014010000437235214,10886
9011001001800000,412,14010000702439357,,,1,3014010000437235214,10923
9011001001800000,412,14010000702439951,,,1,3014010000537448033,10947
9011001001800000,412,14010000702440988,,,1,3014010000437235074,10990
9011001001800000,412,14010000702441097,,,1,3014010000437235214,10996
9011001001800000,412,14010000702441869,,,1,3014010000437235214,11026
9011001001800000,412,14010000702422775,,,1,3014010000537448033,10075
9011001001800000,412,14010000702425775,,,1,3014010000437235214,10231
9011001001800000,412,14010000702425896,,,1,3014010000537448033,10236
9011001001800000,412,14010000702428151,,,1,3014010000537448033,10317
9011001001800000,412,14010000702429274,,,1,3014010000537448033,10355
9011001001800000,412,14010000702430870,,,1,3014010000537448033,10425
9011001001800000,412,14010000702436926,,,1,3014010000537448033,10838
9011001001800000,412,14010000702437825,,,1,3014010000537448033,10870
9011001001800000,412,14010000702438984,,,1,3014010000537448033,10909
9011001001800000,389,14010000702466367,,,1,3014010000437235214,14982
9011001001800000,389,14010000705745549,,,1,3014010000537448033,14043
9011001001800000,412,14010000705739737,,,1,3014010000437235074,11289
9011001001800000,412,14010000711572313,,,1,3014010000437234997,10460
9011001001800000,412,14010000711572349,,,1,3014010000437234997,10472
9011001001800000,412,14010000711572496,,,1,3014010000437234997,10515
9011001001800000,412,14010000711572533,,,1,3014010000437234997,10524
9011001001800000,412,14010000711572718,,,1,3014010000437234997,10564
9011001001800000,412,14010000711573389,,,1,3014010000437234997,10729
9011001001800000,412,14010000711573496,,,1,3014010000437234997,10751
9011001001800000,412,14010000711573876,,,1,3014010000437234997,10864
9011001001800000,412,14010000711574024,,,1,3014010000437234997,10901
9011001001800000,412,14010000711574065,,,1,3014010000437234997,10915
9011001001800000,412,14010000711574687,,,1,3014010000437234997,11102
9011001001800000,412,14010000711574724,,,1,3014010000437234997,11110
9011001001800000,412,14010000711574761,,,1,3014010000437234997,11119
9011001001800000,412,14010000711574916,,,1,3014010000437234997,11143
9011001001800000,412,14010000711574974,,,1,3014010000437234997,11151
9011001001800000,414,14010000711641298,,,1,3014010000437234997,13205
9011001001800000,414,14010000711641339,,,1,3014010000437234997,13222
9011001001800000,414,14010000711641424,,,1,3014010000437234997,13250
9011001001800000,414,14010000711641509,,,1,3014010000437234997,13272
9011001001800000,389,14010000711646294,,,1,3014010000437234997,14200
9011001001800000,389,14010000711646439,,,1,3014010000437234997,14247
9011001001800000,389,14010000711646511,,,1,3014010000437234997,14263
9011001001800000,389,14010000711646795,,,1,3014010000437234997,14455
9011001001800000,389,14010000711646831,,,1,3014010000437234997,14463
9011001001800000,389,14010000711646975,,,1,3014010000437234997,14495
9011001001800000,389,14010000711647155,,,1,3014010000437234997,14535
9011001001800000,389,14010000711647443,,,1,3014010000437234997,14599
9011001001800000,389,14010000711647695,,,1,3014010000437234997,14655
9011001001800000,389,14010000711647835,,,1,3014010000437234997,14679
9011001001800000,389,14010000711648124,,,1,3014010000437234997,14727
9011001001800000,389,14010000711648240,,,1,3014010000437234997,14748
9011001001800000,389,14010000711648646,,,1,3014010000437234997,14821
9011001001800000,389,14010000711648762,,,1,3014010000437234997,14841
9011001001800000,412,14010000711571028,,,1,3014010000494517242,10050
9011001001800000,412,14010000711571571,,,1,3014010000437234997,10246
9011001001800000,412,14010000711572206,,,1,3014010000437234997,10432
9011001001800000,412,14010000711572240,,,1,3014010000437234997,10438
9011001001800000,412,14010000711572755,,,1,3014010000437234997,10572
9011001001800000,412,14010000711572792,,,1,3014010000437234997,10580
9011001001800000,412,14010000711572866,,,1,3014010000437234997,10596
9011001001800000,412,14010000711572903,,,1,3014010000437234997,10604
9011001001800000,412,14010000711572940,,,1,3014010000437234997,10612
9011001001800000,412,14010000711573014,,,1,3014010000437234997,10628
9011001001800000,412,14010000711573162,,,1,3014010000437234997,10661
9011001001800000,412,14010000711573275,,,1,3014010000437234997,10692
9011001001800000,412,14010000711574613,,,1,3014010000437234997,11083
9011001001800000,412,14010000711574798,,,1,3014010000437234997,11127
9011001001800000,412,14010000711574857,,,1,3014010000437234997,11135
9011001001800000,412,14010000711575032,,,1,3014010000437234997,11160
9011001001800000,412,14010000711575091,,,1,3014010000437234997,11171
9011001001800000,412,14010000711575389,,,1,3014010000437234997,11251
9011001001800000,414,14010000711641255,,,1,3014010000437234997,13187
9011001001800000,414,14010000711641467,,,1,3014010000437234997,13263
9011001001800000,414,14010000711641635,,,1,3014010000437234997,13296
9011001001800000,414,14010000711641677,,,1,3014010000437234997,13304
9011001001800000,414,14010000711641766,,,1,3014010000437234997,13322
9011001001800000,389,14010000711646367,,,1,3014010000437234997,14227
9011001001800000,389,14010000711646687,,,1,3014010000437234997,14431
9011001001800000,389,14010000711646759,,,1,3014010000437234997,14447
9011001001800000,389,14010000711646903,,,1,3014010000437234997,14479
9011001001800000,389,14010000711647047,,,1,3014010000437234997,14511
9011001001800000,389,14010000711647083,,,1,3014010000437234997,14519
9011001001800000,389,14010000711647191,,,1,3014010000437234997,14543
9011001001800000,389,14010000711647227,,,1,3014010000437234997,14551
9011001001800000,389,14010000711647299,,,1,3014010000437234997,14567
9011001001800000,389,14010000711647335,,,1,3014010000437234997,14575
9011001001800000,389,14010000711647371,,,1,3014010000437234997,14583
9011001001800000,389,14010000711647551,,,1,3014010000437234997,14623
9011001001800000,389,14010000711647893,,,1,3014010000437234997,14687
9011001001800000,389,14010000711648356,,,1,3014010000437234997,14770
9011001001800000,389,14010000711648704,,,1,3014010000437234997,14831
9011001001800000,389,14010000711648820,,,1,3014010000437234997,14851
9011001001800000,389,14010000711648937,,,1,3014010000437234997,14873
9011001001800000,389,14010000711913847,,,1,3014010000437234997,14051
9011001001800000,389,14010000711914134,,,1,3014010000437234997,14114
9011001001800000,389,14010000711914288,,,1,3014010000437234997,14145
9011001001800000,389,14010000711913905,,,1,3014010000437234997,14069
9011001001800000,389,14010000711913961,,,1,3014010000437234997,14083
9011001001800000,389,14010000711914019,,,1,3014010000437234997,14094
9011001001800000,412,14010000711916946,,,1,3014010000494517242,11309
9011001001800000,389,14010000711914393,,,1,3014010000437234997,14166
9011001001800000,412,14010000711572133,,,1,3014010000437234997,10415
9011001001800000,412,14010000711572277,,,1,3014010000437234997,10448
9011001001800000,412,14010000711572385,,,1,3014010000437234997,10484
9011001001800000,412,14010000711572421,,,1,3014010000437234997,10497
9011001001800000,412,14010000711572681,,,1,3014010000437234997,10556
9011001001800000,412,14010000711572829,,,1,3014010000437234997,10588
9011001001800000,412,14010000711573051,,,1,3014010000437234997,10636
9011001001800000,412,14010000711573125,,,1,3014010000437234997,10652
9011001001800000,412,14010000711573199,,,1,3014010000437234997,10669
9011001001800000,412,14010000711573425,,,1,3014010000437234997,10737
9011001001800000,412,14010000711573532,,,1,3014010000437234997,10761
9011001001800000,412,14010000711574171,,,1,3014010000437234997,10943
9011001001800000,412,14010000711574355,,,1,3014010000437234997,11005
9011001001800000,412,14010000711574466,,,1,3014010000437234997,11037
9011001001800000,412,14010000711574576,,,1,3014010000437234997,11073
9011001001800000,412,14010000711574650,,,1,3014010000437234997,11091
9011001001800000,412,14010000711575150,,,1,3014010000437234997,11181
9011001001800000,412,14010000711575210,,,1,3014010000437234997,11198
9011001001800000,412,14010000711575268,,,1,3014010000437234997,11217
9011001001800000,412,14010000711575328,,,1,3014010000437234997,11236
9011001001800000,414,14010000711641551,,,1,3014010000437234997,13280
9011001001800000,414,14010000711641593,,,1,3014010000437234997,13288
9011001001800000,414,14010000711641722,,,1,3014010000437234997,13313
9011001001800000,389,14010000711646331,,,1,3014010000437234997,14215
9011001001800000,389,14010000711646939,,,1,3014010000437234997,14487
9011001001800000,389,14010000711647011,,,1,3014010000437234997,14503
9011001001800000,389,14010000711647263,,,1,3014010000437234997,14559
9011001001800000,389,14010000711647407,,,1,3014010000437234997,14591
9011001001800000,389,14010000711647587,,,1,3014010000437234997,14631
9011001001800000,389,14010000711647659,,,1,3014010000437234997,14647
9011001001800000,389,14010000711647767,,,1,3014010000437234997,14671
9011001001800000,389,14010000711647951,,,1,3014010000437234997,14696
9011001001800000,389,14010000711648066,,,1,3014010000437234997,14717
9011001001800000,389,14010000711648298,,,1,3014010000437234997,14758
9011001001800000,389,14010000711648414,,,1,3014010000437234997,14780
9011001001800000,389,14010000711648472,,,1,3014010000437234997,14790
9011001001800000,389,14010000711648878,,,1,3014010000437234997,14861
9011001001800000,389,14010000711914226,,,1,3014010000437234997,14133
9011001001800000,412,14010000711571683,,,1,3014010000437234997,10279
9011001001800000,412,14010000711571795,,,1,3014010000437234997,10312
9011001001800000,412,14010000711571906,,,1,3014010000437234997,10341
9011001001800000,412,14010000711572459,,,1,3014010000437234997,10507
9011001001800000,412,14010000711572570,,,1,3014010000437234997,10532
9011001001800000,412,14010000711572607,,,1,3014010000437234997,10540
9011001001800000,412,14010000711572644,,,1,3014010000437234997,10548
9011001001800000,412,14010000711572977,,,1,3014010000437234997,10620
9011001001800000,412,14010000711573088,,,1,3014010000437234997,10644
9011001001800000,412,14010000711573237,,,1,3014010000437234997,10681
9011001001800000,412,14010000711573315,,,1,3014010000437234997,10706
9011001001800000,412,14010000711573353,,,1,3014010000437234997,10719
9011001001800000,412,14010000711573461,,,1,3014010000437234997,10743
9011001001800000,412,14010000711573573,,,1,3014010000437234997,10769
9011001001800000,412,14010000711573652,,,1,3014010000437234997,10798
9011001001800000,412,14010000711573762,,,1,3014010000437234997,10830
9011001001800000,412,14010000711573988,,,1,3014010000437234997,10894
9011001001800000,412,14010000711574134,,,1,3014010000437234997,10932
9011001001800000,412,14010000711574392,,,1,3014010000437234997,11014
9011001001800000,412,14010000711574504,,,1,3014010000437234997,11049
9011001001800000,412,14010000711574540,,,1,3014010000437234997,11063
9011001001800000,414,14010000711641383,,,1,3014010000437234997,13235
9011001001800000,389,14010000711646258,,,1,3014010000437234997,14181
9011001001800000,389,14010000711646403,,,1,3014010000437234997,14238
9011001001800000,389,14010000711646475,,,1,3014010000437234997,14255
9011001001800000,389,14010000711646723,,,1,3014010000437234997,14439
9011001001800000,389,14010000711646867,,,1,3014010000437234997,14471
9011001001800000,389,14010000711647119,,,1,3014010000437234997,14527
9011001001800000,389,14010000711647479,,,1,3014010000437234997,14607
9011001001800000,389,14010000711647515,,,1,3014010000437234997,14615
9011001001800000,389,14010000711647623,,,1,3014010000437234997,14639
9011001001800000,389,14010000711647731,,,1,3014010000437234997,14663
9011001001800000,389,14010000711648008,,,1,3014010000437234997,14705
9011001001800000,389,14010000711648182,,,1,3014010000437234997,14738
9011001001800000,389,14010000711648530,,,1,3014010000437234997,14801
9011001001800000,389,14010000711648588,,,1,3014010000437234997,14811
9011001001800000,389,14010000711649052,,,1,3014010000437235914,14991
9011001001800000,389,14010000711914076,,,1,3014010000437234997,14104
9011001001800000,389,14010000711914186,,,1,3014010000494517242,14124
9011001001800000,389,14010000711914353,,,1,3014010000437234997,14158
9011001001800000,412,14010000732404658,,,1,3014010000437234997,11300
9011001001800000,385,14010000732418371,,,1,3014010000437235754,16841
9011001001800000,412,14010000732404556,,,1,3014010000437234997,11279
9011001001800000,414,14010000732409384,,,1,3014010000537448033,13408
9011001001800000,414,14010000732409533,,,1,3014010000537448033,13418
9011001001800000,385,14010000732418407,,,1,3014010000494517242,16851
9011001001800000,385,14010000732418854,,,1,3014010000537448033,17021
9011001001800000,412,14010000732404493,,,1,3014010000437234997,11268
9011001001800000,412,14010000732404799,,,1,3014010000437235074,11319
9011001001800000,389,14010000732413055,,,1,3014010000537448033,14027
9011001001800000,385,14010000732418724,,,1,3014010000437234997,16975
9011001001800000,414,14010000732409682,,,1,3014010000537448033,13428
9011001001800000,414,14010000732409829,,,1,3014010000537448033,13438
9011001001800000,385,14010000732418478,,,1,3014010000437235754,16861
9011001001800000,385,14010000732418517,,,1,3014010000437234997,16870
9011001001800000,414,14010100702426431,,,1,3014010000437235074,12253
9011001001800000,414,14010100702426573,,,1,3014010000537448033,12259
9011001001800000,414,14010100702427287,,,1,3014010000537448033,12287
9011001001800000,414,14010100702427513,,,1,3014010000437235074,12296
9011001001800000,414,14010100702424177,,,1,3014010000537448033,12165
9011001001800000,414,14010100702422775,,,1,3014010000537448033,12074
9011001001800000,414,14010100702423065,,,1,3014010000537448033,12098
9011001001800000,414,14010100702423944,,,1,3014010000537448033,12150
9011001001800000,414,14010100702424519,,,1,3014010000537448033,12179
9011001001800000,414,14010100702424812,,,1,3014010000437235074,12191
9011001001800000,414,14010100702425043,,,1,3014010000437235214,12199
9011001001800000,414,14010100702425261,,,1,3014010000437235214,12207
9011001001800000,414,14010100702426834,,,1,3014010000437235214,12270
9011001001800000,414,14010100702427777,,,1,3014010000437235214,12304
9011001001800000,414,14010100702428151,,,1,3014010000537448033,12316
9011001001800000,414,14010100702429084,,,1,3014010000537448033,12347
9011001001800000,414,14010100702429274,,,1,3014010000537448033,12354
9011001001800000,414,14010100702429492,,,1,3014010000437235074,12363
9011001001800000,414,14010100702430412,,,1,3014010000437235214,12404
9011001001800000,414,14010100702425896,,,1,3014010000537448033,12236
9011001001800000,414,14010100702429818,,,1,3014010000437235214,12378
9011001001800000,414,14010100702430870,,,1,3014010000537448033,12424
9011001001800000,414,14010100702435398,,,1,3014010000437235074,12778
9011001001800000,414,14010100702436294,,,1,3014010000437235074,12813
9011001001800000,414,14010100702437825,,,1,3014010000537448033,12869
9011001001800000,414,14010100702438270,,,1,3014010000437235214,12885
9011001001800000,414,14010100702435659,,,1,3014010000437235214,12787
9011001001800000,414,14010100702436443,,,1,3014010000437235214,12819
9011001001800000,414,14010100702437111,,,1,3014010000437235074,12845
9011001001800000,414,14010100702438009,,,1,3014010000437235074,12876
9011001001800000,414,14010100702437372,,,1,3014010000437235214,12854
9011001001800000,414,14010100702438984,,,1,3014010000537448033,12908
9011001001800000,414,14010100702439951,,,1,3014010000537448033,12946
9011001001800000,414,14010100702440210,,,1,3014010000537448033,12957
9011001001800000,414,14010100702440731,,,1,3014010000537448033,12978
9011001001800000,414,14010100702440093,,,1,3014010000437235074,12952
9011001001800000,414,14010100702440988,,,1,3014010000437235074,12989
9011001001800000,414,14010100702441640,,,1,3014010000437235214,13016
9011001001800000,414,14010100702439357,,,1,3014010000437235214,12922
9011001001800000,414,14010100702441097,,,1,3014010000437235214,12995
9011001001800000,389,14010100702458573,,,1,3014010000537448033,15040
9011001001800000,389,14010100702458787,,,1,3014010000537448033,15053
9011001001800000,389,14010100702459001,,,1,3014010000537448033,15061
9011001001800000,389,14010100702459211,,,1,3014010000537448033,15069
9011001001800000,389,14010100702458361,,,1,3014010000537448033,15016
9011001001800000,385,14010100705739737,,,1,3014010000437235074,16964
9011001001800000,414,14010100702423345,,,1,3014010000537448033,12116
9011001001800000,414,14010100702423649,,,1,3014010000537448033,12136
9011001001800000,414,14010100702425492,,,1,3014010000437235214,12218
9011001001800000,414,14010100702425775,,,1,3014010000437235214,12230
9011001001800000,414,14010100702428412,,,1,3014010000437235074,12325
9011001001800000,414,14010100711571571,,,1,3014010000437234997,12245
9011001001800000,414,14010100711572277,,,1,3014010000437234997,12447
9011001001800000,414,14010100711572459,,,1,3014010000437234997,12506
9011001001800000,414,14010100711572570,,,1,3014010000437234997,12531
9011001001800000,414,14010100711572903,,,1,3014010000437234997,12603
9011001001800000,414,14010100711572940,,,1,3014010000437234997,12611
9011001001800000,414,14010100711573088,,,1,3014010000437234997,12643
9011001001800000,414,14010100711574466,,,1,3014010000437234997,13036
9011001001800000,414,14010100711574540,,,1,3014010000437234997,13062
9011001001800000,414,14010100711574687,,,1,3014010000437234997,13101
9011001001800000,414,14010100711574761,,,1,3014010000437234997,13118
9011001001800000,414,14010100711574798,,,1,3014010000437234997,13126
9011001001800000,385,14010100711575389,,,1,3014010000437234997,16929
9011001001800000,389,14010100711641551,,,1,3014010000437234997,14958
9011001001800000,385,14010100711646258,,,1,3014010000437234997,16181
9011001001800000,385,14010100711646759,,,1,3014010000437234997,16447
9011001001800000,385,14010100711647119,,,1,3014010000437234997,16527
9011001001800000,385,14010100711647191,,,1,3014010000437234997,16543
9011001001800000,385,14010100711647299,,,1,3014010000437234997,16567
9011001001800000,385,14010100711647407,,,1,3014010000437234997,16591
9011001001800000,385,14010100711647479,,,1,3014010000437234997,16607
9011001001800000,385,14010100711647659,,,1,3014010000437234997,16647
9011001001800000,385,14010100711647695,,,1,3014010000437234997,16655
9011001001800000,385,14010100711647731,,,1,3014010000437234997,16663
9011001001800000,385,14010100711647951,,,1,3014010000437234997,16696
9011001001800000,385,14010100711648124,,,1,3014010000437234997,16728
9011001001800000,414,14010100702428631,,,1,3014010000437235214,12333
9011001001800000,414,14010100702429675,,,1,3014010000437235074,12371
9011001001800000,414,14010100702430018,,,1,3014010000537448033,12385
9011001001800000,414,14010100702430264,,,1,3014010000537448033,12396
9011001001800000,414,14010100711571683,,,1,3014010000437234997,12278
9011001001800000,414,14010100711572206,,,1,3014010000437234997,12431
9011001001800000,414,14010100711572313,,,1,3014010000437234997,12459
9011001001800000,414,14010100711572533,,,1,3014010000437234997,12523
9011001001800000,414,14010100711572644,,,1,3014010000437234997,12547
9011001001800000,414,14010100711572681,,,1,3014010000437234997,12555
9011001001800000,414,14010100711572755,,,1,3014010000437234997,12571
9011001001800000,414,14010100711572829,,,1,3014010000437234997,12587
9011001001800000,414,14010100711572977,,,1,3014010000437234997,12619
9011001001800000,414,14010100711573125,,,1,3014010000437234997,12651
9011001001800000,414,14010100711573162,,,1,3014010000437234997,12660
9011001001800000,414,14010100711573199,,,1,3014010000437234997,12668
9011001001800000,414,14010100711573461,,,1,3014010000437234997,12742
9011001001800000,414,14010100711573532,,,1,3014010000437234997,12760
9011001001800000,414,14010100711573652,,,1,3014010000437234997,12797
9011001001800000,414,14010100711573876,,,1,3014010000437234997,12863
9011001001800000,414,14010100711574355,,,1,3014010000437234997,13004
9011001001800000,414,14010100711574504,,,1,3014010000437234997,13048
9011001001800000,414,14010100711574576,,,1,3014010000437234997,13072
9011001001800000,414,14010100711574613,,,1,3014010000437234997,13082
9011001001800000,414,14010100711575032,,,1,3014010000437234997,13159
9011001001800000,385,14010100711575210,,,1,3014010000437234997,16881
9011001001800000,414,14010100702436106,,,1,3014010000537448033,12805
9011001001800000,414,14010100702436926,,,1,3014010000537448033,12837
9011001001800000,414,14010100702440421,,,1,3014010000437235214,12967
9011001001800000,414,14010100702441869,,,1,3014010000437235214,13025
9011001001800000,389,14010100711641339,,,1,3014010000437234997,14905
9011001001800000,389,14010100711641635,,,1,3014010000437234997,14974
9011001001800000,385,14010100711646294,,,1,3014010000437234997,16200
9011001001800000,385,14010100711646331,,,1,3014010000437234997,16215
9011001001800000,385,14010100711646723,,,1,3014010000437234997,16439
9011001001800000,385,14010100711646795,,,1,3014010000437234997,16455
9011001001800000,385,14010100711646867,,,1,3014010000437234997,16471
9011001001800000,385,14010100711646975,,,1,3014010000437234997,16495
9011001001800000,385,14010100711647047,,,1,3014010000437234997,16511
9011001001800000,385,14010100711647263,,,1,3014010000437234997,16559
9011001001800000,385,14010100711647443,,,1,3014010000437234997,16599
9011001001800000,385,14010100711647515,,,1,3014010000437234997,16615
9011001001800000,385,14010100711647587,,,1,3014010000437234997,16631
9011001001800000,385,14010100711647767,,,1,3014010000437234997,16671
9011001001800000,385,14010100711648008,,,1,3014010000437234997,16704
9011001001800000,385,14010100711648182,,,1,3014010000437234997,16738
9011001001800000,385,14010100711648240,,,1,3014010000437234997,16748
9011001001800000,385,14010100711648472,,,1,3014010000437234997,16790
9011001001800000,385,14010100711913905,,,1,3014010000437234997,16069
9011001001800000,385,14010100711913961,,,1,3014010000437234997,16082
9011001001800000,385,14010100711914019,,,1,3014010000437234997,16094
9011001001800000,385,14010100711914134,,,1,3014010000437234997,16114
9011001001800000,385,14010100711914226,,,1,3014010000437234997,16133
9011001001800000,385,14010100711914288,,,1,3014010000437234997,16145
9011001001800000,385,14010100711648298,,,1,3014010000437234997,16758
9011001001800000,385,14010100711648414,,,1,3014010000437234997,16780
9011001001800000,385,14010100711648530,,,1,3014010000437234997,16801
9011001001800000,385,14010100711648588,,,1,3014010000437234997,16811
9011001001800000,385,14010100711648646,,,1,3014010000437234997,16821
9011001001800000,385,14010100711648704,,,1,3014010000437234997,16831
9011001001800000,385,14010100711916946,,,1,3014010000494517242,16984
9011001001800000,414,14010100711571028,,,1,3014010000494517242,12049
9011001001800000,414,14010100711571906,,,1,3014010000437234997,12340
9011001001800000,414,14010100711572133,,,1,3014010000437234997,12414
9011001001800000,414,14010100711572240,,,1,3014010000437234997,12437
9011001001800000,414,14010100711572385,,,1,3014010000437234997,12483
9011001001800000,414,14010100711572792,,,1,3014010000437234997,12579
9011001001800000,414,14010100711572866,,,1,3014010000437234997,12595
9011001001800000,414,14010100711573014,,,1,3014010000437234997,12627
9011001001800000,414,14010100711573051,,,1,3014010000437234997,12635
9011001001800000,414,14010100711573425,,,1,3014010000437234997,12736
9011001001800000,414,14010100711573496,,,1,3014010000437234997,12750
9011001001800000,414,14010100711573762,,,1,3014010000437234997,12829
9011001001800000,414,14010100711574024,,,1,3014010000437234997,12900
9011001001800000,414,14010100711574065,,,1,3014010000437234997,12914
9011001001800000,414,14010100711574171,,,1,3014010000437234997,12942
9011001001800000,414,14010100711574392,,,1,3014010000437234997,13013
9011001001800000,414,14010100711574724,,,1,3014010000437234997,13109
9011001001800000,389,14010100711641298,,,1,3014010000437234997,14888
9011001001800000,389,14010100711641383,,,1,3014010000437234997,14921
9011001001800000,389,14010100711641467,,,1,3014010000437234997,14942
9011001001800000,385,14010100711646511,,,1,3014010000437234997,16263
9011001001800000,385,14010100711646687,,,1,3014010000437234997,16431
9011001001800000,385,14010100711646831,,,1,3014010000437234997,16463
9011001001800000,385,14010100711646903,,,1,3014010000437234997,16479
9011001001800000,385,14010100711646939,,,1,3014010000437234997,16487
9011001001800000,385,14010100711647011,,,1,3014010000437234997,16503
9011001001800000,385,14010100711647083,,,1,3014010000437234997,16519
9011001001800000,385,14010100711647227,,,1,3014010000437234997,16551
9011001001800000,385,14010100711647893,,,1,3014010000437234997,16687
9011001001800000,385,14010100711648066,,,1,3014010000437234997,16716
9011001001800000,385,14010100711914076,,,1,3014010000437234997,16104
9011001001800000,385,14010100711914186,,,1,3014010000494517242,16124
9011001001800000,385,14010100711914353,,,1,3014010000437234997,16158
9011001001800000,385,14010100711914393,,,1,3014010000437234997,16166
9011001001800000,385,14010100732404556,,,1,3014010000437234997,16954
9011001001800000,389,14010100732409533,,,1,3014010000537448033,15089
9011001001800000,389,14010100732409829,,,1,3014010000537448033,15109
9011001001800000,385,14010100732413055,,,1,3014010000537448033,16027
9011001001800000,385,14010100732404493,,,1,3014010000437234997,16943
9011001001800000,385,14010100732404799,,,1,3014010000437235074,16993
9011001001800000,389,14010100732409384,,,1,3014010000537448033,15079
9011001001800000,385,14010100705745549,,,1,3014010000537448033,16043
9011001001800000,414,14010100711571795,,,1,3014010000437234997,12311
9011001001800000,414,14010100711572349,,,1,3014010000437234997,12471
9011001001800000,414,14010100711572421,,,1,3014010000437234997,12496
9011001001800000,414,14010100711572496,,,1,3014010000437234997,12514
9011001001800000,414,14010100711572607,,,1,3014010000437234997,12539
9011001001800000,414,14010100711572718,,,1,3014010000437234997,12563
9011001001800000,414,14010100711573237,,,1,3014010000437234997,12680
9011001001800000,414,14010100711573275,,,1,3014010000437234997,12690
9011001001800000,414,14010100711573315,,,1,3014010000437234997,12705
9011001001800000,414,14010100711573353,,,1,3014010000437234997,12718
9011001001800000,414,14010100711573389,,,1,3014010000437234997,12728
9011001001800000,414,14010100711573573,,,1,3014010000437234997,12768
9011001001800000,414,14010100711573988,,,1,3014010000437234997,12893
9011001001800000,414,14010100711574134,,,1,3014010000437234997,12931
9011001001800000,414,14010100711574650,,,1,3014010000437234997,13090
9011001001800000,414,14010100711574857,,,1,3014010000437234997,13134
9011001001800000,414,14010100711574916,,,1,3014010000437234997,13142
9011001001800000,414,14010100711574974,,,1,3014010000437234997,13150
9011001001800000,414,14010100711575091,,,1,3014010000437234997,13170
9011001001800000,385,14010100711575268,,,1,3014010000437234997,16894
9011001001800000,385,14010100711575328,,,1,3014010000437234997,16913
9011001001800000,389,14010100711641424,,,1,3014010000437234997,14934
9011001001800000,389,14010100711641509,,,1,3014010000437234997,14950
9011001001800000,389,14010100711641593,,,1,3014010000437234997,14966
9011001001800000,385,14010100711646367,,,1,3014010000437234997,16227
9011001001800000,385,14010100711646403,,,1,3014010000437234997,16238
9011001001800000,385,14010100711646439,,,1,3014010000437234997,16247
9011001001800000,385,14010100711646475,,,1,3014010000437234997,16255
9011001001800000,385,14010100711647155,,,1,3014010000437234997,16535
9011001001800000,385,14010100711647335,,,1,3014010000437234997,16575
9011001001800000,385,14010100711647371,,,1,3014010000437234997,16583
9011001001800000,385,14010100711647551,,,1,3014010000437234997,16623
9011001001800000,385,14010100711647623,,,1,3014010000437234997,16639
9011001001800000,385,14010100711647835,,,1,3014010000437234997,16679
9011001001800000,385,14010100711648356,,,1,3014010000437234997,16768
9011001001800000,385,14010100711913847,,,1,3014010000437234997,16051
9011001001800000,389,14010200711572349,,,1,3014010000437234997,14287
9011001001800000,389,14010200711572718,,,1,3014010000437234997,14367
9011001001800000,389,14010200711572385,,,1,3014010000437234997,14295
9011001001800000,389,14010200711572421,,,1,3014010000437234997,14303
9011001001800000,389,14010200711572570,,,1,3014010000437234997,14335
9011001001800000,389,14010200711572681,,,1,3014010000437234997,14359
9011001001800000,389,14010200711572755,,,1,3014010000437234997,14375
9011001001800000,389,14010200711572903,,,1,3014010000437234997,14407
9011001001800000,389,14010200711572940,,,1,3014010000437234997,14415
9011001001800000,389,14010200711572977,,,1,3014010000437234997,14423
9011001001800000,389,14010200711572313,,,1,3014010000437234997,14279
9011001001800000,389,14010200711572459,,,1,3014010000437234997,14311
9011001001800000,389,14010200711572496,,,1,3014010000437234997,14319
9011001001800000,389,14010200711572533,,,1,3014010000437234997,14327
9011001001800000,389,14010200711572792,,,1,3014010000437234997,14383
9011001001800000,389,14010200711572829,,,1,3014010000437234997,14391
9011001001800000,385,14010300711572496,,,1,3014010000437234997,16319
9011001001800000,385,14010300711572533,,,1,3014010000437234997,16327
9011001001800000,385,14010300711572277,,,1,3014010000437234997,16271
9011001001800000,385,14010300711572385,,,1,3014010000437234997,16295
9011001001800000,385,14010300711572421,,,1,3014010000437234997,16303
9011001001800000,385,14010300711572607,,,1,3014010000437234997,16343
9011001001800000,385,14010300711572644,,,1,3014010000437234997,16351
9011001001800000,385,14010300711572681,,,1,3014010000437234997,16359
9011001001800000,385,14010300711572349,,,1,3014010000437234997,16287
9011001001800000,385,14010300711572459,,,1,3014010000437234997,16311
9011001001800000,385,14010300711572718,,,1,3014010000437234997,16367
9011001001800000,385,14010300711572755,,,1,3014010000437234997,16375
9011001001800000,385,14010300711572829,,,1,3014010000437234997,16391
9011001001800000,385,14010300711572977,,,1,3014010000437234997,16423
9011001001800000,389,14010100732409682,,,1,3014010000537448033,15099
9011001001800000,389,14010200711572277,,,1,3014010000437234997,14271
9011001001800000,389,14010200711572607,,,1,3014010000437234997,14343
9011001001800000,389,14010200711572644,,,1,3014010000437234997,14351
9011001001800000,389,14010200711572866,,,1,3014010000437234997,14399
9011001001800000,385,14010300711572313,,,1,3014010000437234997,16279
9011001001800000,385,14010300711572570,,,1,3014010000437234997,16335
9011001001800000,385,14010300711572792,,,1,3014010000437234997,16383
9011001001800000,385,14010300711572866,,,1,3014010000437234997,16399
9011001001800000,385,14010300711572903,,,1,3014010000437234997,16407
9011001001800000,385,14010300711572940,,,1,3014010000437234997,16415
9011001001800000,389,14010000702395234,,,0,3014010000563704255,14191
9011001001800000,412,14010000702396792,,,0,3014010000563704255,10444
9011001001800000,412,14010000702398984,,,0,3014010000563704255,10544
9011001001800000,389,14010000702396353,,,0,3014010000563704255,14251
9011001001800000,412,14010000702397231,,,0,3014010000563704255,10467
9011001001800000,412,14010000702397449,,,0,3014010000563704255,10480
9011001001800000,412,14010000702397886,,,0,3014010000563704255,10503
9011001001800000,412,14010000702399204,,,0,3014010000563704255,10552
9011001001800000,412,14010000702399862,,,0,3014010000563704255,10576
9011001001800000,412,14010000702400303,,,0,3014010000563704255,10592
9011001001800000,412,14010000702400743,,,0,3014010000563704255,10608
9011001001800000,412,14010000702400963,,,0,3014010000563704255,10616
9011001001800000,389,14010000702402060,,,0,3014010000563704255,14459
9011001001800000,389,14010000702403368,,,0,3014010000563704255,14507
9011001001800000,389,14010000702403586,,,0,3014010000563704255,14515
9011001001800000,389,14010000702404676,,,0,3014010000563704255,14555
9011001001800000,389,14010000702406205,,,0,3014010000563704255,14611
9011001001800000,389,14010000702406861,,,0,3014010000563704255,14635
9011001001800000,389,14010000702407080,,,0,3014010000563704255,14643
9011001001800000,389,14010000702401841,,,0,3014010000563704255,14451
9011001001800000,389,14010000702402278,,,0,3014010000563704255,14467
9011001001800000,389,14010000702402496,,,0,3014010000563704255,14475
9011001001800000,389,14010000702402714,,,0,3014010000563704255,14483
9011001001800000,389,14010000702404022,,,0,3014010000563704255,14531
9011001001800000,389,14010000702404894,,,0,3014010000563704255,14563
9011001001800000,389,14010000702405331,,,0,3014010000563704255,14579
9011001001800000,389,14010000702405769,,,0,3014010000563704255,14595
9011001001800000,389,14010000702406423,,,0,3014010000563704255,14619
9011001001800000,389,14010000702408388,,,0,3014010000563704255,14691
9011001001800000,412,14010000702422403,,,0,3014010000574353240,10046
9011001001800000,412,14010000702422887,,,0,3014010000563704293,10090
9011001001800000,412,14010000702423685,,,0,3014010000537713825,10138
9011001001800000,412,14010000702424280,,,0,3014010000574329649,10171
9011001001800000,412,14010000702424856,,,0,3014010000563704205,10193
9011001001800000,412,14010000702426617,,,0,3014010000563704205,10261
9011001001800000,389,14010000702407298,,,0,3014010000563704255,14651
9011001001800000,389,14010000702407518,,,0,3014010000563704255,14659
9011001001800000,389,14010000702407738,,,0,3014010000563704255,14667
9011001001800000,389,14010000702408179,,,0,3014010000563704255,14683
9011001001800000,385,14010000702411739,,,0,3014010000563704205,16864
9011001001800000,385,14010000702413540,,,0,3014010000563704255,16981
9011001001800000,412,14010000702422613,,,0,3014010000574353240,10065
9011001001800000,412,14010000702423564,,,0,3014010000563704293,10133
9011001001800000,412,14010000702424475,,,0,3014010000574329649,10179
9011001001800000,412,14010000702424771,,,0,3014010000574329649,10191
9011001001800000,412,14010000702425302,,,0,3014010000574329649,10210
9011001001800000,412,14010000702425383,,,0,3014010000537713825,10214
9011001001800000,412,14010000702427051,,,0,3014010000563704255,10281
9011001001800000,412,14010000702427581,,,0,3014010000563704255,10299
9011001001800000,412,14010000702429561,,,0,3014010000537713825,10368
9011001001800000,412,14010000702429781,,,0,3014010000537713825,10378
9011001001800000,412,14010000702434354,,,0,3014010000563704255,10738
9011001001800000,412,14010000702434399,,,0,3014010000563704205,10740
9011001001800000,412,14010000702436475,,,0,3014010000563704255,10821
9011001001800000,412,14010000702436520,,,0,3014010000563704205,10823
9011001001800000,412,14010000702437000,,,0,3014010000563704255,10842
9011001001800000,412,14010000702437155,,,0,3014010000563704205,10847
9011001001800000,412,14010000702437629,,,0,3014010000563704255,10865
9011001001800000,412,14010000702438053,,,0,3014010000563704205,10878
9011001001800000,412,14010000702438089,,,0,3014010000537713825,10879
9011001001800000,412,14010000702443108,,,0,3014010000563704255,11087
9011001001800000,412,14010000702444414,,,0,3014010000563704255,11139
9011001001800000,412,14010000702428566,,,0,3014010000574329649,10332
9011001001800000,412,14010000702430710,,,0,3014010000537713825,10418
9011001001800000,412,14010000702432167,,,0,3014010000563704255,10648
9011001001800000,412,14010000702434028,,,0,3014010000537713825,10726
9011001001800000,412,14010000702435095,,,0,3014010000563704255,10766
9011001001800000,414,14010000702456927,,,0,3014010000563704255,13275
9011001001800000,414,14010000702457808,,,0,3014010000563704255,13307
9011001001800000,414,14010000702458030,,,0,3014010000563704255,13317
9011001001800000,414,14010000702459290,,,0,3014010000537713825,13401
9011001001800000,389,14010000702464419,,,0,3014010000563704255,14762
9011001001800000,389,14010000702464727,,,0,3014010000563704255,14784
9011001001800000,412,14010000702435137,,,0,3014010000574329649,10768
9011001001800000,412,14010000702435911,,,0,3014010000537713825,10799
9011001001800000,412,14010000702437192,,,0,3014010000537713825,10848
9011001001800000,412,14010000702440020,,,0,3014010000537713825,10950
9011001001800000,412,14010000702440246,,,0,3014010000537713825,10959
9011001001800000,412,14010000702440457,,,0,3014010000537713825,10970
9011001001800000,412,14010000702441032,,,0,3014010000563704205,10993
9011001001800000,412,14010000702443328,,,0,3014010000563704255,11097
9011001001800000,412,14010000702444207,,,0,3014010000563704255,11131
9011001001800000,412,14010000702445161,,,0,3014010000563704255,11177
9011001001800000,414,14010000702456089,,,0,3014010000563704255,13230
9011001001800000,414,14010000702457589,,,0,3014010000563704255,13299
9011001001800000,414,14010000702458442,,,0,3014010000537713825,13346
9011001001800000,389,14010000702463917,,,0,3014010000563704255,14721
9011001001800000,389,14010000702464169,,,0,3014010000563704255,14742
9011001001800000,389,14010000702465301,,,0,3014010000563704255,14825
9011001001800000,389,14010000702465454,,,0,3014010000563704255,14835
9011001001800000,389,14010000702394785,,,0,3014010000563704255,14160
9011001001800000,389,14010000702394987,,,0,3014010000563704255,14173
9011001001800000,389,14010000702395385,,,0,3014010000574353331,14202
9011001001800000,389,14010000702395462,,,0,3014010000563704255,14207
9011001001800000,389,14010000702395916,,,0,3014010000563704255,14233
9011001001800000,389,14010000702396135,,,0,3014010000563704255,14243
9011001001800000,389,14010000702396572,,,0,3014010000563704255,14259
9011001001800000,412,14010000702397012,,,0,3014010000563704255,10456
9011001001800000,389,14010000702397667,,,0,3014010000563704255,14299
9011001001800000,412,14010000702398105,,,0,3014010000563704255,10511
9011001001800000,412,14010000702399422,,,0,3014010000563704255,10560
9011001001800000,389,14010000702401621,,,0,3014010000563704255,14443
9011001001800000,389,14010000702402932,,,0,3014010000563704255,14491
9011001001800000,389,14010000702403150,,,0,3014010000563704255,14499
9011001001800000,389,14010000702404240,,,0,3014010000563704255,14539
9011001001800000,389,14010000702405551,,,0,3014010000563704255,14587
9011001001800000,389,14010000702405987,,,0,3014010000563704255,14603
9011001001800000,389,14010000702406641,,,0,3014010000563704255,14627
9011001001800000,412,14010000702422439,,,0,3014010000537713825,10047
9011001001800000,412,14010000702423537,,,0,3014010000574329649,10132
9011001001800000,412,14010000702425819,,,0,3014010000563704205,10232
9011001001800000,412,14010000702426013,,,0,3014010000563704205,10240
9011001001800000,412,14010000702427549,,,0,3014010000537713825,10298
9011001001800000,412,14010000702427741,,,0,3014010000574329649,10304
9011001001800000,412,14010000702427989,,,0,3014010000563704255,10313
9011001001800000,412,14010000702428448,,,0,3014010000537713825,10327
9011001001800000,412,14010000702428675,,,0,3014010000563704205,10335
9011001001800000,412,14010000702428886,,,0,3014010000563704255,10343
9011001001800000,412,14010000702430300,,,0,3014010000537713825,10398
9011001001800000,412,14010000702430939,,,0,3014010000537713825,10427
9011001001800000,412,14010000702431949,,,0,3014010000563704255,10640
9011001001800000,412,14010000702432386,,,0,3014010000563704255,10656
9011001001800000,412,14010000702432755,,,0,3014010000574329649,10670
9011001001800000,412,14010000702433097,,,0,3014010000537713825,10685
9011001001800000,412,14010000702433717,,,0,3014010000563704255,10713
9011001001800000,412,14010000702435313,,,0,3014010000563704255,10775
9011001001800000,412,14010000702435623,,,0,3014010000563704255,10787
9011001001800000,412,14010000702437563,,,0,3014010000574329649,10862
9011001001800000,412,14010000702438461,,,0,3014010000574329649,10892
9011001001800000,412,14010000702439321,,,0,3014010000574329649,10921
9011001001800000,412,14010000702439389,,,0,3014010000563704255,10924
9011001001800000,412,14010000702440947,,,0,3014010000537713825,10988
9011001001800000,412,14010000702441252,,,0,3014010000563704205,11003
9011001001800000,412,14010000702442052,,,0,3014010000563704255,11036
9011001001800000,412,14010000702442231,,,0,3014010000563704255,11044
9011001001800000,412,14010000702442449,,,0,3014010000563704255,11057
9011001001800000,412,14010000702442668,,,0,3014010000563704255,11069
9011001001800000,412,14010000702443548,,,0,3014010000563704255,11106
9011001001800000,412,14010000702444761,,,0,3014010000563704255,11156
9011001001800000,412,14010000702445321,,,0,3014010000563704255,11188
9011001001800000,414,14010000702456490,,,0,3014010000563704255,13256
9011001001800000,414,14010000702456708,,,0,3014010000563704255,13267
9011001001800000,414,14010000702457148,,,0,3014010000563704255,13283
9011001001800000,414,14010000702458655,,,0,3014010000537713825,13375
9011001001800000,414,14010000702458869,,,0,3014010000537713825,13384
9011001001800000,414,14010000702459083,,,0,3014010000537713825,13393
9011001001800000,389,14010000702464044,,,0,3014010000563704255,14732
9011001001800000,389,14010000702464573,,,0,3014010000563704255,14774
9011001001800000,389,14010000702465034,,,0,3014010000563704255,14805
9011001001800000,389,14010000702465188,,,0,3014010000563704255,14815
9011001001800000,389,14010000702465762,,,0,3014010000563704255,14855
9011001001800000,412,14010000702398324,,,0,3014010000563704255,10520
9011001001800000,412,14010000702398544,,,0,3014010000563704255,10528
9011001001800000,412,14010000702398764,,,0,3014010000563704255,10536
9011001001800000,412,14010000702399641,,,0,3014010000563704255,10568
9011001001800000,412,14010000702400083,,,0,3014010000563704255,10584
9011001001800000,412,14010000702400523,,,0,3014010000563704255,10600
9011001001800000,412,14010000702401183,,,0,3014010000563704255,10624
9011001001800000,412,14010000702401402,,,0,3014010000563704255,10633
9011001001800000,389,14010000702403804,,,0,3014010000563704255,14523
9011001001800000,389,14010000702404458,,,0,3014010000563704255,14547
9011001001800000,389,14010000702405112,,,0,3014010000563704255,14571
9011001001800000,389,14010000702407958,,,0,3014010000563704255,14675
9011001001800000,389,14010000702408564,,,0,3014010000563704255,14699
9011001001800000,389,14010000702408742,,,0,3014010000563704255,14709
9011001001800000,412,14010000702423235,,,0,3014010000563704293,10112
9011001001800000,412,14010000702423900,,,0,3014010000563704293,10150
9011001001800000,412,14010000702424209,,,0,3014010000563704255,10168
9011001001800000,412,14010000702424316,,,0,3014010000537713825,10172
9011001001800000,412,14010000702425075,,,0,3014010000563704255,10202
9011001001800000,412,14010000702425928,,,0,3014010000563704255,10237
9011001001800000,412,14010000702426235,,,0,3014010000563704205,10248
9011001001800000,412,14010000702426267,,,0,3014010000563704255,10249
9011001001800000,412,14010000702428228,,,0,3014010000537713825,10320
9011001001800000,412,14010000702429311,,,0,3014010000537713825,10358
9011001001800000,412,14010000702430054,,,0,3014010000537713825,10388
9011001001800000,412,14010000702430487,,,0,3014010000537713825,10408
9011001001800000,412,14010000702431347,,,0,3014010000537713825,10488
9011001001800000,412,14010000702432605,,,0,3014010000563704255,10665
9011001001800000,412,14010000702432865,,,0,3014010000563704255,10675
9011001001800000,412,14010000702433016,,,0,3014010000574329649,10682
9011001001800000,412,14010000702433395,,,0,3014010000563704205,10697
9011001001800000,412,14010000702434136,,,0,3014010000563704205,10730
9011001001800000,412,14010000702434289,,,0,3014010000537713825,10736
9011001001800000,412,14010000702435440,,,0,3014010000574329649,10781
9011001001800000,412,14010000702435782,,,0,3014010000574329649,10792
9011001001800000,412,14010000702436731,,,0,3014010000563704255,10831
9011001001800000,412,14010000702438525,,,0,3014010000563704255,10895
9011001001800000,412,14010000702438903,,,0,3014010000563704205,10907
9011001001800000,412,14010000702438939,,,0,3014010000537713825,10908
9011001001800000,412,14010000702439802,,,0,3014010000537713825,10941
9011001001800000,412,14010000702440687,,,0,3014010000537713825,10978
9011001001800000,412,14010000702440776,,,0,3014010000563704205,10982
9011001001800000,412,14010000702442888,,,0,3014010000563704255,11079
9011001001800000,412,14010000702443768,,,0,3014010000563704255,11114
9011001001800000,412,14010000702443989,,,0,3014010000563704255,11123
9011001001800000,412,14010000702444588,,,0,3014010000563704255,11147
9011001001800000,412,14010000702444961,,,0,3014010000563704255,11167
9011001001800000,414,14010000702456013,,,0,3014010000563704293,13225
9011001001800000,414,14010000702456057,,,0,3014010000563704205,13226
9011001001800000,414,14010000702457370,,,0,3014010000563704255,13291
9011001001800000,414,14010000702458279,,,0,3014010000563704255,13327
9011001001800000,389,14010000702464294,,,0,3014010000563704255,14752
9011001001800000,389,14010000702464881,,,0,3014010000563704255,14794
9011001001800000,389,14010000702465608,,,0,3014010000563704255,14845
9011001001800000,389,14010000702465959,,,0,3014010000563704255,14866
9011001001800000,389,14010000702466157,,,0,3014010000563704255,14877
9011001001800000,412,14010000705740146,,,0,3014010000563704255,11321
9011001001800000,412,14010000705740340,,,0,3014010000563704255,11349
9011001001800000,389,14010000705746487,,,0,3014010000563704255,14117
9011001001800000,412,14010000705739166,,,0,3014010000563704255,11244
9011001001800000,412,14010000705739629,,,0,3014010000563704255,11284
9011001001800000,389,14010000705746129,,,0,3014010000563704255,14097
9011001001800000,389,14010000705746809,,,0,3014010000563704255,14138
9011001001800000,389,14010000705746308,,,0,3014010000563704255,14107
9011001001800000,389,14010000705746959,,,0,3014010000563704255,14153
9011001001800000,385,14010000705739042,,,0,3014010000563704255,16903
9011001001800000,412,14010000705739290,,,0,3014010000563704255,11259
9011001001800000,412,14010000705739434,,,0,3014010000563704255,11274
9011001001800000,412,14010000705739771,,,0,3014010000563704255,11294
9011001001800000,389,14010000705745949,,,0,3014010000563704255,14086
9011001001800000,389,14010000705746706,,,0,3014010000563704255,14129
9011001001800000,414,14010000732409755,,,0,3014010000563704255,13432
9011001001800000,385,14010000732418605,,,0,3014010000563704293,16887
9011001001800000,412,14010000732404304,,,0,3014010000563704255,11204
9011001001800000,412,14010000732404368,,,0,3014010000563704255,11225
9011001001800000,412,14010000732404692,,,0,3014010000563704255,11306
9011001001800000,389,14010000732412922,,,0,3014010000574353331,14007
9011001001800000,389,14010000732413268,,,0,3014010000563704255,14072
9011001001800000,414,14010000732409457,,,0,3014010000563704255,13411
9011001001800000,414,14010000732409606,,,0,3014010000563704255,13421
9011001001800000,389,14010000732413129,,,0,3014010000563704255,14035
9011001001800000,389,14010000732413213,,,0,3014010000563704255,14055
9011001001800000,385,14010100702395462,,,0,3014010000563704255,16207
9011001001800000,414,14010100702398544,,,0,3014010000563704255,12527
9011001001800000,414,14010100702399204,,,0,3014010000563704255,12551
9011001001800000,414,14010100702400743,,,0,3014010000563704255,12607
9011001001800000,414,14010100702400963,,,0,3014010000563704255,12615
9011001001800000,385,14010100702394987,,,0,3014010000563704255,16173
9011001001800000,385,14010100702395916,,,0,3014010000563704255,16233
9011001001800000,385,14010100702396572,,,0,3014010000563704255,16259
9011001001800000,414,14010100702397012,,,0,3014010000563704255,12455
9011001001800000,414,14010100702397449,,,0,3014010000563704255,12479
9011001001800000,414,14010100702399422,,,0,3014010000563704255,12559
9011001001800000,414,14010100702399862,,,0,3014010000563704255,12575
9011001001800000,414,14010100702400083,,,0,3014010000563704255,12583
9011001001800000,414,14010100702400523,,,0,3014010000563704255,12599
9011001001800000,385,14010100702401841,,,0,3014010000563704255,16451
9011001001800000,385,14010100702402060,,,0,3014010000563704255,16459
9011001001800000,385,14010100702395385,,,0,3014010000574353331,16202
9011001001800000,385,14010100702396135,,,0,3014010000563704255,16243
9011001001800000,414,14010100702396792,,,0,3014010000563704255,12443
9011001001800000,414,14010100702397231,,,0,3014010000563704255,12466
9011001001800000,385,14010100702397667,,,0,3014010000563704255,16299
9011001001800000,414,14010100702398105,,,0,3014010000563704255,12510
9011001001800000,414,14010100702398324,,,0,3014010000563704255,12519
9011001001800000,414,14010100702399641,,,0,3014010000563704255,12567
9011001001800000,414,14010100702400303,,,0,3014010000563704255,12591
9011001001800000,385,14010100702402278,,,0,3014010000563704255,16467
9011001001800000,385,14010100702402496,,,0,3014010000563704255,16475
9011001001800000,385,14010100702404676,,,0,3014010000563704255,16555
9011001001800000,385,14010100702404894,,,0,3014010000563704255,16563
9011001001800000,414,14010100702401402,,,0,3014010000563704255,12632
9011001001800000,385,14010100702401621,,,0,3014010000563704255,16443
9011001001800000,385,14010100702402932,,,0,3014010000563704255,16491
9011001001800000,385,14010100702403150,,,0,3014010000563704255,16499
9011001001800000,385,14010100702404240,,,0,3014010000563704255,16539
9011001001800000,385,14010100702404458,,,0,3014010000563704255,16547
9011001001800000,385,14010100702405112,,,0,3014010000563704255,16571
9011001001800000,385,14010100702405551,,,0,3014010000563704255,16587
9011001001800000,385,14010100702406641,,,0,3014010000563704255,16627
9011001001800000,385,14010100702406861,,,0,3014010000563704255,16635
9011001001800000,385,14010100702402714,,,0,3014010000563704255,16483
9011001001800000,385,14010100702404022,,,0,3014010000563704255,16531
9011001001800000,385,14010100702405331,,,0,3014010000563704255,16579
9011001001800000,385,14010100702405769,,,0,3014010000563704255,16595
9011001001800000,385,14010100702405987,,,0,3014010000563704255,16603
9011001001800000,385,14010100702406205,,,0,3014010000563704255,16611
9011001001800000,385,14010100702407298,,,0,3014010000563704255,16651
9011001001800000,385,14010100702407518,,,0,3014010000563704255,16659
9011001001800000,414,14010100702422887,,,0,3014010000563704293,12089
9011001001800000,414,14010100702424856,,,0,3014010000563704205,12192
9011001001800000,414,14010100702425928,,,0,3014010000563704255,12235
9011001001800000,414,14010100702426235,,,0,3014010000563704205,12247
9011001001800000,385,14010100702407738,,,0,3014010000563704255,16667
9011001001800000,414,14010100702423537,,,0,3014010000574329649,12131
9011001001800000,414,14010100702424771,,,0,3014010000574329649,12190
9011001001800000,414,14010100702422403,,,0,3014010000574353240,12045
9011001001800000,414,14010100702422613,,,0,3014010000574353240,12064
9011001001800000,414,14010100702423900,,,0,3014010000563704293,12149
9011001001800000,414,14010100702424209,,,0,3014010000563704255,12167
9011001001800000,414,14010100702424280,,,0,3014010000574329649,12170
9011001001800000,414,14010100702424316,,,0,3014010000537713825,12171
9011001001800000,414,14010100702425383,,,0,3014010000537713825,12213
9011001001800000,414,14010100702427549,,,0,3014010000537713825,12297
9011001001800000,414,14010100702428448,,,0,3014010000537713825,12326
9011001001800000,414,14010100702428675,,,0,3014010000563704205,12334
9011001001800000,414,14010100702429311,,,0,3014010000537713825,12357
9011001001800000,414,14010100702430939,,,0,3014010000537713825,12426
9011001001800000,414,14010100702432386,,,0,3014010000563704255,12655
9011001001800000,414,14010100702425302,,,0,3014010000574329649,12209
9011001001800000,414,14010100702426013,,,0,3014010000563704205,12239
9011001001800000,414,14010100702426617,,,0,3014010000563704205,12260
9011001001800000,414,14010100702427051,,,0,3014010000563704255,12280
9011001001800000,414,14010100702427581,,,0,3014010000563704255,12298
9011001001800000,414,14010100702427741,,,0,3014010000574329649,12303
9011001001800000,414,14010100702427989,,,0,3014010000563704255,12312
9011001001800000,414,14010100702428228,,,0,3014010000537713825,12319
9011001001800000,414,14010100702428566,,,0,3014010000574329649,12331
9011001001800000,414,14010100702428886,,,0,3014010000563704255,12342
9011001001800000,414,14010100702430300,,,0,3014010000537713825,12397
9011001001800000,414,14010100702430487,,,0,3014010000537713825,12407
9011001001800000,414,14010100702429561,,,0,3014010000537713825,12367
9011001001800000,414,14010100702429781,,,0,3014010000537713825,12377
9011001001800000,414,14010100702430054,,,0,3014010000537713825,12387
9011001001800000,414,14010100702430710,,,0,3014010000537713825,12417
9011001001800000,414,14010100702431347,,,0,3014010000537713825,12486
9011001001800000,414,14010100702431949,,,0,3014010000563704255,12639
9011001001800000,414,14010100702432167,,,0,3014010000563704255,12647
9011001001800000,414,14010100702432605,,,0,3014010000563704255,12664
9011001001800000,414,14010100702433717,,,0,3014010000563704255,12712
9011001001800000,414,14010100702434354,,,0,3014010000563704255,12737
9011001001800000,414,14010100702434399,,,0,3014010000563704205,12739
9011001001800000,414,14010100702435137,,,0,3014010000574329649,12767
9011001001800000,414,14010100702435313,,,0,3014010000563704255,12774
9011001001800000,414,14010100702435440,,,0,3014010000574329649,12780
9011001001800000,414,14010100702435782,,,0,3014010000574329649,12791
9011001001800000,414,14010100702433395,,,0,3014010000563704205,12696
9011001001800000,414,14010100702437155,,,0,3014010000563704205,12846
9011001001800000,414,14010100702437192,,,0,3014010000537713825,12847
9011001001800000,414,14010100702438053,,,0,3014010000563704205,12877
9011001001800000,414,14010100702438089,,,0,3014010000537713825,12878
9011001001800000,414,14010100702432755,,,0,3014010000574329649,12669
9011001001800000,414,14010100702432865,,,0,3014010000563704255,12674
9011001001800000,414,14010100702433097,,,0,3014010000537713825,12684
9011001001800000,414,14010100702434136,,,0,3014010000563704205,12729
9011001001800000,414,14010100702436475,,,0,3014010000563704255,12820
9011001001800000,414,14010100702436520,,,0,3014010000563704205,12822
9011001001800000,414,14010100702436731,,,0,3014010000563704255,12830
9011001001800000,414,14010100702438461,,,0,3014010000574329649,12891
9011001001800000,414,14010100702438525,,,0,3014010000563704255,12894
9011001001800000,414,14010100702438939,,,0,3014010000537713825,12907
9011001001800000,414,14010100702435911,,,0,3014010000537713825,12798
9011001001800000,414,14010100702437000,,,0,3014010000563704255,12841
9011001001800000,414,14010100702437629,,,0,3014010000563704255,12864
9011001001800000,414,14010100702439321,,,0,3014010000574329649,12920
9011001001800000,414,14010100702440776,,,0,3014010000563704205,12981
9011001001800000,414,14010100702443108,,,0,3014010000563704255,13086
9011001001800000,389,14010100702456089,,,0,3014010000563704255,14913
9011001001800000,389,14010100702456490,,,0,3014010000563704255,14937
9011001001800000,389,14010100702456708,,,0,3014010000563704255,14945
9011001001800000,414,14010100702439389,,,0,3014010000563704255,12923
9011001001800000,414,14010100702439802,,,0,3014010000537713825,12940
9011001001800000,414,14010100702440246,,,0,3014010000537713825,12958
9011001001800000,414,14010100702441032,,,0,3014010000563704205,12992
9011001001800000,414,14010100702442052,,,0,3014010000563704255,13035
9011001001800000,414,14010100702444207,,,0,3014010000563704255,13130
9011001001800000,389,14010100702456057,,,0,3014010000563704205,14909
9011001001800000,389,14010100702456927,,,0,3014010000563704255,14953
9011001001800000,414,14010100702442231,,,0,3014010000563704255,13043
9011001001800000,414,14010100702442449,,,0,3014010000563704255,13056
9011001001800000,414,14010100702442888,,,0,3014010000563704255,13078
9011001001800000,414,14010100702443548,,,0,3014010000563704255,13105
9011001001800000,414,14010100702443989,,,0,3014010000563704255,13122
9011001001800000,414,14010100702444588,,,0,3014010000563704255,13146
9011001001800000,414,14010100702444961,,,0,3014010000563704255,13165
9011001001800000,414,14010100702445161,,,0,3014010000563704255,13176
9011001001800000,389,14010100702457589,,,0,3014010000563704255,14977
9011001001800000,389,14010100702458442,,,0,3014010000537713825,15021
9011001001800000,385,14010100702464573,,,0,3014010000563704255,16774
9011001001800000,385,14010100702464881,,,0,3014010000563704255,16795
9011001001800000,385,14010100702465188,,,0,3014010000563704255,16815
9011001001800000,389,14010100702458030,,,0,3014010000563704255,14995
9011001001800000,389,14010100702458655,,,0,3014010000537713825,15046
9011001001800000,385,14010100702464294,,,0,3014010000563704255,16752
9011001001800000,385,14010100702464419,,,0,3014010000563704255,16762
9011001001800000,385,14010100702464727,,,0,3014010000563704255,16784
9011001001800000,385,14010100702465034,,,0,3014010000563704255,16805
9011001001800000,385,14010100702465454,,,0,3014010000563704255,16835
9011001001800000,389,14010100702457370,,,0,3014010000563704255,14969
9011001001800000,389,14010100702458279,,,0,3014010000563704255,15004
9011001001800000,389,14010100702459083,,,0,3014010000537713825,15064
9011001001800000,385,14010100702464044,,,0,3014010000563704255,16732
9011001001800000,385,14010100702464169,,,0,3014010000563704255,16742
9011001001800000,385,14010100702465301,,,0,3014010000563704255,16825
9011001001800000,385,14010100702465959,,,0,3014010000563704255,16865
9011001001800000,385,14010100705739290,,,0,3014010000563704255,16936
9011001001800000,385,14010100705740146,,,0,3014010000563704255,16997
9011001001800000,385,14010100705746959,,,0,3014010000563704255,16153
9011001001800000,385,14010100705739434,,,0,3014010000563704255,16949
9011001001800000,385,14010100705745949,,,0,3014010000563704255,16086
9011001001800000,385,14010100705746308,,,0,3014010000563704255,16107
9011001001800000,385,14010100705746487,,,0,3014010000563704255,16117
9011001001800000,385,14010100705740340,,,0,3014010000563704255,17024
9011001001800000,385,14010100705746129,,,0,3014010000563704255,16097
9011001001800000,385,14010100702394785,,,0,3014010000563704255,16160
9011001001800000,385,14010100702395234,,,0,3014010000563704255,16191
9011001001800000,385,14010100702396353,,,0,3014010000563704255,16251
9011001001800000,414,14010100702397886,,,0,3014010000563704255,12502
9011001001800000,414,14010100702398764,,,0,3014010000563704255,12535
9011001001800000,414,14010100702398984,,,0,3014010000563704255,12543
9011001001800000,414,14010100702401183,,,0,3014010000563704255,12623
9011001001800000,385,14010100702403368,,,0,3014010000563704255,16507
9011001001800000,385,14010100702403586,,,0,3014010000563704255,16515
9011001001800000,385,14010100702403804,,,0,3014010000563704255,16523
9011001001800000,385,14010100702406423,,,0,3014010000563704255,16619
9011001001800000,385,14010100702407080,,,0,3014010000563704255,16643
9011001001800000,385,14010100702407958,,,0,3014010000563704255,16675
9011001001800000,385,14010100702408179,,,0,3014010000563704255,16683
9011001001800000,385,14010100702408388,,,0,3014010000563704255,16691
9011001001800000,385,14010100702408564,,,0,3014010000563704255,16699
9011001001800000,385,14010100702408742,,,0,3014010000563704255,16709
9011001001800000,414,14010100702422439,,,0,3014010000537713825,12046
9011001001800000,414,14010100702423235,,,0,3014010000563704293,12111
9011001001800000,414,14010100702423564,,,0,3014010000563704293,12132
9011001001800000,414,14010100702423685,,,0,3014010000537713825,12137
9011001001800000,414,14010100702424475,,,0,3014010000574329649,12178
9011001001800000,414,14010100702425075,,,0,3014010000563704255,12201
9011001001800000,414,14010100702425819,,,0,3014010000563704205,12231
9011001001800000,414,14010100702426267,,,0,3014010000563704255,12248
9011001001800000,414,14010100702433016,,,0,3014010000574329649,12681
9011001001800000,414,14010100702434028,,,0,3014010000537713825,12725
9011001001800000,414,14010100702434289,,,0,3014010000537713825,12735
9011001001800000,414,14010100702435095,,,0,3014010000563704255,12765
9011001001800000,414,14010100702435623,,,0,3014010000563704255,12786
9011001001800000,414,14010100702437563,,,0,3014010000574329649,12861
9011001001800000,414,14010100702438903,,,0,3014010000563704205,12906
9011001001800000,414,14010100702440020,,,0,3014010000537713825,12949
9011001001800000,414,14010100702440457,,,0,3014010000537713825,12969
9011001001800000,414,14010100702440687,,,0,3014010000537713825,12977
9011001001800000,414,14010100702440947,,,0,3014010000537713825,12987
9011001001800000,414,14010100702441252,,,0,3014010000563704205,13002
9011001001800000,414,14010100702442668,,,0,3014010000563704255,13068
9011001001800000,414,14010100702443328,,,0,3014010000563704255,13096
9011001001800000,414,14010100702443768,,,0,3014010000563704255,13113
9011001001800000,414,14010100702444414,,,0,3014010000563704255,13138
9011001001800000,414,14010100702444761,,,0,3014010000563704255,13155
9011001001800000,414,14010100702445321,,,0,3014010000563704255,13190
9011001001800000,389,14010100702456013,,,0,3014010000563704293,14907
9011001001800000,389,14010100702457148,,,0,3014010000563704255,14961
9011001001800000,389,14010100702457808,,,0,3014010000563704255,14985
9011001001800000,389,14010100702458869,,,0,3014010000537713825,15055
9011001001800000,389,14010100702459290,,,0,3014010000537713825,15072
9011001001800000,385,14010100702463917,,,0,3014010000563704255,16721
9011001001800000,385,14010100702465608,,,0,3014010000563704255,16845
9011001001800000,385,14010100702465762,,,0,3014010000563704255,16855
9011001001800000,385,14010100732413268,,,0,3014010000563704255,16072
9011001001800000,389,14010100732409457,,,0,3014010000563704255,15082
9011001001800000,389,14010100732409606,,,0,3014010000563704255,15092
9011001001800000,385,14010100732413213,,,0,3014010000563704255,16055
9011001001800000,385,14010100732413129,,,0,3014010000563704255,16035
9011001001800000,385,14010100705739166,,,0,3014010000563704255,16920
9011001001800000,385,14010100705739629,,,0,3014010000563704255,16959
9011001001800000,385,14010100705739771,,,0,3014010000563704255,16969
9011001001800000,385,14010100705746706,,,0,3014010000563704255,16129
9011001001800000,385,14010100705746809,,,0,3014010000563704255,16138
9011001001800000,389,14010200702397231,,,0,3014010000563704255,14283
9011001001800000,389,14010200702400083,,,0,3014010000563704255,14387
9011001001800000,389,14010200702400523,,,0,3014010000563704255,14403
9011001001800000,389,14010200702401183,,,0,3014010000563704255,14427
9011001001800000,389,14010200702397886,,,0,3014010000563704255,14307
9011001001800000,389,14010200702399422,,,0,3014010000563704255,14363
9011001001800000,389,14010200702399641,,,0,3014010000563704255,14371
9011001001800000,389,14010200702399862,,,0,3014010000563704255,14379
9011001001800000,389,14010200702398105,,,0,3014010000563704255,14315
9011001001800000,389,14010200702400963,,,0,3014010000563704255,14419
9011001001800000,389,14010200702401402,,,0,3014010000563704255,14435
9011001001800000,385,14010300702397231,,,0,3014010000563704255,16283
9011001001800000,385,14010300702398324,,,0,3014010000563704255,16323
9011001001800000,385,14010300702398984,,,0,3014010000563704255,16347
9011001001800000,385,14010300702399204,,,0,3014010000563704255,16355
9011001001800000,385,14010300702399641,,,0,3014010000563704255,16371
9011001001800000,385,14010300702400523,,,0,3014010000563704255,16403
9011001001800000,385,14010300702400963,,,0,3014010000563704255,16419
9011001001800000,385,14010300702397886,,,0,3014010000563704255,16307
9011001001800000,385,14010300702398105,,,0,3014010000563704255,16315
9011001001800000,385,14010300702398544,,,0,3014010000563704255,16331
9011001001800000,385,14010300702396792,,,0,3014010000563704255,16267
9011001001800000,385,14010300702397449,,,0,3014010000563704255,16291
9011001001800000,385,14010300702398764,,,0,3014010000563704255,16339
9011001001800000,385,14010300702400083,,,0,3014010000563704255,16387
9011001001800000,385,14010300702401183,,,0,3014010000563704255,16427
9011001001800000,385,14010300702399862,,,0,3014010000563704255,16379
9011001001800000,385,14010300702400743,,,0,3014010000563704255,16411
9011001001800000,389,14010100732409755,,,0,3014010000563704255,15103
9011001001800000,385,14010100732412922,,,0,3014010000574353331,16007
9011001001800000,389,14010200702396792,,,0,3014010000563704255,14267
9011001001800000,389,14010200702397012,,,0,3014010000563704255,14275
9011001001800000,389,14010200702397449,,,0,3014010000563704255,14291
9011001001800000,389,14010200702398324,,,0,3014010000563704255,14323
9011001001800000,389,14010200702398544,,,0,3014010000563704255,14331
9011001001800000,389,14010200702398764,,,0,3014010000563704255,14339
9011001001800000,389,14010200702398984,,,0,3014010000563704255,14347
9011001001800000,389,14010200702399204,,,0,3014010000563704255,14355
9011001001800000,389,14010200702400303,,,0,3014010000563704255,14395
9011001001800000,389,14010200702400743,,,0,3014010000563704255,14411
9011001001800000,385,14010300702397012,,,0,3014010000563704255,16275
9011001001800000,385,14010300702399422,,,0,3014010000563704255,16363
9011001001800000,385,14010300702400303,,,0,3014010000563704255,16395
9011001001800000,385,14010300702401402,,,0,3014010000563704255,16435
9011001001900000,389,14010000702394438,,,1,3014010000687900060,14139
9011001001900000,389,14010000702396397,,,1,3014010000687900060,14252
9011001001900000,412,14010000702397493,,,1,3014010000687900060,10481
9011001001900000,412,14010000702398589,,,1,3014010000687900060,10529
9011001001900000,389,14010000702396179,,,1,3014010000687900060,14244
9011001001900000,412,14010000702397275,,,1,3014010000687900060,10468
9011001001900000,412,14010000702397930,,,1,3014010000687900060,10504
9011001001900000,412,14010000702400567,,,1,3014010000687900060,10601
9011001001900000,389,14010000702402540,,,1,3014010000687900060,14476
9011001001900000,389,14010000702403194,,,1,3014010000687900060,14500
9011001001900000,389,14010000702407563,,,1,3014010000687900060,14660
9011001001900000,412,14010000702399906,,,1,3014010000687900060,10577
9011001001900000,412,14010000702400128,,,1,3014010000687900060,10585
9011001001900000,389,14010000702401665,,,1,3014010000687900060,14444
9011001001900000,389,14010000702401885,,,1,3014010000687900060,14452
9011001001900000,389,14010000702402104,,,1,3014010000687900060,14460
9011001001900000,389,14010000702403412,,,1,3014010000687900060,14508
9011001001900000,389,14010000702403848,,,1,3014010000687900060,14524
9011001001900000,389,14010000702404066,,,1,3014010000687900060,14532
9011001001900000,389,14010000702404502,,,1,3014010000687900060,14548
9011001001900000,389,14010000702404938,,,1,3014010000687900060,14564
9011001001900000,389,14010000702406031,,,1,3014010000687900060,14604
9011001001900000,389,14010000702406249,,,1,3014010000687900060,14612
9011001001900000,389,14010000702406467,,,1,3014010000687900060,14620
9011001001900000,389,14010000702410399,,,1,3014010000687900060,14795
9011001001900000,389,14010000702410599,,,1,3014010000687900060,14806
9011001001900000,412,14010000702412386,,,1,3014010000687900060,11232
9011001001900000,412,14010000702422343,,,1,3014010000687900060,10026
9011001001900000,412,14010000702423301,,,1,3014010000687900188,10116
9011001001900000,412,14010000702426658,,,1,3014010000687900393,10265
9011001001900000,389,14010000702406685,,,1,3014010000687900060,14628
9011001001900000,389,14010000702407342,,,1,3014010000687900060,14652
9011001001900000,389,14010000702407783,,,1,3014010000687900060,14668
9011001001900000,389,14010000702408002,,,1,3014010000687900060,14676
9011001001900000,389,14010000702410800,,,1,3014010000687900060,14816
9011001001900000,412,14010000702424100,,,1,3014010000687900060,10162
9011001001900000,412,14010000702426311,,,1,3014010000687900060,10250
9011001001900000,412,14010000702427625,,,1,3014010000687900060,10301
9011001001900000,412,14010000702427863,,,1,3014010000687900393,10307
9011001001900000,412,14010000702428025,,,1,3014010000687900550,10314
9011001001900000,412,14010000702431235,,,1,3014010000687900060,10445
9011001001900000,412,14010000702431773,,,1,3014010000687900060,10632
9011001001900000,412,14010000702432649,,,1,3014010000687900060,10666
9011001001900000,412,14010000702433141,,,1,3014010000687900060,10687
9011001001900000,412,14010000702434215,,,1,3014010000687900060,10732
9011001001900000,412,14010000702434664,,,1,3014010000687900060,10748
9011001001900000,412,14010000702435357,,,1,3014010000687900060,10776
9011001001900000,412,14010000702435948,,,1,3014010000687900550,10800
9011001001900000,412,14010000702437665,,,1,3014010000687900550,10866
9011001001900000,412,14010000702439733,,,1,3014010000687900060,10937
9011001001900000,412,14010000702441501,,,1,3014010000687900060,11012
9011001001900000,412,14010000702441833,,,1,3014010000687900060,11023
9011001001900000,412,14010000702442933,,,1,3014010000687900060,11080
9011001001900000,412,14010000702443592,,,1,3014010000687900060,11107
9011001001900000,412,14010000702444458,,,1,3014010000687900060,11140
9011001001900000,414,14010000702456389,,,1,3014010000687900060,13246
9011001001900000,412,14010000702428716,,,1,3014010000687900393,10336
9011001001900000,412,14010000702429860,,,1,3014010000687900393,10381
9011001001900000,412,14010000702430531,,,1,3014010000687900060,10409
9011001001900000,412,14010000702431993,,,1,3014010000687900060,10641
9011001001900000,412,14010000702432211,,,1,3014010000687900060,10649
9011001001900000,414,14010000702458108,,,1,3014010000687900060,13319
9011001001900000,414,14010000702458956,,,1,3014010000687900550,13389
9011001001900000,389,14010000702463716,,,1,3014010000687900060,14692
9011001001900000,389,14010000702465651,,,1,3014010000687900060,14846
9011001001900000,412,14010000702435741,,,1,3014010000687900393,10791
9011001001900000,412,14010000702437236,,,1,3014010000687900060,10850
9011001001900000,412,14010000702437457,,,1,3014010000687900393,10857
9011001001900000,412,14010000702438355,,,1,3014010000687900393,10888
9011001001900000,412,14010000702442020,,,1,3014010000687900060,11030
9011001001900000,412,14010000702442713,,,1,3014010000687900060,11070
9011001001900000,412,14010000702444632,,,1,3014010000687900060,11148
9011001001900000,414,14010000702456207,,,1,3014010000687900060,13233
9011001001900000,414,14010000702457046,,,1,3014010000687900060,13278
9011001001900000,414,14010000702457267,,,1,3014010000687900060,13286
9011001001900000,414,14010000702458316,,,1,3014010000687900550,13330
9011001001900000,414,14010000702458528,,,1,3014010000687900550,13360
9011001001900000,389,14010000702465344,,,1,3014010000687900060,14826
9011001001900000,389,14010000702465805,,,1,3014010000687900060,14856
9011001001900000,389,14010000702394854,,,1,3014010000687900060,14164
9011001001900000,389,14010000702395100,,,1,3014010000687900060,14178
9011001001900000,389,14010000702395278,,,1,3014010000687900060,14195
9011001001900000,389,14010000702395506,,,1,3014010000687900060,14208
9011001001900000,389,14010000702396616,,,1,3014010000687900060,14260
9011001001900000,389,14010000702396836,,,1,3014010000687900060,14268
9011001001900000,412,14010000702397711,,,1,3014010000687900060,10492
9011001001900000,412,14010000702399686,,,1,3014010000687900060,10569
9011001001900000,412,14010000702400347,,,1,3014010000687900060,10593
9011001001900000,412,14010000702401007,,,1,3014010000687900060,10617
9011001001900000,389,14010000702401446,,,1,3014010000687900060,14436
9011001001900000,389,14010000702402322,,,1,3014010000687900060,14468
9011001001900000,389,14010000702402976,,,1,3014010000687900060,14492
9011001001900000,389,14010000702403630,,,1,3014010000687900060,14516
9011001001900000,389,14010000702404284,,,1,3014010000687900060,14540
9011001001900000,389,14010000702405157,,,1,3014010000687900060,14572
9011001001900000,389,14010000702405375,,,1,3014010000687900060,14580
9011001001900000,389,14010000702405595,,,1,3014010000687900060,14588
9011001001900000,389,14010000702405813,,,1,3014010000687900060,14596
9011001001900000,389,14010000702407124,,,1,3014010000687900060,14644
9011001001900000,389,14010000702408223,,,1,3014010000687900060,14684
9011001001900000,389,14010000702409595,,,1,3014010000687900060,14753
9011001001900000,389,14010000702409796,,,1,3014010000687900060,14763
9011001001900000,389,14010000702409996,,,1,3014010000687900060,14775
9011001001900000,389,14010000702410198,,,1,3014010000687900060,14785
9011001001900000,412,14010000702412184,,,1,3014010000687900060,11211
9011001001900000,412,14010000702412589,,,1,3014010000687900060,11249
9011001001900000,412,14010000702422483,,,1,3014010000687900060,10048
9011001001900000,412,14010000702423420,,,1,3014010000687900188,10125
9011001001900000,412,14010000702424012,,,1,3014010000687900188,10156
9011001001900000,412,14010000702426087,,,1,3014010000687900550,10242
9011001001900000,412,14010000702427131,,,1,3014010000687900550,10283
9011001001900000,412,14010000702428492,,,1,3014010000687900060,10329
9011001001900000,412,14010000702429605,,,1,3014010000687900060,10369
9011001001900000,412,14010000702431110,,,1,3014010000687900393,10435
9011001001900000,412,14010000702432910,,,1,3014010000687900060,10676
9011001001900000,412,14010000702434476,,,1,3014010000687900060,10742
9011001001900000,412,14010000702435063,,,1,3014010000687900060,10767
9011001001900000,412,14010000702436374,,,1,3014010000687900060,10816
9011001001900000,412,14010000702439462,,,1,3014010000687900060,10926
9011001001900000,412,14010000702440536,,,1,3014010000687900393,10973
9011001001900000,412,14010000702440878,,,1,3014010000687900060,10986
9011001001900000,412,14010000702441171,,,1,3014010000687900060,10999
9011001001900000,412,14010000702442275,,,1,3014010000687900060,11046
9011001001900000,412,14010000702443153,,,1,3014010000687900060,11088
9011001001900000,412,14010000702444033,,,1,3014010000687900060,11124
9011001001900000,412,14010000702445205,,,1,3014010000687900060,11178
9011001001900000,412,14010000702445429,,,1,3014010000687900060,11192
9011001001900000,414,14010000702455551,,,1,3014010000687900060,13179
9011001001900000,414,14010000702455707,,,1,3014010000687900060,13198
9011001001900000,414,14010000702455925,,,1,3014010000687900060,13217
9011001001900000,414,14010000702456826,,,1,3014010000687900060,13270
9011001001900000,414,14010000702457708,,,1,3014010000687900060,13302
9011001001900000,414,14010000702457927,,,1,3014010000687900060,13310
9011001001900000,414,14010000702458742,,,1,3014010000687900550,13380
9011001001900000,389,14010000702463785,,,1,3014010000687900060,14700
9011001001900000,389,14010000702463961,,,1,3014010000687900060,14722
9011001001900000,389,14010000702464087,,,1,3014010000687900060,14733
9011001001900000,389,14010000702394210,,,1,3014010000687900060,14126
9011001001900000,389,14010000702394653,,,1,3014010000687900060,14154
9011001001900000,389,14010000702395717,,,1,3014010000687900060,14222
9011001001900000,389,14010000702395960,,,1,3014010000687900060,14234
9011001001900000,412,14010000702397056,,,1,3014010000687900060,10457
9011001001900000,412,14010000702398149,,,1,3014010000687900060,10512
9011001001900000,412,14010000702398368,,,1,3014010000687900060,10521
9011001001900000,412,14010000702398809,,,1,3014010000687900060,10537
9011001001900000,412,14010000702399029,,,1,3014010000687900060,10545
9011001001900000,412,14010000702399248,,,1,3014010000687900060,10553
9011001001900000,412,14010000702399467,,,1,3014010000687900060,10561
9011001001900000,412,14010000702400787,,,1,3014010000687900060,10609
9011001001900000,412,14010000702401227,,,1,3014010000687900060,10625
9011001001900000,389,14010000702402758,,,1,3014010000687900060,14484
9011001001900000,389,14010000702404720,,,1,3014010000687900060,14556
9011001001900000,389,14010000702406905,,,1,3014010000687900060,14636
9011001001900000,412,14010000702423719,,,1,3014010000687900188,10139
9011001001900000,412,14010000702424401,,,1,3014010000687900393,10176
9011001001900000,412,14010000702426922,,,1,3014010000687900060,10273
9011001001900000,412,14010000702428922,,,1,3014010000687900550,10344
9011001001900000,412,14010000702430754,,,1,3014010000687900060,10419
9011001001900000,412,14010000702432430,,,1,3014010000687900060,10657
9011001001900000,412,14010000702433468,,,1,3014010000687900060,10701
9011001001900000,412,14010000702433608,,,1,3014010000687900148,10708
9011001001900000,412,14010000702433685,,,1,3014010000687900060,10712
9011001001900000,412,14010000702433948,,,1,3014010000687900060,10722
9011001001900000,412,14010000702434847,,,1,3014010000687900060,10756
9011001001900000,412,14010000702435591,,,1,3014010000687900060,10786
9011001001900000,412,14010000702436561,,,1,3014010000687900393,10825
9011001001900000,412,14010000702436767,,,1,3014010000687900550,10832
9011001001900000,412,14010000702438133,,,1,3014010000687900060,10881
9011001001900000,412,14010000702438561,,,1,3014010000687900550,10896
9011001001900000,412,14010000702438826,,,1,3014010000687900550,10905
9011001001900000,412,14010000702439210,,,1,3014010000687900060,10917
9011001001900000,412,14010000702442494,,,1,3014010000687900060,11058
9011001001900000,412,14010000702443373,,,1,3014010000687900060,11098
9011001001900000,412,14010000702443813,,,1,3014010000687900060,11115
9011001001900000,412,14010000702444251,,,1,3014010000687900060,11132
9011001001900000,412,14010000702444805,,,1,3014010000687900060,11157
9011001001900000,412,14010000702445005,,,1,3014010000687900060,11168
9011001001900000,414,14010000702456608,,,1,3014010000687900060,13261
9011001001900000,414,14010000702457489,,,1,3014010000687900060,13294
9011001001900000,389,14010000702463856,,,1,3014010000687900060,14710
9011001001900000,389,14010000702464213,,,1,3014010000687900060,14743
9011001001900000,389,14010000702465497,,,1,3014010000687900060,14836
9011001001900000,389,14010000702466002,,,1,3014010000687900060,14867
9011001001900000,412,14010000705739335,,,1,3014010000687900060,11265
9011001001900000,412,14010000705739695,,,1,3014010000687900060,11287
9011001001900000,412,14010000705739850,,,1,3014010000687900060,11298
9011001001900000,412,14010000705739993,,,1,3014010000687900060,11310
9011001001900000,412,14010000705740226,,,1,3014010000687900060,11338
9011001001900000,412,14010000705739500,,,1,3014010000687900060,11277
9011001001900000,385,14010000705754561,,,1,3014010000687900060,17014
9011001001900000,412,14010000711571158,,,1,3014010000687900110,10113
9011001001900000,412,14010000711571312,,,1,3014010000687900357,10182
9011001001900000,412,14010000711571531,,,1,3014010000687900110,10234
9011001001900000,412,14010000711571609,,,1,3014010000687900110,10257
9011001001900000,412,14010000711571722,,,1,3014010000687900110,10292
9011001001900000,412,14010000711571944,,,1,3014010000687900110,10351
9011001001900000,412,14010000711573691,,,1,3014010000687900110,10808
9011001001900000,412,14010000711573914,,,1,3014010000687900110,10874
9011001001900000,414,14010000711642109,,,1,3014010000687907241,13422
9011001001900000,412,14010000711571057,,,1,3014010000681481416,10070
9011001001900000,412,14010000711571346,,,1,3014010000687900110,10187
9011001001900000,412,14010000711571386,,,1,3014010000687900110,10197
9011001001900000,412,14010000711572089,,,1,3014010000687900110,10394
9011001001900000,412,14010000711572174,,,1,3014010000687900110,10428
9011001001900000,414,14010000711641968,,,1,3014010000687900110,13397
9011001001900000,414,14010000711642051,,,1,3014010000687907241,13412
9011001001900000,389,14010000711649137,,,1,3014010000687907241,15083
9011001001900000,389,14010000711914043,,,1,3014010000687907241,14102
9011001001900000,389,14010000711914101,,,1,3014010000687907241,14112
9011001001900000,412,14010000711571095,,,1,3014010000687900110,10091
9011001001900000,412,14010000711571120,,,1,3014010000711570965,10096
9011001001900000,412,14010000711571232,,,1,3014010000687900110,10144
9011001001900000,412,14010000711571494,,,1,3014010000687900110,10224
9011001001900000,412,14010000711571981,,,1,3014010000687900110,10360
9011001001900000,412,14010000711574207,,,1,3014010000687900110,10952
9011001001900000,412,14010000711574244,,,1,3014010000687900110,10962
9011001001900000,389,14010000711649113,,,1,3014010000687907241,15073
9011001001900000,412,14010000711571195,,,1,3014010000687900110,10129
9011001001900000,412,14010000711571274,,,1,3014010000687900357,10169
9011001001900000,412,14010000711571421,,,1,3014010000687900110,10205
9011001001900000,412,14010000711571458,,,1,3014010000687900110,10215
9011001001900000,412,14010000711571833,,,1,3014010000687900110,10322
9011001001900000,412,14010000711573803,,,1,3014010000687900110,10843
9011001001900000,414,14010000711641994,,,1,3014010000687907241,13402
9011001001900000,389,14010000711914156,,,1,3014010000687907241,14119
9011001001900000,389,14010000732413233,,,1,3014010000687907241,14062
9011001001900000,389,14010000732413350,,,1,3014010000687907241,14092
9011001001900000,389,14010000732413306,,,1,3014010000687907241,14076
9011001001900000,389,14010000732412881,,,1,3014010000687907241,14003
9011001001900000,389,14010000732412982,,,1,3014010000687907241,14017
9011001001900000,389,14010000732413147,,,1,3014010000687907241,14037
9011001001900000,385,14010100702394854,,,1,3014010000687900060,16164
9011001001900000,385,14010100702395717,,,1,3014010000687900060,16222
9011001001900000,385,14010100702396179,,,1,3014010000687900060,16245
9011001001900000,385,14010100702396616,,,1,3014010000687900060,16261
9011001001900000,414,14010100702397275,,,1,3014010000687900060,12467
9011001001900000,414,14010100702397711,,,1,3014010000687900060,12491
9011001001900000,414,14010100702398589,,,1,3014010000687900060,12528
9011001001900000,414,14010100702399029,,,1,3014010000687900060,12544
9011001001900000,414,14010100702400567,,,1,3014010000687900060,12600
9011001001900000,385,14010100702395100,,,1,3014010000687900060,16178
9011001001900000,385,14010100702395506,,,1,3014010000687900060,16208
9011001001900000,385,14010100702396397,,,1,3014010000687900060,16253
9011001001900000,414,14010100702397493,,,1,3014010000687900060,12480
9011001001900000,414,14010100702397930,,,1,3014010000687900060,12503
9011001001900000,414,14010100702399248,,,1,3014010000687900060,12552
9011001001900000,414,14010100702400787,,,1,3014010000687900060,12608
9011001001900000,414,14010100702401007,,,1,3014010000687900060,12616
9011001001900000,414,14010100702401227,,,1,3014010000687900060,12624
9011001001900000,385,14010100702401885,,,1,3014010000687900060,16453
9011001001900000,385,14010100702402540,,,1,3014010000687900060,16477
9011001001900000,385,14010100702394210,,,1,3014010000687900060,16127
9011001001900000,385,14010100702394438,,,1,3014010000687900060,16140
9011001001900000,385,14010100702394653,,,1,3014010000687900060,16154
9011001001900000,385,14010100702395278,,,1,3014010000687900060,16196
9011001001900000,414,14010100702398809,,,1,3014010000687900060,12536
9011001001900000,414,14010100702400128,,,1,3014010000687900060,12584
9011001001900000,414,14010100702400347,,,1,3014010000687900060,12592
9011001001900000,385,14010100702402322,,,1,3014010000687900060,16469
9011001001900000,385,14010100702403194,,,1,3014010000687900060,16501
9011001001900000,385,14010100702404502,,,1,3014010000687900060,16549
9011001001900000,385,14010100702401446,,,1,3014010000687900060,16437
9011001001900000,385,14010100702402758,,,1,3014010000687900060,16485
9011001001900000,385,14010100702402976,,,1,3014010000687900060,16493
9011001001900000,385,14010100702403848,,,1,3014010000687900060,16525
9011001001900000,385,14010100702404284,,,1,3014010000687900060,16541
9011001001900000,385,14010100702404938,,,1,3014010000687900060,16565
9011001001900000,385,14010100702405157,,,1,3014010000687900060,16573
9011001001900000,385,14010100702405375,,,1,3014010000687900060,16581
9011001001900000,385,14010100702405595,,,1,3014010000687900060,16589
9011001001900000,385,14010100702403412,,,1,3014010000687900060,16509
9011001001900000,385,14010100702405813,,,1,3014010000687900060,16597
9011001001900000,385,14010100702406685,,,1,3014010000687900060,16629
9011001001900000,385,14010100702407563,,,1,3014010000687900060,16661
9011001001900000,385,14010100702408223,,,1,3014010000687900060,16685
9011001001900000,385,14010100702409595,,,1,3014010000687900060,16754
9011001001900000,385,14010100702410599,,,1,3014010000687900060,16807
9011001001900000,385,14010100702407783,,,1,3014010000687900060,16669
9011001001900000,385,14010100702408002,,,1,3014010000687900060,16677
9011001001900000,385,14010100702409996,,,1,3014010000687900060,16776
9011001001900000,385,14010100702410198,,,1,3014010000687900060,16786
9011001001900000,385,14010100702410800,,,1,3014010000687900060,16817
9011001001900000,385,14010100702412589,,,1,3014010000687900060,16927
9011001001900000,414,14010100702422483,,,1,3014010000687900060,12047
9011001001900000,414,14010100702423420,,,1,3014010000687900188,12124
9011001001900000,414,14010100702424012,,,1,3014010000687900188,12155
9011001001900000,414,14010100702426922,,,1,3014010000687900060,12272
9011001001900000,385,14010100702406031,,,1,3014010000687900060,16605
9011001001900000,385,14010100702406249,,,1,3014010000687900060,16613
9011001001900000,385,14010100702407124,,,1,3014010000687900060,16645
9011001001900000,385,14010100702407342,,,1,3014010000687900060,16653
9011001001900000,385,14010100702410399,,,1,3014010000687900060,16797
9011001001900000,385,14010100702412184,,,1,3014010000687900060,16891
9011001001900000,385,14010100702412386,,,1,3014010000687900060,16908
9011001001900000,414,14010100702422343,,,1,3014010000687900060,12025
9011001001900000,414,14010100702423301,,,1,3014010000687900188,12115
9011001001900000,414,14010100702426087,,,1,3014010000687900550,12241
9011001001900000,414,14010100702426311,,,1,3014010000687900060,12249
9011001001900000,414,14010100702427625,,,1,3014010000687900060,12300
9011001001900000,414,14010100702428492,,,1,3014010000687900060,12328
9011001001900000,414,14010100702428716,,,1,3014010000687900393,12335
9011001001900000,414,14010100702429605,,,1,3014010000687900060,12368
9011001001900000,414,14010100702429860,,,1,3014010000687900393,12380
9011001001900000,414,14010100702431993,,,1,3014010000687900060,12640
9011001001900000,414,14010100702432211,,,1,3014010000687900060,12648
9011001001900000,414,14010100702432910,,,1,3014010000687900060,12675
9011001001900000,414,14010100702430754,,,1,3014010000687900060,12418
9011001001900000,414,14010100702431235,,,1,3014010000687900060,12444
9011001001900000,414,14010100702431773,,,1,3014010000687900060,12631
9011001001900000,414,14010100702428922,,,1,3014010000687900550,12343
9011001001900000,414,14010100702432430,,,1,3014010000687900060,12656
9011001001900000,414,14010100702435357,,,1,3014010000687900060,12775
9011001001900000,414,14010100702434476,,,1,3014010000687900060,12741
9011001001900000,414,14010100702434664,,,1,3014010000687900060,12747
9011001001900000,414,14010100702434847,,,1,3014010000687900060,12755
9011001001900000,414,14010100702435591,,,1,3014010000687900060,12785
9011001001900000,414,14010100702437457,,,1,3014010000687900393,12856
9011001001900000,414,14010100702438355,,,1,3014010000687900393,12887
9011001001900000,414,14010100702433468,,,1,3014010000687900060,12700
9011001001900000,414,14010100702433608,,,1,3014010000687900148,12707
9011001001900000,414,14010100702434215,,,1,3014010000687900060,12731
9011001001900000,414,14010100702435063,,,1,3014010000687900060,12766
9011001001900000,414,14010100702435741,,,1,3014010000687900393,12790
9011001001900000,414,14010100702436561,,,1,3014010000687900393,12824
9011001001900000,414,14010100702436767,,,1,3014010000687900550,12831
9011001001900000,414,14010100702437236,,,1,3014010000687900060,12849
9011001001900000,414,14010100702437665,,,1,3014010000687900550,12865
9011001001900000,414,14010100702438133,,,1,3014010000687900060,12880
9011001001900000,414,14010100702438561,,,1,3014010000687900550,12895
9011001001900000,414,14010100702439733,,,1,3014010000687900060,12936
9011001001900000,414,14010100702441501,,,1,3014010000687900060,13011
9011001001900000,414,14010100702442275,,,1,3014010000687900060,13045
9011001001900000,414,14010100702444458,,,1,3014010000687900060,13139
9011001001900000,414,14010100702444805,,,1,3014010000687900060,13156
9011001001900000,385,14010100702445429,,,1,3014010000687900060,16873
9011001001900000,414,14010100702439210,,,1,3014010000687900060,12916
9011001001900000,414,14010100702442020,,,1,3014010000687900060,13029
9011001001900000,414,14010100702442494,,,1,3014010000687900060,13057
9011001001900000,414,14010100702442713,,,1,3014010000687900060,13069
9011001001900000,414,14010100702442933,,,1,3014010000687900060,13079
9011001001900000,414,14010100702443592,,,1,3014010000687900060,13106
9011001001900000,414,14010100702444033,,,1,3014010000687900060,13123
9011001001900000,389,14010100702455707,,,1,3014010000687900060,14884
9011001001900000,389,14010100702457046,,,1,3014010000687900060,14956
9011001001900000,414,14010100702441833,,,1,3014010000687900060,13022
9011001001900000,414,14010100702443813,,,1,3014010000687900060,13114
9011001001900000,414,14010100702444251,,,1,3014010000687900060,13131
9011001001900000,414,14010100702445005,,,1,3014010000687900060,13166
9011001001900000,389,14010100702455925,,,1,3014010000687900060,14900
9011001001900000,389,14010100702456608,,,1,3014010000687900060,14940
9011001001900000,389,14010100702456826,,,1,3014010000687900060,14948
9011001001900000,385,14010100702463856,,,1,3014010000687900060,16711
9011001001900000,389,14010100702458742,,,1,3014010000687900550,15051
9011001001900000,385,14010100702464213,,,1,3014010000687900060,16744
9011001001900000,385,14010100702465651,,,1,3014010000687900060,16847
9011001001900000,385,14010100702465805,,,1,3014010000687900060,16857
9011001001900000,389,14010100702457267,,,1,3014010000687900060,14964
9011001001900000,389,14010100702457927,,,1,3014010000687900060,14988
9011001001900000,389,14010100702458108,,,1,3014010000687900060,14997
9011001001900000,385,14010100702463716,,,1,3014010000687900060,16693
9011001001900000,385,14010100702465497,,,1,3014010000687900060,16837
9011001001900000,385,14010100705739335,,,1,3014010000687900060,16941
9011001001900000,385,14010100705739695,,,1,3014010000687900060,16962
9011001001900000,385,14010100705739850,,,1,3014010000687900060,16973
9011001001900000,385,14010100705739993,,,1,3014010000687900060,16986
9011001001900000,385,14010100702395960,,,1,3014010000687900060,16235
9011001001900000,385,14010100702396836,,,1,3014010000687900060,16269
9011001001900000,414,14010100702397056,,,1,3014010000687900060,12456
9011001001900000,414,14010100702398149,,,1,3014010000687900060,12511
9011001001900000,414,14010100702398368,,,1,3014010000687900060,12520
9011001001900000,414,14010100702399467,,,1,3014010000687900060,12560
9011001001900000,414,14010100702399686,,,1,3014010000687900060,12568
9011001001900000,414,14010100702399906,,,1,3014010000687900060,12576
9011001001900000,385,14010100702401665,,,1,3014010000687900060,16445
9011001001900000,385,14010100702402104,,,1,3014010000687900060,16461
9011001001900000,385,14010100702403630,,,1,3014010000687900060,16517
9011001001900000,385,14010100702404066,,,1,3014010000687900060,16533
9011001001900000,385,14010100702404720,,,1,3014010000687900060,16557
9011001001900000,385,14010100702406467,,,1,3014010000687900060,16621
9011001001900000,385,14010100702406905,,,1,3014010000687900060,16637
9011001001900000,385,14010100702409796,,,1,3014010000687900060,16764
9011001001900000,414,14010100702423719,,,1,3014010000687900188,12138
9011001001900000,414,14010100702424100,,,1,3014010000687900060,12161
9011001001900000,414,14010100702424401,,,1,3014010000687900393,12175
9011001001900000,414,14010100702426658,,,1,3014010000687900393,12264
9011001001900000,414,14010100702427131,,,1,3014010000687900550,12282
9011001001900000,414,14010100702427863,,,1,3014010000687900393,12306
9011001001900000,414,14010100702428025,,,1,3014010000687900550,12313
9011001001900000,414,14010100711571057,,,1,3014010000681481416,12068
9011001001900000,414,14010100711571120,,,1,3014010000711570965,12095
9011001001900000,414,14010100711571346,,,1,3014010000687900110,12186
9011001001900000,414,14010100711571833,,,1,3014010000687900110,12321
9011001001900000,414,14010100711571981,,,1,3014010000687900110,12359
9011001001900000,414,14010100711571195,,,1,3014010000687900110,12128
9011001001900000,389,14010100711641968,,,1,3014010000687900110,15068
9011001001900000,389,14010100711642109,,,1,3014010000687907241,15093
9011001001900000,414,14010100702430531,,,1,3014010000687900060,12408
9011001001900000,414,14010100702431110,,,1,3014010000687900393,12434
9011001001900000,414,14010100702432649,,,1,3014010000687900060,12665
9011001001900000,414,14010100702433141,,,1,3014010000687900060,12686
9011001001900000,414,14010100702433685,,,1,3014010000687900060,12711
9011001001900000,414,14010100702433948,,,1,3014010000687900060,12721
9011001001900000,414,14010100711571232,,,1,3014010000687900110,12143
9011001001900000,414,14010100711571421,,,1,3014010000687900110,12204
9011001001900000,414,14010100711571722,,,1,3014010000687900110,12291
9011001001900000,414,14010100711572174,,,1,3014010000687900110,12427
9011001001900000,414,14010100711573914,,,1,3014010000687900110,12873
9011001001900000,414,14010100702435948,,,1,3014010000687900550,12799
9011001001900000,414,14010100702436374,,,1,3014010000687900060,12815
9011001001900000,414,14010100702438826,,,1,3014010000687900550,12904
9011001001900000,414,14010100702439462,,,1,3014010000687900060,12925
9011001001900000,414,14010100702440536,,,1,3014010000687900393,12972
9011001001900000,414,14010100702440878,,,1,3014010000687900060,12985
9011001001900000,414,14010100702441171,,,1,3014010000687900060,12998
9011001001900000,414,14010100702443153,,,1,3014010000687900060,13087
9011001001900000,385,14010100711914043,,,1,3014010000687907241,16102
9011001001900000,385,14010100711914101,,,1,3014010000687907241,16112
9011001001900000,385,14010100711914156,,,1,3014010000687907241,16119
9011001001900000,414,14010100711571095,,,1,3014010000687900110,12091
9011001001900000,414,14010100711571158,,,1,3014010000687900110,12112
9011001001900000,414,14010100711571274,,,1,3014010000687900357,12168
9011001001900000,414,14010100711571312,,,1,3014010000687900357,12181
9011001001900000,414,14010100711571458,,,1,3014010000687900110,12214
9011001001900000,414,14010100711571494,,,1,3014010000687900110,12223
9011001001900000,414,14010100711571531,,,1,3014010000687900110,12233
9011001001900000,414,14010100711571609,,,1,3014010000687900110,12256
9011001001900000,414,14010100711572089,,,1,3014010000687900110,12393
9011001001900000,414,14010100711573691,,,1,3014010000687900110,12807
9011001001900000,414,14010100711573803,,,1,3014010000687900110,12842
9011001001900000,414,14010100711574207,,,1,3014010000687900110,12951
9011001001900000,414,14010100702443373,,,1,3014010000687900060,13097
9011001001900000,414,14010100702444632,,,1,3014010000687900060,13147
9011001001900000,389,14010100702456207,,,1,3014010000687900060,14918
9011001001900000,389,14010100702456389,,,1,3014010000687900060,14931
9011001001900000,389,14010100702457489,,,1,3014010000687900060,14972
9011001001900000,389,14010100702457708,,,1,3014010000687900060,14980
9011001001900000,389,14010100702458316,,,1,3014010000687900550,15007
9011001001900000,389,14010100702458528,,,1,3014010000687900550,15033
9011001001900000,389,14010100702458956,,,1,3014010000687900550,15060
9011001001900000,385,14010100702463785,,,1,3014010000687900060,16701
9011001001900000,385,14010100702463961,,,1,3014010000687900060,16723
9011001001900000,385,14010100702464087,,,1,3014010000687900060,16734
9011001001900000,385,14010100702465344,,,1,3014010000687900060,16827
9011001001900000,385,14010100702466002,,,1,3014010000687900060,16867
9011001001900000,385,14010100732412982,,,1,3014010000687907241,16017
9011001001900000,385,14010100732412881,,,1,3014010000687907241,16003
9011001001900000,385,14010100732413350,,,1,3014010000687907241,16092
9011001001900000,385,14010100732413233,,,1,3014010000687907241,16062
9011001001900000,385,14010100705739500,,,1,3014010000687900060,16952
9011001001900000,389,14010200702399029,,,1,3014010000687900060,14348
9011001001900000,389,14010200702399906,,,1,3014010000687900060,14380
9011001001900000,389,14010200702400128,,,1,3014010000687900060,14388
9011001001900000,389,14010200702400347,,,1,3014010000687900060,14396
9011001001900000,414,14010100711571386,,,1,3014010000687900110,12196
9011001001900000,414,14010100711571944,,,1,3014010000687900110,12350
9011001001900000,414,14010100711574244,,,1,3014010000687900110,12961
9011001001900000,389,14010200702397711,,,1,3014010000687900060,14300
9011001001900000,389,14010200702397930,,,1,3014010000687900060,14308
9011001001900000,389,14010200702398149,,,1,3014010000687900060,14316
9011001001900000,389,14010200702398589,,,1,3014010000687900060,14332
9011001001900000,389,14010200702400567,,,1,3014010000687900060,14404
9011001001900000,389,14010200702400787,,,1,3014010000687900060,14412
9011001001900000,389,14010200702397493,,,1,3014010000687900060,14292
9011001001900000,389,14010200702398368,,,1,3014010000687900060,14324
9011001001900000,389,14010200702398809,,,1,3014010000687900060,14340
9011001001900000,389,14010200702399248,,,1,3014010000687900060,14356
9011001001900000,389,14010200702399467,,,1,3014010000687900060,14364
9011001001900000,389,14010200702401007,,,1,3014010000687900060,14420
9011001001900000,385,14010300702397056,,,1,3014010000687900060,16277
9011001001900000,385,14010300702398149,,,1,3014010000687900060,16317
9011001001900000,385,14010300702398368,,,1,3014010000687900060,16325
9011001001900000,385,14010300702399029,,,1,3014010000687900060,16349
9011001001900000,385,14010300702400787,,,1,3014010000687900060,16413
9011001001900000,385,14010300702397493,,,1,3014010000687900060,16293
9011001001900000,385,14010300702398589,,,1,3014010000687900060,16333
9011001001900000,385,14010300702399248,,,1,3014010000687900060,16357
9011001001900000,385,14010300702399467,,,1,3014010000687900060,16365
9011001001900000,385,14010300702400128,,,1,3014010000687900060,16389
9011001001900000,385,14010300702400347,,,1,3014010000687900060,16397
9011001001900000,385,14010300702400567,,,1,3014010000687900060,16405
9011001001900000,385,14010300702399906,,,1,3014010000687900060,16381
9011001001900000,385,14010300702401007,,,1,3014010000687900060,16421
9011001001900000,385,14010100732413147,,,1,3014010000687907241,16037
9011001001900000,385,14010100732413306,,,1,3014010000687907241,16077
9011001001900000,389,14010200702397056,,,1,3014010000687900060,14276
9011001001900000,389,14010200702397275,,,1,3014010000687900060,14284
9011001001900000,389,14010200702399686,,,1,3014010000687900060,14372
9011001001900000,389,14010200702401227,,,1,3014010000687900060,14428
9011001001900000,385,14010300702397275,,,1,3014010000687900060,16285
9011001001900000,385,14010300702397711,,,1,3014010000687900060,16301
9011001001900000,385,14010300702397930,,,1,3014010000687900060,16309
9011001001900000,385,14010300702398809,,,1,3014010000687900060,16341
9011001001900000,385,14010300702399686,,,1,3014010000687900060,16373
9011001001900000,385,14010300702401227,,,1,3014010000687900060,16429
9011001001900000,389,14010000702394552,,,0,3014010000574329718,14149
9011001001900000,389,14010000702395031,,,0,3014010000537447983,14175
9011001001900000,389,14010000702395429,,,0,3014010000537447983,14203
9011001001900000,412,14010000702396321,,,0,3014010000537447983,10422
9011001001900000,412,14010000702398073,,,0,3014010000537447983,10509
9011001001900000,389,14010000702394898,,,0,3014010000537447983,14165
9011001001900000,389,14010000702395177,,,0,3014010000537447983,14189
9011001001900000,389,14010000702395672,,,0,3014010000537447983,14218
9011001001900000,389,14010000702395883,,,0,3014010000537447983,14231
9011001001900000,389,14010000702396102,,,0,3014010000537447983,14240
9011001001900000,412,14010000702397199,,,0,3014010000537447983,10463
9011001001900000,412,14010000702398732,,,0,3014010000537447983,10534
9011001001900000,412,14010000702399390,,,0,3014010000537447983,10558
9011001001900000,412,14010000702399609,,,0,3014010000537447983,10566
9011001001900000,412,14010000702400271,,,0,3014010000537447983,10590
9011001001900000,412,14010000702400711,,,0,3014010000537447983,10606
9011001001900000,389,14010000702401151,,,0,3014010000537447983,14425
9011001001900000,389,14010000702401370,,,0,3014010000537447983,14433
9011001001900000,389,14010000702403554,,,0,3014010000537447983,14513
9011001001900000,389,14010000702404426,,,0,3014010000537447983,14545
9011001001900000,389,14010000702404644,,,0,3014010000537447983,14553
9011001001900000,389,14010000702404862,,,0,3014010000537447983,14561
9011001001900000,389,14010000702406829,,,0,3014010000537447983,14633
9011001001900000,389,14010000702407266,,,0,3014010000537447983,14649
9011001001900000,389,14010000702407926,,,0,3014010000537447983,14673
9011001001900000,389,14010000702408147,,,0,3014010000537447983,14681
9011001001900000,412,14010000702400931,,,0,3014010000537447983,10614
9011001001900000,389,14010000702401809,,,0,3014010000537447983,14449
9011001001900000,389,14010000702403336,,,0,3014010000537447983,14505
9011001001900000,389,14010000702403772,,,0,3014010000537447983,14521
9011001001900000,389,14010000702405080,,,0,3014010000537447983,14569
9011001001900000,389,14010000702406391,,,0,3014010000537447983,14617
9011001001900000,389,14010000702408913,,,0,3014010000537447983,14719
9011001001900000,389,14010000702409316,,,0,3014010000537447983,14740
9011001001900000,389,14010000702409518,,,0,3014010000537447983,14750
9011001001900000,389,14010000702410925,,,0,3014010000537447983,14823
9011001001900000,389,14010000702411126,,,0,3014010000537447983,14833
9011001001900000,389,14010000702411332,,,0,3014010000537447983,14843
9011001001900000,389,14010000702411530,,,0,3014010000537447983,14853
9011001001900000,412,14010000702422299,,,0,3014010000574329787,10023
9011001001900000,412,14010000702422594,,,0,3014010000537447983,10056
9011001001900000,412,14010000702422963,,,0,3014010000537447983,10093
9011001001900000,412,14010000702425184,,,0,3014010000537447983,10206
9011001001900000,412,14010000702426529,,,0,3014010000574329834,10259
9011001001900000,412,14010000702426797,,,0,3014010000574329834,10270
9011001001900000,389,14010000702406609,,,0,3014010000537447983,14625
9011001001900000,412,14010000702413405,,,0,3014010000537447983,11297
9011001001900000,412,14010000702422819,,,0,3014010000537447983,10079
9011001001900000,412,14010000702423084,,,0,3014010000574329718,10100
9011001001900000,412,14010000702423208,,,0,3014010000537447983,10111
9011001001900000,412,14010000702423464,,,0,3014010000537447983,10126
9011001001900000,412,14010000702423795,,,0,3014010000537447983,10146
9011001001900000,412,14010000702424900,,,0,3014010000537447983,10196
9011001001900000,412,14010000702425346,,,0,3014010000537447983,10213
9011001001900000,412,14010000702425603,,,0,3014010000537447983,10223
9011001001900000,412,14010000702428781,,,0,3014010000574353378,10338
9011001001900000,412,14010000702429186,,,0,3014010000574329834,10353
9011001001900000,412,14010000702429230,,,0,3014010000537447983,10354
9011001001900000,412,14010000702432135,,,0,3014010000537447983,10646
9011001001900000,412,14010000702432539,,,0,3014010000537447983,10662
9011001001900000,412,14010000702433992,,,0,3014010000537447983,10725
9011001001900000,412,14010000702436330,,,0,3014010000574353378,10815
9011001001900000,412,14010000702437522,,,0,3014010000574353378,10859
9011001001900000,412,14010000702438420,,,0,3014010000574353378,10890
9011001001900000,412,14010000702439279,,,0,3014010000574353378,10919
9011001001900000,412,14010000702439507,,,0,3014010000537447983,10927
9011001001900000,412,14010000702439688,,,0,3014010000537447983,10936
9011001001900000,412,14010000702439907,,,0,3014010000537447983,10946
9011001001900000,412,14010000702440609,,,0,3014010000537447983,10975
9011001001900000,412,14010000702441707,,,0,3014010000574329834,11019
9011001001900000,412,14010000702441751,,,0,3014010000537447983,11020
9011001001900000,412,14010000702442417,,,0,3014010000537447983,11054
9011001001900000,412,14010000702443516,,,0,3014010000537447983,11104
9011001001900000,412,14010000702443736,,,0,3014010000537447983,11112
9011001001900000,412,14010000702444175,,,0,3014010000537447983,11129
9011001001900000,412,14010000702445548,,,0,3014010000644874160,11209
9011001001900000,414,14010000702455595,,,0,3014010000537447983,13182
9011001001900000,412,14010000702426878,,,0,3014010000537447983,10272
9011001001900000,412,14010000702427095,,,0,3014010000537447983,10282
9011001001900000,412,14010000702427331,,,0,3014010000537447983,10291
9011001001900000,412,14010000702428330,,,0,3014010000574329834,10324
9011001001900000,412,14010000702429451,,,0,3014010000537447983,10363
9011001001900000,412,14010000702430332,,,0,3014010000574329834,10402
9011001001900000,412,14010000702430604,,,0,3014010000537447983,10414
9011001001900000,412,14010000702432354,,,0,3014010000537447983,10654
9011001001900000,412,14010000702432799,,,0,3014010000537447983,10672
9011001001900000,412,14010000702433061,,,0,3014010000537447983,10683
9011001001900000,412,14010000702434553,,,0,3014010000537447983,10744
9011001001900000,414,14010000702457744,,,0,3014010000574353378,13303
9011001001900000,414,14010000702458145,,,0,3014010000574353378,13320
9011001001900000,414,14010000702459885,,,0,3014010000574329718,13435
9011001001900000,414,14010000702459980,,,0,3014010000574329718,13446
9011001001900000,414,14010000702460000,,,0,3014010000574329718,13461
9011001001900000,389,14010000702464696,,,0,3014010000537447983,14782
9011001001900000,412,14010000702435843,,,0,3014010000574329834,10797
9011001001900000,412,14010000702436142,,,0,3014010000574353378,10807
9011001001900000,412,14010000702436968,,,0,3014010000574329787,10841
9011001001900000,412,14010000702437416,,,0,3014010000537447983,10856
9011001001900000,412,14010000702437968,,,0,3014010000574329834,10876
9011001001900000,412,14010000702438749,,,0,3014010000574329787,10902
9011001001900000,412,14010000702439643,,,0,3014010000574329834,10935
9011001001900000,412,14010000702440384,,,0,3014010000537447983,10967
9011001001900000,412,14010000702441208,,,0,3014010000574353378,11001
9011001001900000,412,14010000702442199,,,0,3014010000537447983,11041
9011001001900000,412,14010000702443296,,,0,3014010000537447983,11094
9011001001900000,412,14010000702443957,,,0,3014010000537447983,11121
9011001001900000,412,14010000702444929,,,0,3014010000644874160,11164
9011001001900000,412,14010000702445289,,,0,3014010000644874160,11186
9011001001900000,412,14010000702445456,,,0,3014010000644874160,11196
9011001001900000,414,14010000702456425,,,0,3014010000574353378,13248
9011001001900000,414,14010000702456644,,,0,3014010000574353378,13262
9011001001900000,414,14010000702457304,,,0,3014010000574353378,13287
9011001001900000,414,14010000702457525,,,0,3014010000574353378,13295
9011001001900000,414,14010000702457964,,,0,3014010000574353378,13311
9011001001900000,414,14010000702458618,,,0,3014010000537447983,13372
9011001001900000,389,14010000702464542,,,0,3014010000537447983,14772
9011001001900000,389,14010000702464850,,,0,3014010000537447983,14792
9011001001900000,389,14010000702465928,,,0,3014010000537447983,14862
9011001001900000,412,14010000702396539,,,0,3014010000537447983,10433
9011001001900000,412,14010000702396759,,,0,3014010000537447983,10441
9011001001900000,412,14010000702396979,,,0,3014010000537447983,10452
9011001001900000,412,14010000702397417,,,0,3014010000537447983,10477
9011001001900000,412,14010000702397635,,,0,3014010000537447983,10491
9011001001900000,412,14010000702397854,,,0,3014010000537447983,10501
9011001001900000,412,14010000702398292,,,0,3014010000537447983,10517
9011001001900000,412,14010000702398952,,,0,3014010000537447983,10542
9011001001900000,412,14010000702399172,,,0,3014010000537447983,10550
9011001001900000,412,14010000702400491,,,0,3014010000537447983,10598
9011001001900000,389,14010000702401589,,,0,3014010000537447983,14441
9011001001900000,389,14010000702402246,,,0,3014010000537447983,14465
9011001001900000,389,14010000702402464,,,0,3014010000537447983,14473
9011001001900000,389,14010000702402682,,,0,3014010000537447983,14481
9011001001900000,389,14010000702402900,,,0,3014010000537447983,14489
9011001001900000,389,14010000702404208,,,0,3014010000537447983,14537
9011001001900000,389,14010000702405299,,,0,3014010000537447983,14577
9011001001900000,389,14010000702405737,,,0,3014010000537447983,14593
9011001001900000,389,14010000702406173,,,0,3014010000537447983,14609
9011001001900000,389,14010000702408532,,,0,3014010000537447983,14697
9011001001900000,389,14010000702409114,,,0,3014010000537447983,14730
9011001001900000,412,14010000702413300,,,0,3014010000644874160,11293
9011001001900000,412,14010000702424360,,,0,3014010000537447983,10175
9011001001900000,412,14010000702424656,,,0,3014010000537447983,10186
9011001001900000,412,14010000702426765,,,0,3014010000574353378,10268
9011001001900000,412,14010000702427471,,,0,3014010000574329834,10295
9011001001900000,412,14010000702427821,,,0,3014010000537447983,10306
9011001001900000,412,14010000702428192,,,0,3014010000574329787,10319
9011001001900000,412,14010000702429007,,,0,3014010000537447983,10346
9011001001900000,412,14010000702431612,,,0,3014010000537447983,10621
9011001001900000,412,14010000702431917,,,0,3014010000537447983,10638
9011001001900000,412,14010000702433280,,,0,3014010000537447983,10691
9011001001900000,412,14010000702434879,,,0,3014010000574329834,10757
9011001001900000,412,14010000702435248,,,0,3014010000574353378,10773
9011001001900000,412,14010000702436062,,,0,3014010000574329834,10805
9011001001900000,412,14010000702438314,,,0,3014010000537447983,10887
9011001001900000,412,14010000702439165,,,0,3014010000537447983,10916
9011001001900000,412,14010000702442636,,,0,3014010000537447983,11065
9011001001900000,412,14010000702445129,,,0,3014010000644874160,11175
9011001001900000,414,14010000702456862,,,0,3014010000574353378,13271
9011001001900000,414,14010000702458190,,,0,3014010000537447983,13321
9011001001900000,414,14010000702458405,,,0,3014010000537447983,13343
9011001001900000,414,14010000702459046,,,0,3014010000537447983,13391
9011001001900000,414,14010000702459525,,,0,3014010000574329718,13414
9011001001900000,389,14010000702465157,,,0,3014010000537447983,14813
9011001001900000,412,14010000702398512,,,0,3014010000537447983,10526
9011001001900000,412,14010000702399830,,,0,3014010000537447983,10574
9011001001900000,412,14010000702400051,,,0,3014010000537447983,10582
9011001001900000,389,14010000702402028,,,0,3014010000537447983,14457
9011001001900000,389,14010000702403118,,,0,3014010000537447983,14497
9011001001900000,389,14010000702403990,,,0,3014010000537447983,14529
9011001001900000,389,14010000702405519,,,0,3014010000537447983,14585
9011001001900000,389,14010000702405955,,,0,3014010000537447983,14601
9011001001900000,389,14010000702407048,,,0,3014010000537447983,14641
9011001001900000,389,14010000702407486,,,0,3014010000537447983,14657
9011001001900000,389,14010000702407706,,,0,3014010000537447983,14665
9011001001900000,389,14010000702408356,,,0,3014010000537447983,14689
9011001001900000,389,14010000702408710,,,0,3014010000537447983,14707
9011001001900000,412,14010000702424056,,,0,3014010000537447983,10161
9011001001900000,412,14010000702426987,,,0,3014010000574353378,10275
9011001001900000,412,14010000702428854,,,0,3014010000574329787,10342
9011001001900000,412,14010000702429974,,,0,3014010000537447983,10384
9011001001900000,412,14010000702430376,,,0,3014010000537447983,10403
9011001001900000,412,14010000702430786,,,0,3014010000574329834,10421
9011001001900000,412,14010000702431729,,,0,3014010000537447983,10630
9011001001900000,412,14010000702433796,,,0,3014010000574329787,10717
9011001001900000,412,14010000702434060,,,0,3014010000574329834,10727
9011001001900000,412,14010000702436626,,,0,3014010000574353378,10827
9011001001900000,412,14010000702436667,,,0,3014010000574329787,10828
9011001001900000,412,14010000702437866,,,0,3014010000574329787,10872
9011001001900000,412,14010000702438858,,,0,3014010000574329834,10906
9011001001900000,412,14010000702440166,,,0,3014010000537447983,10957
9011001001900000,412,14010000702441428,,,0,3014010000537447983,11010
9011001001900000,412,14010000702441976,,,0,3014010000537447983,11029
9011001001900000,412,14010000702442856,,,0,3014010000537447983,11076
9011001001900000,412,14010000702443076,,,0,3014010000537447983,11085
9011001001900000,412,14010000702445611,,,0,3014010000644874160,11224
9011001001900000,414,14010000702455751,,,0,3014010000537447983,13202
9011001001900000,414,14010000702456271,,,0,3014010000574329834,13239
9011001001900000,414,14010000702457083,,,0,3014010000574353378,13279
9011001001900000,414,14010000702458832,,,0,3014010000537447983,13383
9011001001900000,414,14010000702459715,,,0,3014010000574329718,13424
9011001001900000,389,14010000702464388,,,0,3014010000537447983,14760
9011001001900000,389,14010000702465003,,,0,3014010000537447983,14803
9011001001900000,389,14010000702466070,,,0,3014010000537447983,14871
9011001001900000,389,14010000705746675,,,0,3014010000537447983,14128
9011001001900000,412,14010000705739907,,,0,3014010000644874160,11305
9011001001900000,412,14010000705740269,,,0,3014010000537447983,11339
9011001001900000,412,14010000705739135,,,0,3014010000644874160,11242
9011001001900000,412,14010000705739259,,,0,3014010000644874160,11258
9011001001900000,389,14010000705746854,,,0,3014010000537447983,14142
9011001001900000,412,14010000705739403,,,0,3014010000644874160,11273
9011001001900000,412,14010000705739598,,,0,3014010000644874160,11283
9011001001900000,389,14010000705747004,,,0,3014010000537447983,14155
9011001001900000,412,14010000711638593,,,0,3014010000360482940,11018
9011001001900000,389,14010000732413286,,,0,3014010000574329718,14073
9011001001900000,385,14010000732418806,,,0,3014010000537447983,17013
9011001001900000,389,14010000732413374,,,0,3014010000574329718,14098
9011001001900000,389,14010000732413402,,,0,3014010000574329718,14108
9011001001900000,412,14010000732404740,,,0,3014010000537447983,11311
9011001001900000,389,14010000732413330,,,0,3014010000574329718,14087
9011001001900000,389,14010000732413431,,,0,3014010000574329718,14118
9011001001900000,389,14010000732413501,,,0,3014010000574329718,14130
9011001001900000,389,14010000732413530,,,0,3014010000574329718,14143
9011001001900000,385,14010100702395031,,,0,3014010000537447983,16175
9011001001900000,385,14010100702395429,,,0,3014010000537447983,16203
9011001001900000,414,14010100702396539,,,0,3014010000537447983,12432
9011001001900000,414,14010100702397417,,,0,3014010000537447983,12476
9011001001900000,414,14010100702397635,,,0,3014010000537447983,12490
9011001001900000,414,14010100702398732,,,0,3014010000537447983,12533
9011001001900000,414,14010100702398952,,,0,3014010000537447983,12541
9011001001900000,414,14010100702399609,,,0,3014010000537447983,12565
9011001001900000,414,14010100702399830,,,0,3014010000537447983,12573
9011001001900000,414,14010100702400271,,,0,3014010000537447983,12589
9011001001900000,414,14010100702400931,,,0,3014010000537447983,12613
9011001001900000,385,14010100702394552,,,0,3014010000574329718,16149
9011001001900000,385,14010100702394898,,,0,3014010000537447983,16165
9011001001900000,385,14010100702395883,,,0,3014010000537447983,16231
9011001001900000,414,14010100702396321,,,0,3014010000537447983,12421
9011001001900000,414,14010100702396979,,,0,3014010000537447983,12451
9011001001900000,414,14010100702397854,,,0,3014010000537447983,12500
9011001001900000,414,14010100702398292,,,0,3014010000537447983,12516
9011001001900000,414,14010100702398512,,,0,3014010000537447983,12525
9011001001900000,414,14010100702400051,,,0,3014010000537447983,12581
9011001001900000,385,14010100702401809,,,0,3014010000537447983,16449
9011001001900000,414,14010100702399172,,,0,3014010000537447983,12549
9011001001900000,414,14010100702400711,,,0,3014010000537447983,12605
9011001001900000,385,14010100702402246,,,0,3014010000537447983,16465
9011001001900000,385,14010100702403990,,,0,3014010000537447983,16529
9011001001900000,385,14010100702401151,,,0,3014010000537447983,16425
9011001001900000,385,14010100702401370,,,0,3014010000537447983,16433
9011001001900000,385,14010100702402028,,,0,3014010000537447983,16457
9011001001900000,385,14010100702402682,,,0,3014010000537447983,16481
9011001001900000,385,14010100702403554,,,0,3014010000537447983,16513
9011001001900000,385,14010100702404644,,,0,3014010000537447983,16553
9011001001900000,385,14010100702404862,,,0,3014010000537447983,16561
9011001001900000,385,14010100702405080,,,0,3014010000537447983,16569
9011001001900000,385,14010100702406391,,,0,3014010000537447983,16617
9011001001900000,385,14010100702402900,,,0,3014010000537447983,16489
9011001001900000,385,14010100702404208,,,0,3014010000537447983,16537
9011001001900000,385,14010100702404426,,,0,3014010000537447983,16545
9011001001900000,385,14010100702405299,,,0,3014010000537447983,16577
9011001001900000,385,14010100702405519,,,0,3014010000537447983,16585
9011001001900000,385,14010100702405737,,,0,3014010000537447983,16593
9011001001900000,385,14010100702407706,,,0,3014010000537447983,16665
9011001001900000,385,14010100702408147,,,0,3014010000537447983,16681
9011001001900000,385,14010100702409114,,,0,3014010000537447983,16730
9011001001900000,385,14010100702410925,,,0,3014010000537447983,16823
9011001001900000,385,14010100702411126,,,0,3014010000537447983,16833
9011001001900000,385,14010100702413405,,,0,3014010000537447983,16972
9011001001900000,414,14010100702422299,,,0,3014010000574329787,12022
9011001001900000,385,14010100702408532,,,0,3014010000537447983,16697
9011001001900000,385,14010100702408913,,,0,3014010000537447983,16718
9011001001900000,414,14010100702422594,,,0,3014010000537447983,12055
9011001001900000,414,14010100702425346,,,0,3014010000537447983,12212
9011001001900000,414,14010100702426529,,,0,3014010000574329834,12258
9011001001900000,414,14010100702427095,,,0,3014010000537447983,12281
9011001001900000,385,14010100702405955,,,0,3014010000537447983,16601
9011001001900000,385,14010100702406173,,,0,3014010000537447983,16609
9011001001900000,385,14010100702406609,,,0,3014010000537447983,16625
9011001001900000,385,14010100702406829,,,0,3014010000537447983,16633
9011001001900000,385,14010100702407266,,,0,3014010000537447983,16649
9011001001900000,385,14010100702407486,,,0,3014010000537447983,16657
9011001001900000,385,14010100702408356,,,0,3014010000537447983,16689
9011001001900000,385,14010100702408710,,,0,3014010000537447983,16707
9011001001900000,385,14010100702411332,,,0,3014010000537447983,16843
9011001001900000,385,14010100702413300,,,0,3014010000644874160,16968
9011001001900000,414,14010100702423084,,,0,3014010000574329718,12099
9011001001900000,414,14010100702423464,,,0,3014010000537447983,12125
9011001001900000,414,14010100702423795,,,0,3014010000537447983,12145
9011001001900000,414,14010100702423208,,,0,3014010000537447983,12110
9011001001900000,414,14010100702424056,,,0,3014010000537447983,12160
9011001001900000,414,14010100702424360,,,0,3014010000537447983,12174
9011001001900000,414,14010100702425603,,,0,3014010000537447983,12222
9011001001900000,414,14010100702426765,,,0,3014010000574353378,12267
9011001001900000,414,14010100702426878,,,0,3014010000537447983,12271
9011001001900000,414,14010100702427471,,,0,3014010000574329834,12294
9011001001900000,414,14010100702428192,,,0,3014010000574329787,12318
9011001001900000,414,14010100702429007,,,0,3014010000537447983,12345
9011001001900000,414,14010100702430332,,,0,3014010000574329834,12401
9011001001900000,414,14010100702430786,,,0,3014010000574329834,12420
9011001001900000,414,14010100702431729,,,0,3014010000537447983,12629
9011001001900000,414,14010100702432539,,,0,3014010000537447983,12661
9011001001900000,414,14010100702432799,,,0,3014010000537447983,12671
9011001001900000,414,14010100702426797,,,0,3014010000574329834,12269
9011001001900000,414,14010100702427331,,,0,3014010000537447983,12290
9011001001900000,414,14010100702427821,,,0,3014010000537447983,12305
9011001001900000,414,14010100702428854,,,0,3014010000574329787,12341
9011001001900000,414,14010100702429230,,,0,3014010000537447983,12353
9011001001900000,414,14010100702429451,,,0,3014010000537447983,12362
9011001001900000,414,14010100702429974,,,0,3014010000537447983,12383
9011001001900000,414,14010100702430376,,,0,3014010000537447983,12402
9011001001900000,414,14010100702431917,,,0,3014010000537447983,12637
9011001001900000,414,14010100702433992,,,0,3014010000537447983,12724
9011001001900000,414,14010100702434553,,,0,3014010000537447983,12743
9011001001900000,414,14010100702434879,,,0,3014010000574329834,12756
9011001001900000,414,14010100702435843,,,0,3014010000574329834,12796
9011001001900000,414,14010100702433280,,,0,3014010000537447983,12691
9011001001900000,414,14010100702433796,,,0,3014010000574329787,12716
9011001001900000,414,14010100702434060,,,0,3014010000574329834,12726
9011001001900000,414,14010100702436330,,,0,3014010000574353378,12814
9011001001900000,414,14010100702437866,,,0,3014010000574329787,12871
9011001001900000,414,14010100702438314,,,0,3014010000537447983,12886
9011001001900000,414,14010100702438749,,,0,3014010000574329787,12901
9011001001900000,414,14010100702439507,,,0,3014010000537447983,12926
9011001001900000,414,14010100702439688,,,0,3014010000537447983,12935
9011001001900000,414,14010100702436626,,,0,3014010000574353378,12826
9011001001900000,414,14010100702437416,,,0,3014010000537447983,12855
9011001001900000,414,14010100702437968,,,0,3014010000574329834,12875
9011001001900000,414,14010100702436142,,,0,3014010000574353378,12806
9011001001900000,414,14010100702437522,,,0,3014010000574353378,12858
9011001001900000,414,14010100702438420,,,0,3014010000574353378,12889
9011001001900000,414,14010100702438858,,,0,3014010000574329834,12905
9011001001900000,414,14010100702439279,,,0,3014010000574353378,12918
9011001001900000,414,14010100702440609,,,0,3014010000537447983,12974
9011001001900000,414,14010100702439907,,,0,3014010000537447983,12945
9011001001900000,414,14010100702440384,,,0,3014010000537447983,12966
9011001001900000,414,14010100702441208,,,0,3014010000574353378,13000
9011001001900000,414,14010100702441428,,,0,3014010000537447983,13009
9011001001900000,414,14010100702441976,,,0,3014010000537447983,13028
9011001001900000,414,14010100702445289,,,0,3014010000644874160,13188
9011001001900000,414,14010100702445456,,,0,3014010000644874160,13195
9011001001900000,389,14010100702455751,,,0,3014010000537447983,14887
9011001001900000,389,14010100702456425,,,0,3014010000574353378,14932
9011001001900000,389,14010100702457083,,,0,3014010000574353378,14957
9011001001900000,414,14010100702440166,,,0,3014010000537447983,12956
9011001001900000,414,14010100702442417,,,0,3014010000537447983,13053
9011001001900000,414,14010100702443516,,,0,3014010000537447983,13103
9011001001900000,389,14010100702456862,,,0,3014010000574353378,14949
9011001001900000,414,14010100702441707,,,0,3014010000574329834,13018
9011001001900000,414,14010100702442199,,,0,3014010000537447983,13040
9011001001900000,414,14010100702442856,,,0,3014010000537447983,13075
9011001001900000,414,14010100702443076,,,0,3014010000537447983,13084
9011001001900000,414,14010100702443296,,,0,3014010000537447983,13093
9011001001900000,385,14010100702445611,,,0,3014010000644874160,16902
9011001001900000,389,14010100702457304,,,0,3014010000574353378,14965
9011001001900000,389,14010100702457964,,,0,3014010000574353378,14990
9011001001900000,389,14010100702458190,,,0,3014010000537447983,14999
9011001001900000,389,14010100702458618,,,0,3014010000537447983,15044
9011001001900000,389,14010100702458832,,,0,3014010000537447983,15054
9011001001900000,389,14010100702459715,,,0,3014010000574329718,15095
9011001001900000,389,14010100702460000,,,0,3014010000574329718,15132
9011001001900000,385,14010100702464542,,,0,3014010000537447983,16771
9011001001900000,389,14010100702458405,,,0,3014010000537447983,15018
9011001001900000,389,14010100702459046,,,0,3014010000537447983,15062
9011001001900000,389,14010100702459525,,,0,3014010000574329718,15085
9011001001900000,385,14010100702464388,,,0,3014010000537447983,16760
9011001001900000,385,14010100702465003,,,0,3014010000537447983,16803
9011001001900000,385,14010100702465157,,,0,3014010000537447983,16813
9011001001900000,389,14010100702457525,,,0,3014010000574353378,14973
9011001001900000,389,14010100702459980,,,0,3014010000574329718,15118
9011001001900000,385,14010100705739135,,,0,3014010000644874160,16919
9011001001900000,385,14010100705746675,,,0,3014010000537447983,16128
9011001001900000,385,14010100705747004,,,0,3014010000537447983,16155
9011001001900000,385,14010100705739598,,,0,3014010000644874160,16958
9011001001900000,385,14010100702395177,,,0,3014010000537447983,16189
9011001001900000,385,14010100702395672,,,0,3014010000537447983,16218
9011001001900000,385,14010100702396102,,,0,3014010000537447983,16240
9011001001900000,414,14010100702396759,,,0,3014010000537447983,12440
9011001001900000,414,14010100702397199,,,0,3014010000537447983,12462
9011001001900000,414,14010100702398073,,,0,3014010000537447983,12508
9011001001900000,414,14010100702399390,,,0,3014010000537447983,12557
9011001001900000,414,14010100702400491,,,0,3014010000537447983,12597
9011001001900000,385,14010100702401589,,,0,3014010000537447983,16441
9011001001900000,385,14010100702402464,,,0,3014010000537447983,16473
9011001001900000,385,14010100702403118,,,0,3014010000537447983,16497
9011001001900000,385,14010100702403336,,,0,3014010000537447983,16505
9011001001900000,385,14010100702403772,,,0,3014010000537447983,16521
9011001001900000,385,14010100702407048,,,0,3014010000537447983,16641
9011001001900000,385,14010100702407926,,,0,3014010000537447983,16673
9011001001900000,385,14010100702409316,,,0,3014010000537447983,16740
9011001001900000,385,14010100702409518,,,0,3014010000537447983,16750
9011001001900000,385,14010100702411530,,,0,3014010000537447983,16853
9011001001900000,414,14010100702422819,,,0,3014010000537447983,12078
9011001001900000,414,14010100702422963,,,0,3014010000537447983,12092
9011001001900000,414,14010100702424656,,,0,3014010000537447983,12185
9011001001900000,414,14010100702424900,,,0,3014010000537447983,12194
9011001001900000,414,14010100702425184,,,0,3014010000537447983,12205
9011001001900000,414,14010100702426987,,,0,3014010000574353378,12274
9011001001900000,414,14010100702428330,,,0,3014010000574329834,12323
9011001001900000,414,14010100702428781,,,0,3014010000574353378,12337
9011001001900000,414,14010100702429186,,,0,3014010000574329834,12352
9011001001900000,414,14010100702430604,,,0,3014010000537447983,12413
9011001001900000,414,14010100702431612,,,0,3014010000537447983,12620
9011001001900000,414,14010100702432135,,,0,3014010000537447983,12645
9011001001900000,414,14010100702432354,,,0,3014010000537447983,12653
9011001001900000,414,14010100702433061,,,0,3014010000537447983,12682
9011001001900000,414,14010100702435248,,,0,3014010000574353378,12772
9011001001900000,414,14010100702436062,,,0,3014010000574329834,12804
9011001001900000,414,14010100702436667,,,0,3014010000574329787,12827
9011001001900000,414,14010100702436968,,,0,3014010000574329787,12840
9011001001900000,414,14010100702439165,,,0,3014010000537447983,12915
9011001001900000,414,14010100702439643,,,0,3014010000574329834,12934
9011001001900000,414,14010100702441751,,,0,3014010000537447983,13019
9011001001900000,414,14010100702442636,,,0,3014010000537447983,13064
9011001001900000,414,14010100702443736,,,0,3014010000537447983,13111
9011001001900000,414,14010100702443957,,,0,3014010000537447983,13120
9011001001900000,414,14010100702444175,,,0,3014010000537447983,13128
9011001001900000,414,14010100702444929,,,0,3014010000644874160,13163
9011001001900000,414,14010100702445129,,,0,3014010000644874160,13174
9011001001900000,389,14010100702456271,,,0,3014010000574329834,14924
9011001001900000,389,14010100702456644,,,0,3014010000574353378,14941
9011001001900000,389,14010100702457744,,,0,3014010000574353378,14981
9011001001900000,389,14010100702458145,,,0,3014010000574353378,14998
9011001001900000,389,14010100702459885,,,0,3014010000574329718,15106
9011001001900000,385,14010100702464696,,,0,3014010000537447983,16782
9011001001900000,385,14010100702464850,,,0,3014010000537447983,16792
9011001001900000,385,14010100732413530,,,0,3014010000574329718,16143
9011001001900000,385,14010100732404740,,,0,3014010000537447983,16985
9011001001900000,385,14010100732413286,,,0,3014010000574329718,16073
9011001001900000,385,14010100732413330,,,0,3014010000574329718,16087
9011001001900000,385,14010100732413374,,,0,3014010000574329718,16098
9011001001900000,385,14010100732413402,,,0,3014010000574329718,16108
9011001001900000,385,14010100732413431,,,0,3014010000574329718,16118
9011001001900000,385,14010100705739259,,,0,3014010000644874160,16935
9011001001900000,385,14010100705739403,,,0,3014010000644874160,16947
9011001001900000,385,14010100705739907,,,0,3014010000644874160,16980
9011001001900000,385,14010100705746854,,,0,3014010000537447983,16142
9011001001900000,389,14010200702398512,,,0,3014010000537447983,14329
9011001001900000,389,14010200702399609,,,0,3014010000537447983,14369
9011001001900000,389,14010200702399830,,,0,3014010000537447983,14377
9011001001900000,389,14010200702400491,,,0,3014010000537447983,14401
9011001001900000,389,14010200702400711,,,0,3014010000537447983,14409
9011001001900000,389,14010200702396321,,,0,3014010000537447983,14249
9011001001900000,389,14010200702397417,,,0,3014010000537447983,14289
9011001001900000,389,14010200702397635,,,0,3014010000537447983,14297
9011001001900000,389,14010200702398952,,,0,3014010000537447983,14345
9011001001900000,389,14010200702399172,,,0,3014010000537447983,14353
9011001001900000,389,14010200702396539,,,0,3014010000537447983,14257
9011001001900000,389,14010200702396759,,,0,3014010000537447983,14265
9011001001900000,389,14010200702396979,,,0,3014010000537447983,14273
9011001001900000,389,14010200702397199,,,0,3014010000537447983,14281
9011001001900000,389,14010200702397854,,,0,3014010000537447983,14305
9011001001900000,389,14010200702398073,,,0,3014010000537447983,14313
9011001001900000,389,14010200702398732,,,0,3014010000537447983,14337
9011001001900000,389,14010200702399390,,,0,3014010000537447983,14361
9011001001900000,389,14010200702400051,,,0,3014010000537447983,14385
9011001001900000,389,14010200702400271,,,0,3014010000537447983,14393
9011001001900000,414,14010100711638593,,,0,3014010000360482940,13017
9011001001900000,385,14010300702397417,,,0,3014010000537447983,16289
9011001001900000,385,14010300702398073,,,0,3014010000537447983,16313
9011001001900000,385,14010300702400271,,,0,3014010000537447983,16393
9011001001900000,385,14010300702400931,,,0,3014010000537447983,16417
9011001001900000,385,14010300702396539,,,0,3014010000537447983,16257
9011001001900000,385,14010300702396979,,,0,3014010000537447983,16273
9011001001900000,385,14010300702397199,,,0,3014010000537447983,16281
9011001001900000,385,14010300702398292,,,0,3014010000537447983,16321
9011001001900000,385,14010300702397635,,,0,3014010000537447983,16297
9011001001900000,385,14010300702397854,,,0,3014010000537447983,16305
9011001001900000,385,14010300702398732,,,0,3014010000537447983,16337
9011001001900000,385,14010300702398952,,,0,3014010000537447983,16345
9011001001900000,385,14010300702399172,,,0,3014010000537447983,16353
9011001001900000,385,14010300702399609,,,0,3014010000537447983,16369
9011001001900000,385,14010300702400711,,,0,3014010000537447983,16409
9011001001900000,385,14010300702399390,,,0,3014010000537447983,16361
9011001001900000,385,14010300702399830,,,0,3014010000537447983,16377
9011001001900000,385,14010300702400491,,,0,3014010000537447983,16401
9011001001900000,385,14010100732413501,,,0,3014010000574329718,16130
9011001001900000,389,14010200702398292,,,0,3014010000537447983,14321
9011001001900000,389,14010200702400931,,,0,3014010000537447983,14417
9011001001900000,385,14010300702396321,,,0,3014010000537447983,16249
9011001001900000,385,14010300702396759,,,0,3014010000537447983,16265
9011001001900000,385,14010300702398512,,,0,3014010000537447983,16329
9011001001900000,385,14010300702400051,,,0,3014010000537447983,16385
